Reporting range=["Quarterly"],Select year=["2024"],Select quarter=["1"]
"ASIN title",ASIN,Category,"Impressions: Impressions","Impressions: Rating (Median)","Impressions: Price (Median)","Impressions: Same-Day Shipping Speed","Impressions: 1D-Shipping Speed","Impressions: 2D-Shipping Speed","Clicks: Clicks","Clicks: Click Rate (CTR)","Clicks: Price (Median)","Clicks: Same-Day Shipping Speed","Clicks: 1D-Shipping Speed","Clicks: 2D-Shipping Speed","Basket Adds: Basket Adds","Basket Adds: Price (Median)","Basket Adds: Same-Day Shipping Speed","Basket Adds: 1D-Shipping Speed","Basket Adds: 2D-Shipping Speed","Purchases: Purchases","Purchases: Search Traffic Sales","Purchases: Conversion Rate %","Purchases: Rating (Median)","Purchases: Price (Median)","Purchases: Same-Day Shipping Speed","Purchases: 1D-Shipping Speed","Purchases: 2D-Shipping Speed","Reporting Date"
"Sister Gifts From Sister, Brother - Birthday Gifts For Sister - Mothers Day Gifts For Sister, Soul Sister, Big Sister, Little Sister, Sister In Law, Sibling, Bestie, BFF, Women - 12 Oz Tumbler","B07W5KH9PJ","Home","35",,,"0","0","0","0","0.0",,"0","0","0","0",,"0","0","0","0","0.0",,,,"0","0","0","2024-03-31"
"Mothers Day Gifts for Mum - Mum Gifts from Daughter, Son, Kids, Husband - Funny Gifts for Mum, Her, Women, Wife - Best Birthday Presents for Mum, Mother, New Mum, Pregnant Mum - 12 Oz Tumbler","B07Y7ZQ265","Kitchen","1322848",,"14.98","191736","987035","97207","9701","0.73","14.98","1362","7261","738","2324","14.98","347","1732","163","475","7611.48","4.9",,"14.98","79","351","28","2024-03-31"
"30th Birthday Gifts for Women - 1991 30th Birthday Decorations For Her - Mothers Day Gifts - Talk Thirty To Me Dirty 30 Gifts for Her, Best Friend, Wife, Daughter, Girlfriend - 12 oz Wine Tumbler","B085DT7SXL","Home","44",,"66.56","0","0","0","0","0.0",,"0","0","0","0",,"0","0","0","0","0.0",,,,"0","0","0","2024-03-31"
"NEWELEVEN Dad Gifts from Daughter, Son, Kids, Wife - Birthday Gift for Dad, Husband, Men - Best Present Idea for Father, Husband, Bonus Dad from Daughter, Son, Wife - 20 Oz Tumbler","B088GX79HT","Kitchen","20367",,"18.99","72","6700","4322","140","0.69","18.99","0","40","31","25","18.99","0","11","3","1","18.99","0.71",,"18.99","0","1","0","2024-03-31"
"40th Birthday Gifts For Women - 1982 40th Birthday Decorations For Women - Gifts For Women Turning 40 - 40 Year Old Birthday Gifts For Mom, Wife, Sisters - Wine Tumbler","B089QFK8NV","Home","175",,"36.97","0","0","0","0","0.0",,"0","0","0","0",,"0","0","0","0","0.0",,,,"0","0","0","2024-03-31"
"50th Birthday Gifts For Women - 1971 50th Birthday Decorations For Women - Gifts For Women Turning 50 - Mothers Day Gifts 50 Year Old Gifts For Women, Mom, Wife - 12 oz Wine Tumbler","B089QFYLFB","Home","26",,"69.18","0","0","0","0","0.0",,"0","0","0","0",,"0","0","0","0","0.0",,,,"0","0","0","2024-03-31"
"Aprons For Men With Pockets - Christmas Gifts - Gifts For Men, Dad - Birthday Gifts for Men, Dad, Husband, Boyfriend, Him - Grill Cooking BBQ Kitchen Chef Apron","B08CDFWN1Q","Apparel","37",,"56.79","0","0","0","0","0.0",,"0","0","0","0",,"0","0","0","0","0.0",,,,"0","0","0","2024-03-31"
"NewEleven 21st Birthday Gifts For Women - 2002 21st Birthday Decorations For Women - Gifts For Women Turning 21 - 21 Year Old Birthday Gifts For Her, Daughter, Sisters, Friends - 12 oz Wine Tumbler","B08R8NVFHH","Kitchen","50",,"34.71","0","0","0","0","0.0",,"0","0","0","0",,"0","0","0","0","0.0",,,,"0","0","0","2024-03-31"
"Gifts For Grandma - Grandma Birthday Gifts - Mothers Day Gifts For Grandma, Grandmother, First Time Grandma, Nana, Gigi, Mimi, Grammy From Grandchildren, Granddaughter, Grandson - 12 Oz Wine Tumbler","B08R8P65YM","Kitchen","133",,"39.76","0","0","0","0","0.0",,"0","0","0","0",,"0","0","0","0","0.0",,,,"0","0","0","2024-03-31"
"NewEleven Birthday Gifts for Auntie - Auntie Birthday Gifts - Aunt Gifts for Auntie from Niece, Nephew - Best Auntie Gifts for Auntie, Special Auntie, Auntie Mug, Aunty Gift - 12 Oz Wine Tumbler","B08R8P896F","Kitchen","43801",,"14.98","314","22141","15320","389","0.89","14.98","5","198","143","117","14.98","2","64","41","26","389.48","6.68",,"14.98","0","13","12","2024-03-31"
"NewEleven 60th Birthday Gifts for Women - 1964 60th Birthday Decorations for Women - Birthday Gifts for 60 Year Old Woman - 60 Years Old Gifts Ideas for Women Turning 60-12 oz Wine Tumbler","B08R8PXYL6","Kitchen","40138",,"9.98","4432","26881","6499","558","1.39","7.98","68","377","85","183","7.98","25","121","24","27","261.4","4.84",,"7.98","3","20","2","2024-03-31"
"40th Birthday Gifts For Men, Women - 1983 40th Birthday Decorations For Men, Women - Gifts for Women Turning 40 - 40 Year Old Gifts For Men, Him, Her, Husband, Wife - 20 Oz Tumbler","B08R8R2LQF","Kitchen","118712",,"19.98","11814","69337","12932","918","0.77","19.98","76","465","105","257","19.98","24","175","32","53","1058.94","5.77",,"19.98","4","38","7","2024-03-31"
"NEWELEVEN Bridal Shower Gifts - Wedding Gifts for Bride - Bride to Be, Bachelorette Gifts, Engagement Gifts for Women - Bride Gifts for Bride to Be, Fiancee, Wifey, Her - 12 Oz Tumbler","B08R8R7T36","Kitchen","213142",,"18.98","28959","143502","22897","1554","0.73","18.98","174","1046","200","446","18.98","47","291","54","62","1176.76","3.99",,"18.98","5","41","10","2024-03-31"
"Retirement Gifts For Women 2021 - Retired Gifts For Women - Retirement Party Decorations - Fun Retirement Gifts For Women, Retired People, Colleagues, Friends - 12 Oz Wine Tumbler","B08R8SSBWV","Kitchen","44",,"30.89","0","0","0","0","0.0",,"0","0","0","0",,"0","0","0","0","0.0",,,,"0","0","0","2024-03-31"
"NewEleven 50th Birthday Gifts for Men, Women - 1974 50th Birthday Decorations for Men, Women - Gifts for Women Turning 50-50 Year Old Gifts for Men, Dad, Mom, Husband, Wife - 20 Oz Tumbler","B08R8SW1NM","Kitchen","6145",,"13.98","3","2175","2759","75","1.22","13.98","1","24","34","28","13.98","1","9","10","3","41.94","4.0",,"13.98","0","3","0","2024-03-31"
"NEWELEVEN Leaving Gifts for Colleagues Women Men - Good Luck, New Job Gifts Leaving Presents for Colleagues - Funny, Sorry Your Leaving Gifts for Coworkers, Colleagues, Boss - 20 Oz Tumbler (White)","B08Y8RZRHG","Kitchen","170",,"66.78","0","0","0","0","0.0",,"0","0","0","0",,"0","0","0","0","0.0",,,,"0","0","0","2024-03-31"
"Gifts For Mum From Daughter, Son - Birthday Gifts For Mum - Mothers Day Gifts For Mum, Wife, Women - Funny Birthday Presents From Daughter, Son, Husband - 20 0z Tumbler","B08ZKX6YK9","Kitchen","253",,,"0","0","0","1","0.4",,"0","0","0","0",,"0","0","0","0","0.0","0.0",,,"0","0","0","2024-03-31"
"NEWELEVEN Dad Gifts from Daughter, Son, Kids, Wife - Birthday Gift for Dad, Husband, Men - Best Present Idea for Father, Husband, Bonus Dad from Daughter, Son, Wife - 20 Oz Tumbler","B08ZKZ1FJK","Kitchen","129244",,"16.99","2551","58650","25589","862","0.67","16.99","16","405","195","175","16.99","3","102","40","35","593.29","4.06",,"16.99","1","25","5","2024-03-31"
"NewEleven Retirement Gifts for Women 2024 - Birthday Gifts for Women Best Friend - Friendship Gifts - Colleagues Leaving Gifts, Farewell Gifts, Goodbye Gift for Women - 12Oz Wine Tumbler","B08ZRWW1W4","Kitchen","106665",,"14.98","3483","79661","18075","992","0.93","14.98","40","763","139","233","14.98","12","183","25","44","704.1","4.44",,"14.98","3","34","4","2024-03-31"
"Aprons For Men With Pockets - Valentines Day Gifts For Him, Men, Dad, Husband, Him - Birthday Gifts For Men, Dad, Husband, Boyfriend, Him, Brother, Uncle - Grill Cooking BBQ Kitchen Chef Apron","B08ZYGT8SH","Apparel","95",,"35.71","0","0","0","1","1.05","36.97","0","0","0","0",,"0","0","0","0","0.0","0.0",,,"0","0","0","2024-03-31"
"NEWELEVEN Leaving Gifts for Colleagues Women Men - Good Luck, New Job Gifts Leaving Presents for Colleagues - Funny, Sorry Your Leaving Gifts for Coworkers, Colleagues, Boss - 20 Oz Tumbler (Black)","B092HNBJT6","Kitchen","390",,"37.42","0","0","0","1","0.26","37.42","0","0","0","0",,"0","0","0","0","0.0","0.0",,,"0","0","0","2024-03-31"
"Grandad Gifts - Grandad Birthday Gifts - Best Grandad Gifts From Grandchildren - Presents For Grandad, Grandfather, New Grandad, Promoted To Grandad, Grandparents - 20 Oz Tumbler","B094CFGN42","Home","43",,"65.29","0","0","0","0","0.0",,"0","0","0","0",,"0","0","0","0","0.0",,,,"0","0","0","2024-03-31"
"Retirement Gifts For Women 2021 - Retired Gifts For Women - Female Retirement Gifts - Coworker Leaving Gifts, Farewell Gifts, Goodbye Gift For Women, Colleagues, Coworkers, Friends - 20 Oz Tumble","B095S16WV3","Kitchen","18",,"30.32","0","0","0","0","0.0",,"0","0","0","0",,"0","0","0","0","0.0",,,,"0","0","0","2024-03-31"
"Retirement Gifts For Men Women 2021 - Retired Gifts For Women, Men - Retirement Party Decorations - Fun Retirement Gifts For Women, Men, Retired People, Coworkers, Friends - 20 Oz Tumbler","B095S1818R","Kitchen","10",,"66.78","0","0","0","0","0.0",,"0","0","0","0",,"0","0","0","0","0.0",,,,"0","0","0","2024-03-31"
"NewEleven Birthday Gifts for Men, Friends - Inspirational Gifts for Men, Dad, Husband, Him, Friend - Thank You Gifts, Appreciation Gifts, Graduation Gifts for Men - 20oz Tumblers","B0978WGWY4","Kitchen","206798",,"14.98","1499","115715","71699","1692","0.82","14.98","12","1020","542","365","14.98","5","239","97","71","1093.54","4.2",,"14.98","1","43","21","2024-03-31"
"Sister Gifts From Sister, Brother - Birthday Gifts For Sister - Funny Best Sister Gifts For Soul Sister, Big Sister, Little Sister, Sister In Law, Bestie, BFF, Women - 20 Oz Tumbler","B0978YSWP3","Kitchen","15",,"68.45","0","0","0","0","0.0",,"0","0","0","0",,"0","0","0","0","0.0",,,,"0","0","0","2024-03-31"
"NewEleven Gifts for Brother - Funny Brother Gifts from Sister, Brother - Birthday Gifts for Him, Brother, Big Brother - Presents for Brothers from Sisters - 20Oz Tumbler","B09792XF8F","Kitchen","26901",,"16.98","161","9429","8139","143","0.53","16.98","1","56","38","44","16.98","1","19","14","8","135.84","5.59",,"16.98","0","0","6","2024-03-31"
"Gifts For Mom From Daughter, Son, Kids - Valentines Day Gifts For Mom, Women, Wife - Funny Best Birthday Gifts Ideas For Mom, Mother, Wife, New Mom, Bonus Mom, Mom To Be, Mother In Law - 20 Oz Tumbler","B097B9H21P","Kitchen","87",,"35.71","0","0","0","1","1.15","35.71","0","0","0","0",,"0","0","0","0","0.0","0.0",,,"0","0","0","2024-03-31"
"Gifts For Dad From Daughter, Son, Kids - Birthday Gifts For Dad - Gifts For Husband, Men - Best Dad Bday Present Idea For Father, Bonus Dad, Men, Him From Daughter, Son, Wife - 20 Oz Tumbler","B097B9SY89","Kitchen","52",,"35.71","0","0","0","2","3.85","30.7","0","0","0","0",,"0","0","0","0","0.0","0.0",,,"0","0","0","2024-03-31"
"Christmas Gifts For Uncle - Best Uncle Ever Gifts - Funny Uncle Gifts From Niece, Nephew - Uncle Birthday Gifts - Best Gifts For New Uncle, Funcle, Uncle Announcement - 20 Oz Tumbler","B097H6PJCN","Kitchen","9372",,"34.18","0","92","105","52","0.55","34.18","0","1","0","3","18.98","0","1","0","1","18.98","1.92",,"18.98","0","0","0","2024-03-31"
"NEWELEVEN Bride to Be Gifts for Her - Wedding Gifts for Bride - Bridal Shower Gift, Bachelorette Gifts for Bride - Engagement Gifts for Women - Bridal Gifts for Bride to Be, Fiancee - 20 Oz Tumbler","B09B9PKM9M","Kitchen","24168",,"19.98","4157","17322","1550","212","0.88","19.98","38","146","14","62","19.98","12","40","5","8","159.84","3.77",,"19.98","2","4","2","2024-03-31"
"Best Friend Birthday Gifts, Sisters Gifts From Sister - Friendship Gifts For Women - Birthday Gifts For Friends Female, Bff, Besties - 20 Oz Tumbler","B09BZ98BCS","Kitchen","5",,"23.03","0","0","0","0","0.0",,"0","0","0","0",,"0","0","0","0","0.0",,,,"0","0","0","2024-03-31"
"NEWELEVEN Finally 1","B09DCKFVFK","Kitchen","26",,,"0","0","0","0","0.0",,"0","0","0","0",,"0","0","0","0","0.0",,,,"0","0","0","2024-03-31"
"NEWELEVEN Finally 9","B09DCL19QV","Kitchen","53",,,"0","0","0","0","0.0",,"0","0","0","0",,"0","0","0","0","0.0",,,,"0","0","0","2024-03-31"
"NEWELEVEN Finally 2","B09DCL5HRC","Kitchen","34",,,"0","0","0","0","0.0",,"0","0","0","0",,"0","0","0","0","0.0",,,,"0","0","0","2024-03-31"
"NEWELEVEN Finally 10","B09DCL7BZ9","Kitchen","52",,,"0","0","0","0","0.0",,"0","0","0","0",,"0","0","0","0","0.0",,,,"0","0","0","2024-03-31"
"NEWELEVEN Finally 4","B09DCLLZBV","Kitchen","63",,,"0","0","0","0","0.0",,"0","0","0","0",,"0","0","0","0","0.0",,,,"0","0","0","2024-03-31"
"NEWELEVEN Finally 3","B09DCM1Y33","Kitchen","48",,,"0","0","0","0","0.0",,"0","0","0","0",,"0","0","0","0","0.0",,,,"0","0","0","2024-03-31"
"NEWELEVEN Finally 7","B09DCM3LG9","Kitchen","38",,,"0","0","0","0","0.0",,"0","0","0","0",,"0","0","0","0","0.0",,,,"0","0","0","2024-03-31"
"NEWELEVEN Finally 6","B09DCM6X1L","Kitchen","52",,,"0","0","0","0","0.0",,"0","0","0","0",,"0","0","0","0","0.0",,,,"0","0","0","2024-03-31"
"NEWELEVEN Finally 1","B09DCNZLVH","Kitchen","37",,,"0","0","0","0","0.0",,"0","0","0","0",,"0","0","0","0","0.0",,,,"0","0","0","2024-03-31"
"NEWELEVEN Finally 5","B09DCPFLJH","Kitchen","62",,,"0","0","0","0","0.0",,"0","0","0","0",,"0","0","0","0","0.0",,,,"0","0","0","2024-03-31"
"NEWELEVEN Finally 17","B09DY4X3CG","Kitchen","40",,,"0","0","0","0","0.0",,"0","0","0","0",,"0","0","0","0","0.0",,,,"0","0","0","2024-03-31"
"NEWELEVEN Finally 22","B09DY54FRH","Kitchen","31",,,"0","0","0","0","0.0",,"0","0","0","0",,"0","0","0","0","0.0",,,,"0","0","0","2024-03-31"
"NEWELEVEN Finally 18","B09DY5F64F","Kitchen","56",,,"0","0","0","0","0.0",,"0","0","0","0",,"0","0","0","0","0.0",,,,"0","0","0","2024-03-31"
"NEWELEVEN Finally 12","B09DY5QQ78","Kitchen","39",,,"0","0","0","0","0.0",,"0","0","0","0",,"0","0","0","0","0.0",,,,"0","0","0","2024-03-31"
"NEWELEVEN Finally 20","B09DY5RK4W","Kitchen","49",,,"0","0","0","0","0.0",,"0","0","0","0",,"0","0","0","0","0.0",,,,"0","0","0","2024-03-31"
"NEWELEVEN Finally 19","B09DY5Y566","Kitchen","49",,,"0","0","0","0","0.0",,"0","0","0","0",,"0","0","0","0","0.0",,,,"0","0","0","2024-03-31"
"NEWELEVEN Finally 15","B09DY61NW3","Kitchen","39",,,"0","0","0","0","0.0",,"0","0","0","0",,"0","0","0","0","0.0",,,,"0","0","0","2024-03-31"
"NEWELEVEN Finally 10","B09DY69RV7","Kitchen","55",,,"0","0","0","0","0.0",,"0","0","0","0",,"0","0","0","0","0.0",,,,"0","0","0","2024-03-31"
"NEWELEVEN Finally 30","B09DY6NRKH","Kitchen","51",,,"0","0","0","0","0.0",,"0","0","0","0",,"0","0","0","0","0.0",,,,"0","0","0","2024-03-31"
"NEWELEVEN Finally 25","B09DY6T6T6","Kitchen","49",,,"0","0","0","0","0.0",,"0","0","0","0",,"0","0","0","0","0.0",,,,"0","0","0","2024-03-31"
"NEWELEVEN Finally 23","B09DY6VS7F","Kitchen","51",,,"0","0","0","0","0.0",,"0","0","0","0",,"0","0","0","0","0.0",,,,"0","0","0","2024-03-31"
"NEWELEVEN Finally 10","B09DY6YL89","Kitchen","65",,,"0","0","0","0","0.0",,"0","0","0","0",,"0","0","0","0","0.0",,,,"0","0","0","2024-03-31"
"NEWELEVEN Finally 27","B09DY6ZD2K","Kitchen","48",,,"0","0","0","0","0.0",,"0","0","0","0",,"0","0","0","0","0.0",,,,"0","0","0","2024-03-31"
"NEWELEVEN Finally 10","B09DY75YDQ","Kitchen","66",,,"0","0","0","0","0.0",,"0","0","0","0",,"0","0","0","0","0.0",,,,"0","0","0","2024-03-31"
"NEWELEVEN Finally 26","B09DY76ZW7","Kitchen","73",,,"0","0","0","0","0.0",,"0","0","0","0",,"0","0","0","0","0.0",,,,"0","0","0","2024-03-31"
"NEWELEVEN Finally 28","B09DY778NC","Kitchen","85",,,"0","0","0","0","0.0",,"0","0","0","0",,"0","0","0","0","0.0",,,,"0","0","0","2024-03-31"
"NEWELEVEN Finally 21","B09DY7C15G","Kitchen","89",,,"0","0","0","0","0.0",,"0","0","0","0",,"0","0","0","0","0.0",,,,"0","0","0","2024-03-31"
"NEWELEVEN Finally 24","B09DY7G8DV","Kitchen","123",,,"0","0","0","0","0.0",,"0","0","0","0",,"0","0","0","0","0.0",,,,"0","0","0","2024-03-31"
"NEWELEVEN Finally 11","B09DY7SQLL","Kitchen","91",,,"0","0","0","0","0.0",,"0","0","0","0",,"0","0","0","0","0.0",,,,"0","0","0","2024-03-31"
"NEWELEVEN Finally 10","B09DY8XYM3","Kitchen","134",,,"0","0","0","0","0.0",,"0","0","0","0",,"0","0","0","0","0.0",,,,"0","0","0","2024-03-31"
"30th Birthday Gifts For Her - 1992 30th Birthday Decorations For Women Her - 30 Year Old Gifts, 30 Birthday Idea Presents For Women, Her, Wife, Daughter, Girlfriend, Friends, Sisters - 20 Oz Tumbler","B09S8KNXQK","Kitchen","23",,"61.15","0","0","0","0","0.0",,"0","0","0","0",,"0","0","0","0","0.0",,,,"0","0","0","2024-03-31"
"Bird Watching Gifts, Bird Lover Gifts - Bird Gifts For Bird Lovers Men Women - Funny Birding Gifts For Birders, Bird Watchers, Bird Lovers, Men, Women, Friends, Coworkers - 20 Oz Tumbler","B09S9PGL4T","Kitchen","54",,"80.68","0","0","0","0","0.0",,"0","0","0","0",,"0","0","0","0","0.0",,,,"0","0","0","2024-03-31"
"NewEleven Birthday Gifts for Women, Friends - Birthday Gifts for Women – Female Friendship Gifts for Women - Best Presents for Mom, Her, BFF, Bestie - 20 Oz Tumbler","B09TT1GGMM","Kitchen","8028",,"14.98","98","4493","1898","64","0.8","14.98","0","42","14","5","14.98","0","3","0","1","14.98","1.56",,"14.98","0","1","0","2024-03-31"
"Gifts For Men - Fathers Day Giftss, Retirement, 30th 40th 50th 60th 70th 80th Birthday Gifts For Men - Funny Gag Gifts For Husband, Dad, Uncle, Grandpa, Brother, Boss, Coworker - 20Oz Beer Glass","B09V4PBVVB","Kitchen","39",,"22.23","0","0","0","0","0.0",,"0","0","0","0",,"0","0","0","0","0.0",,,,"0","0","0","2024-03-31"
"NewEleven Leaving Gifts for Colleagues Women Men - Good Luck, New Job Gifts, Leaving Presents for Colleagues - Funny, Sorry Your Leaving Gifts for Colleagues, Boss, Friends - 20 Oz Tumbler","B09XDFF8FF","Kitchen","189339",,"19.98","31499","136483","15790","3777","1.99","19.98","549","2811","301","543","19.98","83","392","53","146","2917.08","3.87",,"19.98","20","103","16","2024-03-31"
"Retirement Gifts For Women 2022 - Retired Gifts For Women - Female Retirement Gifts - Coworker Leaving Gifts, Farewell Gifts, Goodbye Gift For Women, Colleagues, Coworkers, Friends - 20 Oz Tumbler","B09XDFLNR8","Kitchen","13",,"35.71","0","0","0","0","0.0",,"0","0","0","0",,"0","0","0","0","0.0",,,,"0","0","0","2024-03-31"
"Retirement Gifts For Men Women 2023 - Retired Gifts For Men, Women - Retirement Party Decorations - Fun Retirement Gifts For Women, Men, Retired People, Coworkers, Friends - 20 Oz Tumbler","B09XXP5V2W","Kitchen","8399",,"9.99","414","5446","1530","100","1.19","9.99","6","66","17","22","9.99","3","19","0","8","79.92","8.0",,"9.99","1","7","0","2024-03-31"
"Retirement Gifts For Men Women 2022 - Retired Gifts For Women, Men - Retirement Party Decorations - Fun Retirement Gifts For Women, Men, Retired People, Coworkers, Friends - 20 Oz Tumbler (Black)","B09YCTFXYV","Kitchen","13",,"71.5","0","0","0","0","0.0",,"0","0","0","0",,"0","0","0","0","0.0",,,,"0","0","0","2024-03-31"
"NewEleven Coworker Leaving Gifts - Farewell Gifts, Going Away Gift For Coworker - New Job, Goodbye, Good Luck Gifts For Coworkers, Colleagues, Boss, Men, Women, Friends - 20 Oz Tumbler","B09ZYCD6GX","Kitchen","1",,"70.92","0","0","0","0","0.0",,"0","0","0","0",,"0","0","0","0","0.0",,,,"0","0","0","2024-03-31"
"NewEleven Birthday Mum Gifts from Daughter, Son, Kids, Husband - Funny Gifts for Mum, Women, Wife - Birthday Gifts for Mum, Mother, Wife, New Mum, Bonus Mum, Mum to Be - Lavender Candle 8 Oz","B0B1TW5QVP","Home","43711",,"7.99","1094","22038","14402","503","1.15","7.99","13","258","184","182","7.99","3","94","74","35","287.64","6.96",,"7.99","0","22","11","2024-03-31"
"Birthday Gifts for Women - Best Friend Giftss for Women – Female Friendship Gifts, Sisters Gifts from Sister - Mothers Day Gifts, Funny Presents for Mom, Her, BFF, Bestie - 20 Oz Tumbler","B0B28X47J7","Home","1280",,"9.99","111","550","47","6","0.47","6.75","0","1","0","2","6.75","0","0","0","0","0.0","0.0",,,"0","0","0","2024-03-31"
"NewEleven Retirement Gifts For Women 2024 - Happy Retirement Gifts - Coworker Leaving Gifts, Farewell Gifts, Goodbye Gifts For Coworkers, Friends - 12 Oz Tumbler","B0B2WGL9ZW","Kitchen","8",,"36.51","0","0","0","0","0.0",,"0","0","0","0",,"0","0","0","0","0.0",,,,"0","0","0","2024-03-31"
"NEWELEVEN Birthday Gifts for Grandad - Funny Grandpa Birthday Gifts - Best Birthday Gifts for Grandad, Grandfather, New Grandad, Promoted to Grandad from Grandchildren, Grandkids - 20 Oz Tumbler","B0B3J8KS9H","Kitchen","85340",,"14.98","4756","56011","11442","540","0.63","14.98","32","373","79","171","14.98","10","124","22","34","509.32","6.3",,"14.98","1","25","4","2024-03-31"
"NEWELEVEN Leaving Gifts for Colleagues Women Men - Good Luck, New Job Gifts Leaving Presents for Colleagues - Funny, Sorry Your Leaving Gifts for Coworkers, Colleagues, Boss - 20 Oz Tumbler","B0B3J9CRB6","Kitchen","67883",,"17.98","3830","50229","11565","756","1.11","17.98","39","570","123","184","17.98","11","141","27","37","673.26","4.89",,"17.98","4","29","3","2024-03-31"
"Gifts for Mom from Daughter, Son - Birthday Gifts for Mom - Mom Candle Gifts for Mom, Wife, Women - Funny Bday Presents for Mom, New Mom from Daughter, Son, Husband - Lavender Candle 8 Oz","B0B5RJWDFX","Home","29",,"57.26","0","0","0","0","0.0",,"0","0","0","0",,"0","0","0","0","0.0",,,,"0","0","0","2024-03-31"
"Birthday Gifts For Women - Thank You Gifts, Women Gifts, Graduation Gifts, Inspirational Gifts For Women, Best Friend, Sister, Mom, Wife, Aunt, Her, Daughter, Coworker, Employee - 20 Oz Tumbler","B0B68YP7N8","Kitchen","14",,"70.92","0","0","0","0","0.0",,"0","0","0","0",,"0","0","0","0","0.0",,,,"0","0","0","2024-03-31"
"NewEleven 30th Birthday Gifts For Her - 30th Birthday Decorations For Women Her - 30 Birthday Idea Presents For Women, Her, Wife, Daughter, Girlfriend, Friends, Sisters - 12 Oz Tumbler","B0B69QP6DS","Kitchen","13",,"62.39","0","0","0","0","0.0",,"0","0","0","0",,"0","0","0","0","0.0",,,,"0","0","0","2024-03-31"
"Gifts For Grandma - Grandma Birthday Gifts - Nana Gifts, Mimi Gifts, Gigi Gifts For Grandma - Best Grandma Gifts From Grandchildren, Grandkids - First Time Grandma, Grammy Gifts - 20 Oz Tumbler","B0B6BTSHMG","Kitchen","14",,"83.91","0","0","0","0","0.0",,"0","0","0","0",,"0","0","0","0","0.0",,,,"0","0","0","2024-03-31"
"40th Birthday Gifts For Women - Vintage 1982 40th Birthday Decorations For Women, Her - Best 40 Year Old Gifts Ideas For Wife, Mom, Friends, Sister - Turning 40 Presents For Female - 12Oz Wine Tumbler","B0B7M62T24","Kitchen","32",,"66.53","0","0","0","0","0.0",,"0","0","0","0",,"0","0","0","0","0.0",,,,"0","0","0","2024-03-31"
"NewEleven 50th Birthday Gifts For Men Women - 1973 50th Birthday Decorations For Men Women - Gifts For Women Turning 50-50 Year Old Gifts For Men, Women, Mom, Dad, Wife, Husband - 20 Oz Tumbler","B0B7N8PWN3","Kitchen","56",,"31.27","0","0","0","1","1.79","30.7","0","0","0","0",,"0","0","0","0","0.0","0.0",,,"0","0","0","2024-03-31"
"NewEleven Coworker Leaving Gifts - Farewell Gifts, Going Away Gift For Coworker - New Job Gifts, Goodbye Gifts, Good Luck Gifts For Coworkers, Friends, Boss, Men, Women - 20 Oz Tumbler","B0B9RHZGFG","Kitchen","4",,"75.63","0","0","0","0","0.0",,"0","0","0","0",,"0","0","0","0","0.0",,,,"0","0","0","2024-03-31"
"Retirement Gifts For Women 2023 - Retired Gifts For Women - Female Retirement Gifts - Coworker Leaving Gifts, Farewell Gifts, Goodbye Gift For Women, Colleagues, Coworkers, Friends - 12Oz Wine Tumbler","B0B9RLH8RV","Kitchen","154",,"59.53","0","0","0","0","0.0",,"0","0","0","0",,"0","0","0","0","0.0",,,,"0","0","0","2024-03-31"
"Bride To Be Gifts For Her - Wedding Gifts For Bride - Bridal Shower Engagement Gifts For Women - Bachelorette Gifts For Bride, Fiancee, Wifey - Bachelorette Party Decorations - 16 Oz Coffee Glass","B0B9SCJVV7","Kitchen","134",,"78.31","0","0","0","0","0.0",,"0","0","0","0",,"0","0","0","0","0.0",,,,"0","0","0","2024-03-31"
"Gifts For Mom From Daughter, Son, Kids - Birthday Gifts For Mom - Best Bday Presents For Mom, Mother, Wife, New Mom, Bonus Mom, Mother In Law, Mama From Daughter, Son, Husband - 16 Oz Coffee Glass","B0B9SF2R4R","Kitchen","9",,"28.98","0","0","0","0","0.0",,"0","0","0","0",,"0","0","0","0","0.0",,,,"0","0","0","2024-03-31"
"Christmas Gifts For Women - Birthday Gifts For Women, Best Friend, Mom, Sister, Wife, Coworkers, Her, Girlfriend, Daughter - Gifts For Female Friends, Mother In Law, Grandma, Boss - 16 Oz Coffee Glass","B0B9SGJGSV","Kitchen","36",,"86.89","0","0","0","0","0.0",,"0","0","0","0",,"0","0","0","0","0.0",,,,"0","0","0","2024-03-31"
"Inspirational Gifts For Women - Graduation Motivational Congratulations Encouragement Gifts For Women, Her, Best Friend - Going Away New Job Promotion Gifts For Coworker, Boss - 16 Oz Coffee Glass","B0B9SKGQWF","Kitchen","25",,"30.32","0","0","0","0","0.0",,"0","0","0","0",,"0","0","0","0","0.0",,,,"0","0","0","2024-03-31"
"Gifts For Mom From Daughter, Son, Kids - Birthday Gifts For Mom - Best Bday Presents For Mom, Mother, Wife, New Mom, Bonus Mom, Mother In Law, Mama From Daughter, Son, Husband - 16 Oz Coffee Glass","B0BC8QLF1R","Kitchen","5",,"58.5","0","0","0","0","0.0",,"0","0","0","0",,"0","0","0","0","0.0",,,,"0","0","0","2024-03-31"
"Gifts For Wife From Husband - Wife Gifts, Birthday Gifts For Wife - Romantic Anniversary Wedding Gifts For Wife, Her From Husband - Best Bday Presents Ideas For Wife, Her, Women - 16 Oz Coffee Glass","B0BC8RQ4NG","Kitchen","6",,"35.73","0","0","0","0","0.0",,"0","0","0","0",,"0","0","0","0","0.0",,,,"0","0","0","2024-03-31"
"Aunt Gifts - Aunt Birthday Gift - Mothers Day Gifts For Aunt From Niece, Nephew - Best Aunt Ever Gifts, Best Auntie Gifts For Aunt, Aunt Announcement, Promoted To Aunt - Coffee Glass","B0BC8SB3Y4","Kitchen","34",,"63.55","0","0","0","1","2.94","64.13","0","0","0","0",,"0","0","0","0","0.0","0.0",,,"0","0","0","2024-03-31"
"Gifts For Mom From Daughter, Son, Kids - Christmas Gifts For Mom, Women, Wife - Best Birthday Gifts For Mom, Mother, Wife, Bonus Mom, Mothers In Law From Daughter, Son, Husband - 22 Oz Wine Glass","B0BC8TKH8X","Kitchen","21",,"65.79","0","0","0","0","0.0",,"0","0","0","0",,"0","0","0","0","0.0",,,,"0","0","0","2024-03-31"
"Sister Gifts From Sister, Brother - Birthday Gifts For Sister - Best Funny Unique Bday Presents For Big Sister, Little Sister, Sister In Law, Sibling, Best Friend, Bestie, Women - Coffee Glass","B0BC8WBYW7","Kitchen","42",,"59.99","0","0","0","0","0.0",,"0","0","0","0",,"0","0","0","0","0.0",,,,"0","0","0","2024-03-31"
"NewEleven Gifts For Wife, Her - Wife Gifts From Husband - Gifts For Her - Wife Gift Ideas For Women, Bride To Be, Fiancee, Wifey - 16 Oz Coffee Glass","B0BDLH8KX3","Kitchen","2",,"64.71","0","0","0","0","0.0",,"0","0","0","0",,"0","0","0","0","0.0",,,,"0","0","0","2024-03-31"
"21st Birthday Gifts For Her - 2002 21st Birthday Decorations For Her - Best 21 Year Old Bday Gifts Idea For Women, Best Friends, Daughter, Sister - Finally 21 Present For Female - 16 Oz Coffee Glass","B0BHVNXBS6","Kitchen","26",,"66.2","0","0","0","0","0.0",,"0","0","0","0",,"0","0","0","0","0.0",,,,"0","0","0","2024-03-31"
"NewEleven 16Oz Coffee Glass Cups With Lids And Straws - Iced Coffee Cup With Bamboo Lids And Glass Straws For Boba, Smoothie, Cocktail - Beer Can Shaped Glass, Cute Reusable Tumbler Coffee Cups","B0BHVNXNYL","Kitchen","43",,"72.59","0","0","0","0","0.0",,"0","0","0","0",,"0","0","0","0","0.0",,,,"0","0","0","2024-03-31"
"Birthday Gifts For Women - Thank You Gifts, Women Gifts, Graduation Gifts, Inspirational Gifts For Women, Best Friend, Sister, Mom, Wife, Aunt, Her, Daughter, Coworker, Employee - 16 Oz Coffee Glass","B0BHVYX576","Kitchen","13",,"24.95","0","0","0","0","0.0",,"0","0","0","0",,"0","0","0","0","0.0",,,,"0","0","0","2024-03-31"
"NewEleven Gifts For Mom From Daughter, Son, Kids - Mothers Day Gifts For Mom, Wife, Women - Best Birthday Gifts For Mom, Mother, Wife, Bonus Mom, Mama From Daughter, Son, Husband - 16Oz Coffee Glass","B0BHWDNYVL","Kitchen","13",,"66.2","0","0","0","0","0.0",,"0","0","0","0",,"0","0","0","0","0.0",,,,"0","0","0","2024-03-31"
"Gifts For Mom From Daughter, Son, Kids - Birthday Gifts For Mom - Best Bday Presents For Mom, Mother, Wife, New Mom, Bonus Mom, Mother In Law, Mama From Daughter, Son, Husband - 16 Oz Coffee Glass Mom","B0BHWKY43D","Kitchen","6",,"49.09","0","0","0","0","0.0",,"0","0","0","0",,"0","0","0","0","0.0",,,,"0","0","0","2024-03-31"
"NewEleven 40th Birthday Gifts For Men, Women - 1983 40th Birthday Decorations For Men, Women - Gifts for Women Turning 40 - 40 Year Old Gifts For Husband, Wife, Dad, Mom - 16 Oz Coffee Beer Can Glass","B0BP7QTHL6","Kitchen","40",,"24.79","0","0","0","0","0.0",,"0","0","0","0",,"0","0","0","0","0.0",,,,"0","0","0","2024-03-31"
"Sister Gifts From Sister - Birthday Gifts For Sister - Best Funny Bday Presents For Big Sister, Little Sister, Sister In Law, Sibling, Soul Sister, Best Friend, Bestie, Women - 16 Oz Coffee Glass","B0BPXZJSW1","Kitchen","18",,"64.71","0","0","0","0","0.0",,"0","0","0","0",,"0","0","0","0","0.0",,,,"0","0","0","2024-03-31"
"50th Birthday Gifts For Women - Vintage 1973 50th Birthday Decorations For Women - Best 50 Year Old Gifts Ideas For Wife, Mom, Sister, Friends - Turning 50 Presents For Female - 22 Oz Wine Glass","B0BR3MWM32","Kitchen","55",,"65.21","0","0","0","1","1.82","65.21","0","0","0","0",,"0","0","0","0","0.0","0.0",,,"0","0","0","2024-03-31"
"Christmas Gifts For Women - Best Friend Birthday Gifts For Women – Female Friendship Gifts, Sisters Gifts From Sister - Funny Bday Presents Unique Gifts For Her, BFF, Bestie - 16 Oz Coffee Glass","B0BRB5SPYZ","Kitchen","26",,"66.2","0","0","0","0","0.0",,"0","0","0","0",,"0","0","0","0","0.0",,,,"0","0","0","2024-03-31"
"30th Birthday Gifts For Her Him - 1993 30th Birthday Decorations For Him Her - 30 Year Old Gifts, 30 Birthday Idea Presents For Men, Women, Friends, Sister, Brother - 16 Oz Coffee Beer Can Glass","B0BRB6C2YB","Kitchen","48",,"82.19","0","0","0","1","2.08","82.19","0","0","0","0",,"0","0","0","0","0.0","0.0",,,"0","0","0","2024-03-31"
"Sister Gifts From Sister, Brother - Birthday Gifts For Sister - Best Funny Unique Bday Presents For Big Sister, Little Sister, Sister In Law, Sibling, Best Friend, Bestie, Women - 16 Oz Coffee Glass","B0BRB6J55H","Kitchen","22",,"64.13","0","0","0","0","0.0",,"0","0","0","0",,"0","0","0","0","0.0",,,,"0","0","0","2024-03-31"
"NewEleven 40th Birthday Gifts For Men, Women - 1983 40th Birthday Decorations For Men, Women - Gifts for Women Turning 40-40 Year Old Gifts For Husband, Wife, Dad, Mom - 16 Oz Coffee Beer Can Glass","B0BRB6M62N","Kitchen","56",,"74.5","0","0","0","0","0.0",,"0","0","0","0",,"0","0","0","0","0.0",,,,"0","0","0","2024-03-31"
"Coworker Leaving Gifts - Farewell Gifts, Going Away Gift For Coworker - New Job, Goodbye, Good Luck Gifts For Coworkers, Colleagues, Boss, Work Bestie, Women, Friends - 16 Oz Coffee Glass","B0BRB6NJCT","Kitchen","23",,"69.21","0","0","0","0","0.0",,"0","0","0","0",,"0","0","0","0","0.0",,,,"0","0","0","2024-03-31"
"Sister Gifts From Sister, Brother - Birthday Gifts For Sister - Best Funny Unique Bday Presents For Big Sister, Little Sister, Sister In Law, Sibling, Best Friend, Bestie, Women - 16 Oz Coffee Glass","B0BRCBT14P","Kitchen","11",,"64.13","0","0","0","0","0.0",,"0","0","0","0",,"0","0","0","0","0.0",,,,"0","0","0","2024-03-31"
"Bride To Be Gifts For Her - Wedding Gifts For Bride - Bridal Shower Engagement Gifts For Women - Bachelorette Gifts For Bride, Fiancee, Wifey - Bachelorette Party Decorations - 16 Oz Coffee Glass","B0BRCCZLL8","Kitchen","8",,"70.59","0","0","0","0","0.0",,"0","0","0","0",,"0","0","0","0","0.0",,,,"0","0","0","2024-03-31"
"Birthday Gifts For Women - Best Friend Giftss for Women – Female Friendship Gifts, Sisters Gifts From Sister - Funny Bday Presents Unique Gifts For Her, BFF, Bestie, Soul Sister - 16 Oz Coffee Glass","B0BRCDZRSP","Kitchen","32",,"66.2","0","0","0","1","3.13","66.2","0","0","0","0",,"0","0","0","0","0.0","0.0",,,"0","0","0","2024-03-31"
"Bride To Be Gifts For Her - Wedding Gifts For Bride - Bridal Shower Engagement Gifts For Women - Bachelorette Gifts For Bride, Fiancee, Wifey - Bachelorette Party Decorations - 16 Oz Coffee Glass","B0BRCF697N","Kitchen","5",,"64.13","0","0","0","0","0.0",,"0","0","0","0",,"0","0","0","0","0.0",,,,"0","0","0","2024-03-31"
"NewEleven Dog Mom Gifts For Women - Dog Lovers Gifts For Women, Dog Owners, Dog Mama, Dog Mom, Fur Mama - Cute Funny Birthday Gifts For Women, Best Friend, Girlfriend, Coworker - 16 Oz Coffee Glass","B0BRCG7S9H","Kitchen","21",,"64.13","0","0","0","0","0.0",,"0","0","0","0",,"0","0","0","0","0.0",,,,"0","0","0","2024-03-31"
"Cat Gifts For Cat Lovers - Mothers Day Gifts For Cat Mom, Cat Lover, Cat Lady - Cute Cat Stuff, Cat Themed Gifts For Women - Funny Birthday Gifts For Her, Women, Best Friend - 16 Oz Coffee Glass","B0BRCJ5VYH","Kitchen","31",,"66.2","0","0","0","0","0.0",,"0","0","0","0",,"0","0","0","0","0.0",,,,"0","0","0","2024-03-31"
"NewEleven Gifts For Sister From Sister, Brother - Unique Birthday Present For Sister, Soul Sister, Big Sister, Little Sister, Sister In Law, Sibling, Bestie - 16 Oz Coffee Glass","B0BYCSHGYX","Kitchen","44",,"23.32","0","0","0","0","0.0",,"0","0","0","0",,"0","0","0","0","0.0",,,,"0","0","0","2024-03-31"
"Birthday Gifts For Women - Mental Health, Daily Reminder, Daily Affirmations Cup - Inspirational Gifts For Women, Best Friend, Sister, Mom, Wife, Aunt, Her, Daughter, Coworker - 16 Oz Coffee Glass","B0BYDBPSBQ","Kitchen","644",,"24.98","0","0","0","22","3.42","23.17","0","0","0","3","23.08","0","0","0","0","0.0","0.0",,,"0","0","0","2024-03-31"
"Book Lovers Gifts For Women - Book Accessories, Bookish Gifts For Readers, Librarian, Bookaholic, Bookworm - Birthday Gifts For Women, Best Friend, Sister, Coworkers, Her – 16 Oz Coffee Glass","B0BYDDFNBD","Kitchen","19",,"25.63","0","0","0","0","0.0",,"0","0","0","0",,"0","0","0","0","0.0",,,,"0","0","0","2024-03-31"
"Birthday Gifts For Women - Best Friend Giftss for Women – Female Friendship Gifts, Sisters Gifts From Sister - Funny Birthday Presents Unique Gag Gifts For BFF, Bestie, Coworker - Lavender Candle 8 Oz","B0BYHP62T5","Home","28",,"71.74","0","0","0","0","0.0",,"0","0","0","0",,"0","0","0","0","0.0",,,,"0","0","0","2024-03-31"
"NewEleven Birthday Gifts For Women - Inspirational Gifts For Women, Sister, Friend - Thank You Gifts, Appreciation Gifts, Graduation Gifts For Women, Nurse, Teacher, Coworker - 16 Oz Coffee Glass","B0C148LHY5","Kitchen","4",,"23.16","0","0","0","0","0.0",,"0","0","0","0",,"0","0","0","0","0.0",,,,"0","0","0","2024-03-31"
"Housewarming Gifts For Women - House Warming Gifts New Home - Housewarming Gift, New House Gifts, First Apartment, New Home - Funny Gift Ideas For Housewarming - 16 Oz Coffee Glass","B0C1SJBGYP","Kitchen","4",,"23.2","0","0","0","0","0.0",,"0","0","0","0",,"0","0","0","0","0.0",,,,"0","0","0","2024-03-31"
"Birthday Gifts For Dad From Daughter, Son, Kids - Gift For Dad, New Dad, Husband, Men - Funny Present Idea, Beer gifts For Father, Husband, Bonus Dad From Daughter, Son, Wife - Big Grip Beer Stein","B0C1TCXBJS","Kitchen","46",,"19.38","0","0","0","1","2.17","19.08","0","0","0","0",,"0","0","0","0","0.0","0.0",,,"0","0","0","2024-03-31"
"NewEleven 30th Birthday Gifts For Her - 1993 30th Birthday Decorations For Women - 30th Birthday Ideas For Women, Sister, Friends - 16 Oz Coffee Glass","B0C23Z96SX","Kitchen","21",,"22.8","0","0","0","0","0.0",,"0","0","0","0",,"0","0","0","0","0.0",,,,"0","0","0","2024-03-31"
"40th Birthday Gifts for Men Women - Vintage 1983 40th Birthday Decorations for Men Women - 40 Year Old Gifts for Men, White, One size","B0C6DJ732K","Apparel","3",,"24.54","0","0","0","0","0.0",,"0","0","0","0",,"0","0","0","0","0.0",,,,"0","0","0","2024-03-31"
"30th Birthday Gifts for Men Women - Vintage 1993 30th Birthday Decorations for Men Women, Black, One size","B0C6DJDMBT","Apparel","8",,"24.78","0","0","0","0","0.0",,"0","0","0","0",,"0","0","0","0","0.0",,,,"0","0","0","2024-03-31"
"40th Birthday Gifts for Men Women - Vintage 1983 40th Birthday Decorations for Men Women - 40 Year Old Gifts for Men, Black, One size","B0C6DL59L9","Apparel","1",,"28.54","0","0","0","0","0.0",,"0","0","0","0",,"0","0","0","0","0.0",,,,"0","0","0","2024-03-31"
"Coworker Leaving Gifts - Farewell Gifts, Going Away Gift For Coworker - New Job, Goodbye, Good Luck Gifts For Coworkers, Colleagues, Boss, Work Bestie, Women, Friends - 16 Oz Coffee Glass","B0C9C2TTSR","Kitchen","80",,"22.4","0","0","0","0","0.0",,"0","0","0","0",,"0","0","0","0","0.0",,,,"0","0","0","2024-03-31"
"NewEleven Gifts For Coworker - Coworker Gifts For Women – Funny Gifts For Coworker, Friends, Work Bestie – Thoughtful Gifts, Appreciation Gifts For Coworker, Employee, Friends – 16 Oz Coffee Glass","B0CBJQZCFY","Kitchen","24",,"23.46","0","0","0","0","0.0",,"0","0","0","0",,"0","0","0","0","0.0",,,,"0","0","0","2024-03-31"
"Christmas Gifts For Nurse - Nurse Gifts For Women - Nurse Appreciation Gifts For Nurses, Nursing Student, Nurse Practitioner, Registered Nurse - RN Gifts For Nurses Women - 16 Oz Coffee Glass","B0CBJR253J","Kitchen","19",,"23.48","0","0","0","0","0.0",,"0","0","0","0",,"0","0","0","0","0.0",,,,"0","0","0","2024-03-31"
"Book Lovers Gifts For Women - Book Accessories, Bookish Gifts for Readers, Librarian, Bookaholic, Bookworm - Birthday Gifts For Women, Best Friend, Sister, Coworkers, Her – 16 Oz Coffee Glass","B0CCDLWRTD","Kitchen","94",,"25.67","0","0","0","3","3.19","25.55","0","0","0","2","25.55","0","0","0","0","0.0","0.0",,,"0","0","0","2024-03-31"
"NewEleven Birthday Gifts For Men - Inspirational Gifts For Men, Dad, Husband, Boyfriend - Thank You Gifts, Appreciation Gifts, Graduation Gifts For Men, Nurse, Teacher, Coworker - 20 Oz Tumbler Navy","B0CDLQFJK6","Kitchen","85",,"90.77","0","0","0","3","3.53","90.77","0","0","0","0",,"0","0","0","0","0.0","0.0",,,"0","0","0","2024-03-31"
"NewEleven Gifts for Men, Women - Funny Gag Gifts Ideas for Dad, Mom, Grandpa, Grandma, Husband, Wife, Uncle, Him - 40th 50th 60th 70th 80th Birthday Gifts for Men Women – 20 Oz Tumbler","B0CDLQGPKC","Kitchen","118527",,"17.98","13675","93221","7850","480","0.4","17.98","65","371","32","119","17.98","22","86","10","31","577.38","6.46",,"17.98","7","20","3","2024-03-31"
"NewEleven Coworker Leaving Gifts - Farewell Gifts, Going Away Gift For Coworker - New Job Gifts, Goodbye Gifts, Good Luck Gifts For Coworkers, Friends, Boss, Men, Women - 20 Oz Tumbler (Navy)","B0CDLSGXDY","Kitchen","50",,"28.44","0","0","0","0","0.0",,"0","0","0","0",,"0","0","0","0","0.0",,,,"0","0","0","2024-03-31"
"NewEleven Coworker Gifts For Women – Chaos Coordinator Gifts For Women, Men, Boss, Manager, Coworker - Thank you, Appreciation, Inspirational Gifts For Teacher, Nurse, Social Worker – 20 Oz Tumbler","B0CFQ4CDD5","Kitchen","111",,"90.77","0","0","0","1","0.9","90.77","0","0","0","0",,"0","0","0","0","0.0","0.0",,,"0","0","0","2024-03-31"
"NewEleven Mothers Day Gifts For Wife From Husband - Romantic Anniversary Wedding Gifts For Wife, Her From Husband - Best Presents Idea For Wife, Women - 20 Oz Tumbler","B0CHFDJGN6","Kitchen","67",,"25.98","0","0","0","0","0.0",,"0","0","0","0",,"0","0","0","0","0.0",,,,"0","0","0","2024-03-31"
"NewEleven Garage Gifts For Dad, Men - Funny Birthday Gifts For Dad, Men, Car Guys - Unique Present Idea For Father, Papa, Husband, Uncle, Guys From Daughter, Son, Kids, Wife - 20 Oz Tumbler","B0CHJ1V1RR","Kitchen","135",,"22.6","0","0","0","3","2.22","20.54","0","0","0","0",,"0","0","0","0","0.0","0.0",,,"0","0","0","2024-03-31"
"Gifts For Nurse - Birthday Gifts For Nurse - Best Bday Presents For Mom, Mother, Wife, New Mom, Bonus Mom, Mama From Daughter, Son, Husband - 20 Oz Tumbler","B0CHJ2B24X","Kitchen","21",,"75.12","0","0","0","0","0.0",,"0","0","0","0",,"0","0","0","0","0.0",,,,"0","0","0","2024-03-31"
"NewEleven Coworker Gifts For Women – Chaos Coordinator Gifts For Women, Men, Boss, Manager, Coworker - Thank you, Appreciation, Inspirational Gifts For Teacher, Nurse, Social Worker – 20 Oz Tumbler","B0CHJ3W9SQ","Kitchen","24",,"27.9","0","0","0","0","0.0",,"0","0","0","0",,"0","0","0","0","0.0",,,,"0","0","0","2024-03-31"
"2024 Gifts For New Mom – Pregnancy Gifts For First Time Mom, Pregnant Mom, Expecting Mom, Mom To Be, Mommy To Be - 16 Oz Coffee Glass","B0CJ2BCCG3","Kitchen","24",,"25.07","0","0","0","1","4.17","25.49","0","0","0","0",,"0","0","0","0","0.0","0.0",,,"0","0","0","2024-03-31"
"NEWELEVEN Birthday Gifts for Mum, Wife from Daughter, Son, Kids, Husband - Mum Gifts - Unique Birthday Gifts for Mum, Mother, Wife, New Mum, Bonus Mum, Pregnant Mum - 20 Oz Tumbler","B0CJLFZXWL","Kitchen","16630",,"14.98","1096","8544","4976","175","1.05","14.98","10","94","48","38","14.98","4","17","13","8","119.84","4.57",,"14.98","0","3","3","2024-03-31"
"Gifts For Mom - Birthday Gifts For Mom From Daughter, Son, Kids - Unique Present for New Mom Tote Bag, Cool Aunt Club White, One Size","B0CJLGYNFX","Shoes","81",,"27.59","0","0","0","1","1.23","23.41","0","0","0","0",,"0","0","0","0","0.0","0.0",,,"0","0","0","2024-03-31"
"NewEleven Mom Gifts - Birthday Gifts For Mom, Mama Wife From Daughter, Son, Kids, Husband - Tote Bag, White, One Size","B0CJLNJYVQ","Shoes","18",,"22.06","0","0","0","0","0.0",,"0","0","0","0",,"0","0","0","0","0.0",,,,"0","0","0","2024-03-31"
"Gifts For Mom - Birthday Gifts For Mom From Daughter, Son, Kids - Unique Present for New Mom Tote Bag, Cool Mom Club White, One Size","B0CJLNQD3T","Shoes","32",,"27.22","0","0","0","0","0.0",,"0","0","0","0",,"0","0","0","0","0.0",,,,"0","0","0","2024-03-31"
"2024 Gifts For New Mom – Pregnancy Gifts For First Time Mom, Pregnant Mom, Expecting Mom, Mom To Be, Mommy To Be - 16 Oz Coffee Glass","B0CKYKPBNV","Kitchen","225",,"25.15","0","0","0","1","0.44","25.74","0","0","0","0",,"0","0","0","0","0.0","0.0",,,"0","0","0","2024-03-31"
"NewEleven 30th Birthday Gifts For Her Women - 1994 30th Birthday Decorations For Women - 30 Year Old Gifts Idea For Women, Friends, Sister - 16 Oz Coffee Glass - 16 Oz Coffee Glass","B0CKYM9HQW","Kitchen","132",,"27.16","0","0","0","0","0.0",,"0","0","0","0",,"0","0","0","0","0.0",,,,"0","0","0","2024-03-31"
"NewEleven 40th Birthday Gifts For Women, Her - 1984 40th Birthday Decorations For Women - 40 Year Old Gifts For Her, Women, Mom, Wife, Sister, Friends - 16 Oz Coffee Glass","B0CKYN27VS","Kitchen","342",,"28.22","0","0","0","1","0.29","27.6","0","0","0","0",,"0","0","0","0","0.0","0.0",,,"0","0","0","2024-03-31"
"Christmas Gifts For Dad - Birthday Gifts For Dad From Daughter - Husband Gifts - Unique Birthday Present Ideas For Father, Husband, New Dad, Bonus Dad From Daughter - 20 Oz Tumbler Black","B0CM5R5BDX","Kitchen","17",,"25.55","0","0","0","0","0.0",,"0","0","0","0",,"0","0","0","0","0.0",,,,"0","0","0","2024-03-31"
"Christmas Gifts For Dad - Birthday Gifts For Dad From Daughter - Husband Gifts - Unique Birthday Present Ideas For Father, Husband, New Dad, Bonus Dad From Daughter - 20 Oz Tumbler Navy","B0CM5RY3QS","Kitchen","33",,"25.44","0","0","0","0","0.0",,"0","0","0","0",,"0","0","0","0","0.0",,,,"0","0","0","2024-03-31"
"NEWELEVEN Dad Gifts from Daughter, Son, Kids, Wife - Birthday Gift for Dad, Husband, Men - Best Present Idea for Father, Husband, Bonus Dad from Daughter, Son, Wife - 20 Oz Tumbler","B0CQ2HR9WG","Kitchen","87601",,"19.98","25529","55971","3487","881","1.01","19.98","250","568","36","152","19.98","43","100","6","32","619.36","3.63",,"19.98","12","18","2","2024-03-31"
"NEWELEVEN Mothers Day Gifts for Auntie - Auntie Birthday Gifts - Aunt Gifts for Auntie from Niece, Nephew - Best Auntie Gifts for Auntie, Special Auntie, Auntie Mug, Aunty Gift - 16 Oz Coffee Glass","B0CQK1NB66","Kitchen","46964",,"16.98","8864","33559","3042","429","0.91","16.98","78","311","27","150","16.98","24","112","11","27","480.42","6.29",,"16.98","5","19","2","2024-03-31"
"Mothers Day Gifts For Mum - Gifts For Mum From Daughter, Son, Kids - Mothers Day Gifts For Mum, Her, Women, Wife - Best Birthday Presents For Mum, Mother, New Mum, Pregnant Mum - 16 Oz Coffee Glass","B0CQK1SY2M","Kitchen","148165",,"14.98","31468","107004","6375","749","0.51","14.98","146","559","33","173","14.98","47","118","8","32","487.36","4.27",,"14.98","11","21","0","2024-03-31"
"NEWELEVEN Mothers Day Gifts for Mum - Gifts for Mum, Wife from Daughter, Son, Kids, Husband - Mum Gifts - Unique Birthday Gifts for Mum, Mother, Wife, New Mum, Bonus Mum, Pregnant Mum - 20 Oz Tumbler","B0CQLL3M3G","Kitchen","159546",,"14.98","49698","101074","5874","1920","1.2","14.98","668","1156","73","345","14.98","132","197","12","76","1141.48","3.96",,"14.98","30","45","1","2024-03-31"
"NEWELEVEN Mothers Day Gifts for Mum - Gifts for Mum, Wife from Daughter, Son, Kids, Husband - Mum Gifts - Unique Birthday Gifts for Mum, Mother, Wife, New Mum, Bonus Mum, Pregnant Mum - 20 Oz Tumbler","B0CRDKX5NB","Kitchen","28091",,"17.98","8465","17625","992","274","0.98","17.93","101","154","7","63","14.98","29","32","2","17","284.66","6.2",,"17.98","8","7","2","2024-03-31"
"NewEleven Gifts For Grandpa - Grandpa Birthday Gifts From Granddaughter, Grandson - Unique Birthday Present Ideas For Grandfather, New Grandpa, Promoted To Grandpa - 14 Oz Tumbler Navy","B0CXXCSPC2","Kitchen","2",,"26.32","0","0","0","0","0.0",,"0","0","0","0",,"0","0","0","0","0.0",,,,"0","0","0","2024-03-31"
"NewEleven Gifts For Dad, Men - Funny Birthday Gifts For Dad, Husband - Present Idea For Father, New Dad, Papa, Bonus Dad, Husband, Uncle, Guys From Daughter, Son, Kids, Wife - 14 Oz Tumbler","B0CXXG46HR","Kitchen","3",,"22.21","0","0","0","0","0.0",,"0","0","0","0",,"0","0","0","0","0.0",,,,"0","0","0","2024-03-31"
