Reporting Range=["Monthly"],Select year=["2025"],Select month=["April"],Brand=["NEWELEVEN"]
"ASIN title",ASIN,Category,"Impressions: Impressions","Impressions: Rating (Median)","Impressions: Price (Median)","Impressions: Same-Day Shipping Speed","Impressions: 1D Shipping Speed","Impressions: 2D Shipping Speed","Clicks: Clicks","Clicks: Click Rate (CTR)","Clicks: Price (Median)","Clicks: Same-Day Shipping Speed","Clicks: 1D Shipping Speed","Clicks: 2D Shipping Speed","Cart Adds: Cart Adds","Cart Adds: Price (Median)","Cart Adds: Same-Day Shipping Speed","Cart Adds: 1D Shipping Speed","Cart Adds: 2D Shipping Speed","Purchases: Purchases","Purchases: Search Traffic Sales","Purchases: Conversion Rate %","Purchases: Rating (Median)","Purchases: Price (Median)","Purchases: Same-Day Shipping Speed","Purchases: 1D Shipping Speed","Purchases: 2D Shipping Speed","Reporting Date"
"Gifts for Mom from Daughter, Son, Kids - Mothers Day Gifts for Mom, Women, Wife - Funny Best Birthday Gifts Ideas for Mom, Mother, Wife, New Mom, Bonus Mom, Mom to Be, Mother in Law - 12 Oz Tumbler","B07Y7ZQ265","Kitchen","55148",,"22.98","1650","28875","13209","336","0.61","22.98","5","164","73","88","22.98","2","40","20","20","459.6","5.95",,"22.98","2","14","1","2025-04-30"
"Gifts for Dad from Daughter, Son, Kids - Birthday Gifts for Dad, New Dad - Fathers Day Gift for Dad, Husband, Men - Best Dad Bday Present Idea for a Father, Men, Him - Dad Mug, 20 Oz Tumbler","B088GX79HT","Kitchen","4164",,"22.98","103","2071","945","38","0.91","22.98","0","20","9","20","22.98","0","11","5","7","160.86","18.42",,"22.98","0","6","0","2025-04-30"
"40th Birthday Gifts Women - 1984 40th Birthday Decorations for Women - Gifts for Women Turning 40-40 Year Old Gifts for Her, Wife, Mom, Friends - 12 Oz Wine Tumbler","B089QFK8NV","Kitchen","24",,"46.16","0","0","0","0","0.0",,"0","0","0","0",,"0","0","0","0","0.0",,,,"0","0","0","2025-04-30"
"50th Birthday Gifts for Women - 1974 50th Birthday Decorations for Women - Gifts for Women Turning 50 - Mothers Day Gifts 50 Year Old Gifts for Women, Mom, Wife - 12 oz Wine Tumbler","B089QFYLFB","Kitchen","19653",,"24.98","912","12532","3626","173","0.88","24.98","13","111","35","88","24.98","6","55","16","32","949.24","18.5",,"24.98","2","18","7","2025-04-30"
"NewEleven Fathers Day Gift For Men, Dad, Husband, Him - Aprons For Men With Pockets - Funny Gifts For Men, Dad, Husband, Boyfriend, Him, Brother, Uncle - Grill Cooking BBQ Kitchen Chef Apron","B08CDFWN1Q","Apparel","11514",,"18.98","94","5533","3526","84","0.73","18.98","0","38","25","29","18.98","0","14","7","7","133.86","8.33",,"18.98","0","3","2","2025-04-30"
"60th Birthday Gifts for Women - 1965 60th Birthday Decorations for Women - Birthday Gifts for 60 Year Old Woman - 60 Years Old Gifts Ideas for Woman Turning 60, Mom, Wife, Friends- 12 oz Wine Tumbler","B08R8PXYL6","Kitchen","19888",,"24.98","1114","13224","3261","138","0.69","24.98","10","90","17","68","24.98","4","48","6","18","449.64","13.04",,"24.98","1","14","1","2025-04-30"
"40th Birthday Gifts for Men, Women - 1984 40th Birthday Decorations for Men, Women - Gifts for Women Turning 40-40 Year Old Gifts for Men, Him, Her, Husband, Wife, Dad, Mom, Friends - 20 Oz Tumbler","B08R8R2LQF","Kitchen","19757",,"24.98","700","12957","3601","199","1.01","24.98","8","130","30","102","24.98","4","69","14","36","924.26","18.09",,"24.98","3","22","7","2025-04-30"
"50th Birthday Gifts for Women Men - 1973 50th Birthday Decorations for Men Women - Gifts for Women Turning 50-50 Year Old Gifts for Women, Men, Mom, Dad, Husband, Wife - 20 Oz Tumbler","B08R8SW1NM","Kitchen","103",,"39.04","0","0","0","0","0.0",,"0","0","0","0",,"0","0","0","0","0.0",,,,"0","0","0","2025-04-30"
"NEWELEVEN Coworker Leaving Gift - Farewell, Going Away, New Job, Goodbye, Good Luck for Colleagues, Boss, Men, Women, Friends - 20 Oz Tumbler","B08Y8RZRHG","Kitchen","14",,"52.17","0","0","0","0","0.0",,"0","0","0","0",,"0","0","0","0","0.0",,,,"0","0","0","2025-04-30"
"Gifts for Dad from Daughter, Son, Kids - Birthday Gifts for Dad, New Dad - Fathers Day Gift for Dad, Husband, Men - Best Dad Bday Present Idea for a Father, Men, Him - Dad Mug, 20 Oz Tumbler","B08ZKZ1FJK","Kitchen","31246",,"22.98","2046","18500","5991","173","0.55","22.98","9","108","35","64","22.98","4","41","13","15","344.7","8.67",,"22.98","1","13","1","2025-04-30"
"NewEleven Retirement Gift for Women 2024 - Happy Retirement, Coworker Leaving, Farewell, Goodbye for Coworkers, Friends - 12 Oz Tumbler","B08ZRWW1W4","Kitchen","31785",,"23.98","1674","21622","4661","321","1.01","23.98","18","229","44","156","23.98","15","107","20","41","983.18","12.77",,"23.98","6","31","2","2025-04-30"
"NewEleven Fathers Day Gift For Men, Dad, Husband, Him - Aprons For Men With Pockets - Funny Gifts For Men, Dad, Husband, Boyfriend, Him, Brother, Uncle - Grill Cooking BBQ Kitchen Chef Apron","B08ZYGT8SH","Apparel","3737",,"19.98","21","577","781","40","1.07","19.98","1","7","9","12","19.98","0","2","1","4","79.92","10.0",,"19.98","0","1","0","2025-04-30"
"NewEleven Aprons For Men With Pockets - Gifts For Men, Dad - Birthday Gifts for Men, Dad, Husband, Boyfriend, Him - Grill Cooking BBQ Kitchen Chef Apron","B091F4PHBQ","Apparel","6849",,"19.98","176","2245","2126","90","1.31","19.98","1","26","28","24","19.98","0","9","4","10","219.78","11.11",,"19.98","0","3","2","2025-04-30"
"Funny Aprons For Men With Pockets - Gifts For Boyfriend, Husband - Husband Gifts From Wife - Birthday Gifts For Husband, Men, Him, Boyfriend, Fiance, Friends - Grill Cooking Bbq Kitchen Chef Apron","B091F544N7","Apparel","8864",,"18.98","283","3546","2427","223","2.52","18.98","9","93","57","46","18.98","1","23","10","17","341.64","7.62",,"18.98","1","9","3","2025-04-30"
"NewEleven Coworker Leaving Gifts - Farewell Gifts, Going Away Gift For Coworker - New Job, Goodbye, Good Luck Gift For Coworkers, Colleagues, Boss, Men, Women, Friends - 20 Oz Tumbler","B092HNBJT6","Kitchen","14",,"54.67","0","0","0","0","0.0",,"0","0","0","0",,"0","0","0","0","0.0",,,,"0","0","0","2025-04-30"
"NewEleven Fathers Day Gift For Grandpa From Granddaughter, Grandson - Birthday Present Ideas For Grandfather, New Grampa, Promoted To Grandfather, Grandchildren, Grandkid - 20 Oz Tumbler","B094CFGN42","Kitchen","25",,,"0","0","0","0","0.0",,"0","0","0","0",,"0","0","0","0","0.0",,,,"0","0","0","2025-04-30"
"NewEleven Retirement Gifts For Woman 2025 - Retired Gift For Coworker Leaving - Farewell, Goodbye Presents For Women, Coworkers, Friends - 20 Oz Tumbler","B095S16WV3","Kitchen","9",,"41.02","0","0","0","0","0.0",,"0","0","0","0",,"0","0","0","0","0.0",,,,"0","0","0","2025-04-30"
"NewEleven Retirement Gifts For Woman 2025 - Happy Retirement Gifts For Coworker Leaving - Farewell, Goodbye Presents For Women, Coworkers, Friends - 20 Oz Tumbler","B095S1818R","Kitchen","3",,"56.52","0","0","0","0","0.0",,"0","0","0","0",,"0","0","0","0","0.0",,,,"0","0","0","2025-04-30"
"NewEleven Gifts For Him, Men - Gift For Men, Women, Dad, Husband, Friend - Thank You Gifts, Appreciation Gift, Graduation Presents For Men, Nurse, Teacher, Boss, Coworker - 20 Oz Tumbler","B0978WGWY4","Kitchen","1256",,"19.98","27","782","287","9","0.72","19.98","0","5","3","6","19.98","0","4","1","2","39.96","22.22",,"19.98","0","2","0","2025-04-30"
"NewEleven Gifts for Brother - Brother Gifts from Sister, Brother - Big Brother Gifts, Little Brother Gifts - Birthday Gifts for Brothers from Sisters, Brother, Siblings - 20 Oz Tumbler","B09792XF8F","Kitchen","31794",,"22.98","911","19129","7028","138","0.43","22.98","7","75","25","57","22.98","3","28","14","12","275.76","8.7",,"22.98","2","5","2","2025-04-30"
"NewEleven Gifts for Mom - Gifts for Mom from Daughter, Son, Kids - Unique Birthday Gifts for Mom, Mother, Wife, New Mom, Bonus Mom, Pregnant Mom - Funny Gifts Ideas for Mom - 20 Oz Tumbler","B097B9H21P","Kitchen","10949",,"19.98","696","6256","2361","136","1.24","19.98","12","76","26","25","19.98","5","12","2","6","121.88","4.41",,"19.98","1","5","0","2025-04-30"
"NewEleven Gifts for Dad from Daughter, Son, Kids - Birthday Gift for Dad, Husband, Men - Best Present Idea for Father, Husband, Bonus Dad from Daughter, Son, Wife - 20 Oz Tumbler","B097B9SY89","Kitchen","8346",,"19.98","456","5401","1404","106","1.27","19.98","6","62","21","18","19.98","2","12","2","4","79.92","3.77",,"19.98","0","4","0","2025-04-30"
"NewEleven Uncle Gifts - Gifts for Uncle from Niece, Nephew - Uncle Birthday Gifts - Best Gifts for New Uncle, Funcle, Uncle Announcement - 20 Oz Tumbler","B097H6PJCN","Kitchen","297",,"49.16","0","0","0","2","0.67","49.16","0","0","0","0",,"0","0","0","0","0.0","0.0",,,"0","0","0","2025-04-30"
"Replacement Lid For 20 Oz NewEleven Tumbler - Pack of 2 lids","B0995JRMHP","Home","24",,"31.94","0","0","0","0","0.0",,"0","0","0","0",,"0","0","0","0","0.0",,,,"0","0","0","2025-04-30"
"NewEleven Bride To Be Gifts For Her - Wedding Gifts For Bride - Bridal Shower Gift, Bachelorette Gifts For Bride - Engagement Gifts For Women - Bridal Gifts For Bride To Be, Fiancee - 20 Oz Tumbler","B09B9PKM9M","Kitchen","40",,"29.98","0","21","13","0","0.0",,"0","0","0","0",,"0","0","0","0","0.0",,,,"0","0","0","2025-04-30"
"Birthday Gifts for Women - Mothers Day Gifts, Thank You Gifts, Women Gifts, Graduation Gifts for Women, Best Friend, Sister, Mom, Wife, Aunt, Her, Daughter, Coworker, Employee - 20 Oz Tumbler","B09TT1GGMM","Kitchen","11",,"49.7","0","0","1","0","0.0",,"0","0","0","0",,"0","0","0","0","0.0",,,,"0","0","0","2025-04-30"
"Coworker Leaving Gift - Farewell, Going Away, New Job, Goodbye, Good Luck for Colleagues, Boss, Men, Women, Friends - 20 Oz Tumbler","B09XDFF8FF","Kitchen","25742",,"24.98","3130","17608","2851","441","1.71","24.98","48","307","52","81","24.98","12","61","5","21","524.58","4.76",,"24.98","3","15","2","2025-04-30"
"NewEleven Retirement Gifts For Women 2024 - Happy Retirement Party Decorations - Coworker Leaving Gifts, Farewell Gifts, Goodbye Gifts For Coworkers, Friends - 20 Oz Tumbler","B09XDFLNR8","Kitchen","9",,"52.24","0","0","0","0","0.0",,"0","0","0","0",,"0","0","0","0","0.0",,,,"0","0","0","2025-04-30"
"Retirement Gifts For Women 2022 - Retired Gifts For Women - Female Retirement Gifts - Coworker Leaving Gifts, Farewell Gifts, Goodbye Gift For Women, Colleagues, Coworkers, Friends - 12Oz Wine Tumbler","B0B2WGL9ZW","Kitchen","7",,"52.71","0","0","0","0","0.0",,"0","0","0","0",,"0","0","0","0","0.0",,,,"0","0","0","2025-04-30"
"Coworker Leaving Gifts - Farewell Gifts, Going Away Gift For Coworker - New Job, Goodbye, Good Luck Gifts For Coworkers, Colleagues, Boss, Men, Women, Friends - 20 Oz Tumbler","B0B9RHZGFG","Kitchen","15",,"64.55","0","0","0","0","0.0",,"0","0","0","0",,"0","0","0","0","0.0",,,,"0","0","0","2025-04-30"
"NewEleven Retirement Gifts For Women 2024 - Happy Retirement Gifts - Coworker Leaving Gifts, Farewell Gifts, Goodbye Gifts For Coworkers, Friends - 12 Oz Tumbler","B0B9RLH8RV","Kitchen","3",,"61.92","0","0","0","0","0.0",,"0","0","0","0",,"0","0","0","0","0.0",,,,"0","0","0","2025-04-30"
"NewEleven Mothers Day Gifts for Mom - Unique Birthday Gifts for Mom, Mother, Wife, New Mom, Bonus Mom, Pregnant Mom - 16 Oz Coffee Glass","B0B9SF2R4R","Kitchen","48",,"45.98","0","0","0","0","0.0",,"0","0","0","0",,"0","0","0","0","0.0",,,,"0","0","0","2025-04-30"
"NewEleven Mothers Day Gifts For Aunt From Niece, Nephew - Cool Gifts For New Aunt, Auntie, Sister - Aunts Birthday Gift - Announcement, Promoted To Aunty, Best Auntie Ever - 16 Oz Coffee Glass","B0BC8SB3Y4","Kitchen","125",,"39.96","0","0","0","0","0.0",,"0","0","0","0",,"0","0","0","0","0.0",,,,"0","0","0","2025-04-30"
"NewEleven Mothers Day Gifts For Wife, Her - Wife Gifts From Husband - Gift For Her - Gift Ideas For Women, Bride To Be, Fiancee, Wifey - 16 Oz Coffee Glass","B0BDLH8KX3","Kitchen","182",,"35.24","0","0","0","0","0.0",,"0","0","0","0",,"0","0","0","0","0.0",,,,"0","0","0","2025-04-30"
"NewEleven Cute Glass Coffee Cups With Lids And Straw – Aesthetic Cups – Iced Coffee Cup, Coffee Tumbler, Glass Tumbler – Christmas Gifts For Women, Coffee Lover - 16 Oz Coffee Glass","B0BHVNXNYL","Kitchen","13",,"45.28","0","0","0","0","0.0",,"0","0","0","0",,"0","0","0","0","0.0",,,,"0","0","0","2025-04-30"
"NewEleven Mother Day Gift for Mom - Gifts for Mom from Daughter, Son, Kids - Unique Birthday Gifts for Mom, New Mom, Bonus Mom, Pregnant Mom - Funny Gifts Ideas for Mom - 16 Oz Coffee Glass","B0BHWDNYVL","Kitchen","1643",,"19.98","107","918","377","13","0.79","19.98","0","10","2","1","19.98","0","1","0","0","0.0","0.0",,,"0","0","0","2025-04-30"
"Christmas Gifts For Women - Best Friend Birthday Gifts For Women – Female Friendship Gifts, Sisters Gifts From Sister - Funny Bday Presents Unique Gifts For Her, BFF, Bestie - 16 Oz Coffee Glass","B0BRB5SPYZ","Kitchen","2",,"49.59","0","0","0","0","0.0",,"0","0","0","0",,"0","0","0","0","0.0",,,,"0","0","0","2025-04-30"
"NewEleven Galentines Gifts For Sister From Sister, Brother - Unique Birthday Present For Sister, Soul Sister, Big Sister, Little Sister, Sister In Law, Sibling, Bestie - 16 Oz Coffee Glass","B0BRB6J55H","Kitchen","4",,"68.27","0","0","0","0","0.0",,"0","0","0","0",,"0","0","0","0","0.0",,,,"0","0","0","2025-04-30"
"NewEleven Coworker Leaving Gifts - Gifts For Coworker Farewell, Going Away, Goodbye, New Job - Good Luck Presents For Friends, Boss, Women, Work Bestie – 16 Oz Coffee Glass","B0BRB6NJCT","Kitchen","15",,"46.5","0","0","0","0","0.0",,"0","0","0","0",,"0","0","0","0","0.0",,,,"0","0","0","2025-04-30"
"Bride To Be Gifts For Her - Wedding Gifts For Bride - Bridal Shower Engagement Gifts For Women - Bachelorette Gifts For Bride, Fiancee, Wifey - Bachelorette Party Decorations - 16 Oz Coffee Glass","B0BRCCZLL8","Kitchen","3",,"43.69","0","0","0","0","0.0",,"0","0","0","0",,"0","0","0","0","0.0",,,,"0","0","0","2025-04-30"
"NEWELEVEN Christmas Gifts For Women Friendship - Funny Gifts For Friends Female - Unique Friendship Gifts For Women, Friend, Female, Bestie, Bff, Soul Sister, Work Bestie - 16 Oz Coffee Glass","B0BRCDZRSP","Kitchen","15",,"48.13","0","0","0","0","0.0",,"0","0","0","0",,"0","0","0","0","0.0",,,,"0","0","0","2025-04-30"
"NewEleven Gifts For Dog Lovers, Dog Owners, Dog Mama, Dog Mom, Fur Mama - Dog Mom Gifts For Women - Cute Funny Gifts For Women, Best Friend, Girlfriend - 16 Oz Coffee Glass","B0BRCG7S9H","Kitchen","22",,"38.09","0","0","0","0","0.0",,"0","0","0","0",,"0","0","0","0","0.0",,,,"0","0","0","2025-04-30"
"NewEleven Mothers Day Gifts For Sister From Sister, Brother - Unique Birthday Present For Sister, Soul Sister, Big Sister, Little Sister, Sister In Law, Sibling, Bestie - 16 Oz Coffee Glass","B0BYCSHGYX","Kitchen","10",,"62.05","0","0","0","0","0.0",,"0","0","0","0",,"0","0","0","0","0.0",,,,"0","0","0","2025-04-30"
"NewEleven Mothers Day Gifts for Aunt from Niece, Nephew - Cool Gifts for Auntie, Sister - Aunty Birthday Gift - Announcement, Promoted to Aunt - 16 Oz Coffee Glass","B0BYCT1SRJ","Kitchen","22547",,"22.98","1507","15296","3174","297","1.32","22.98","30","196","43","153","22.98","12","100","24","32","690.45","10.77",,"22.98","4","24","1","2025-04-30"
"NewEleven Gifts For Nurse - Nurse Gifts For Women - Caregiver Appreciation Gift, Nursing Student, Nurses Practitioner - RN Gift For Nurses Women - 16 Oz Coffee Glass","B0BYDBW7PH","Kitchen","15",,"49.59","0","0","0","0","0.0",,"0","0","0","0",,"0","0","0","0","0.0",,,,"0","0","0","2025-04-30"
"NEWELEVEN Gifts for Book Lovers - Book Lovers Gifts for Women - Bookish Gifts for Readers, Librarians, Bookaholics, Bookworm - Birthday Gifts for Women, Her, Best Friend – 16 Oz Coffee Glass","B0BYDDFNBD","Kitchen","23307",,"23.98","1209","14902","3837","237","1.02","23.98","14","151","40","90","23.98","5","59","12","17","407.66","7.17",,"23.98","0","14","3","2025-04-30"
"Birthday Gifts For Women - Best Friend Giftss for Women – Female Friendship Gifts, Sisters Gifts From Sister - Funny Birthday Presents Unique Gag Gifts For BFF, Bestie, Coworker - Lavender Candle 8 Oz","B0BYHP62T5","Home","20",,"38.18","0","0","0","0","0.0",,"0","0","0","0",,"0","0","0","0","0.0",,,,"0","0","0","2025-04-30"
"NewEleven Cute Glass Coffee Cups With Lids And Straw – Aesthetic Cups – Iced Coffee Cup, Coffees Tumbler – Galentines Gifts For Women, Coffees Lover - 16 Oz Coffee Glass","B0C1BS7BV8","Kitchen","9",,"53.93","0","0","0","0","0.0",,"0","0","0","0",,"0","0","0","0","0.0",,,,"0","0","0","2025-04-30"
"NewEleven Iced Coffee Cup With Bamboo Lids And Glass Straws For Boba, Smoothie, Cocktail - 16 Oz Coffee Glass","B0C1BYB4SH","Kitchen","4",,"42.04","0","0","0","0","0.0",,"0","0","0","0",,"0","0","0","0","0.0",,,,"0","0","0","2025-04-30"
"NewEleven Bridesmaid Gifts - Bridesmaid Proposal Gifts, Bridal Shower Decorations Gift - Iced Coffee Cup With Bamboo Lids And Glass Straws For Boba, Smoothie, Cocktail - 16 Oz Coffee Glass","B0C1C1F4M4","Kitchen","11",,"43.11","0","0","0","0","0.0",,"0","0","0","0",,"0","0","0","0","0.0",,,,"0","0","0","2025-04-30"
"NewEleven Sloth Gifts For Women - Sloth Gifts, Sloth Stuff For Sloth Lovers - Cute Funny Birthday Gifts For Women, Best Friend, Sister, Daughter, Coworker - 16 Oz Coffee Glass","B0C23XHCN1","Kitchen","6",,"50.36","0","0","0","0","0.0",,"0","0","0","0",,"0","0","0","0","0.0",,,,"0","0","0","2025-04-30"
"NewEleven Penguin Gifts For Women - Penguin Gifts, Penguin Stuff For Penguin Lovers - Cute Funny Birthday Gifts For Women, Best Friend, Sister, Daughter, Coworker - 16 Oz Coffee Glass","B0C23Y5ZYH","Kitchen","7",,"47.42","0","0","0","0","0.0",,"0","0","0","0",,"0","0","0","0","0.0",,,,"0","0","0","2025-04-30"
"NewEleven Cow Gifts For Women - Cow Gifts, Cow Stuff For Cow Lovers - Cute Funny Birthday Gifts For Women, Best Friend, Sister, Daughter, Coworker - 16 Oz Coffee Glass","B0C242DYT4","Kitchen","22",,"45.78","0","0","0","0","0.0",,"0","0","0","0",,"0","0","0","0","0.0",,,,"0","0","0","2025-04-30"
"Retirement Gifts For Men Women 2023 - Retired Gifts For Men, Women - Retirement Party Decorations - Fun Retirement Gifts For Women, Men, Retired People, Coworkers, Friends - 20 Oz Tumbler","B0C3CW184G","Kitchen","4",,"66.03","0","0","0","0","0.0",,"0","0","0","0",,"0","0","0","0","0.0",,,,"0","0","0","2025-04-30"
"NewEleven Gifts For Women Friendship - Funny Gifts For Friends Female - Unique Friendship Gifts For Women, Friend, Female, Bestie, Bff, Soul Sister, Work Bestie - 20 Oz Tumbler","B0C3CWNMC4","Kitchen","22",,,"0","0","0","0","0.0",,"0","0","0","0",,"0","0","0","0","0.0",,,,"0","0","0","2025-04-30"
"NewEleven 40th Birthday Gifts for Men Women - Vintage 1983 50th Birthday Decorations Men Women - Retro Trucker Hat (1983 Black)","B0C6DL59L9","Apparel","3",,"20.98","0","0","0","0","0.0",,"0","0","0","0",,"0","0","0","0","0.0",,,,"0","0","0","2025-04-30"
"NewEleven Mothers Day Gifts for Mom - Birthday Gifts for Mom from Kids – Unique Birthday Present Ideas for Mother, New Mom, Mom to Be, Wife from Daughter, Son, Husband - 16 Oz Coffee Glass","B0C9BZRC4K","Kitchen","24436",,"22.98","857","14332","5163","227","0.93","22.98","8","142","46","68","22.98","3","42","16","14","344.7","6.17",,"22.98","2","8","3","2025-04-30"
"Coworker Leaving Gifts - Farewell Gifts, Going Away Gift For Coworker - New Job, Goodbye, Good Luck Gifts For Coworkers, Colleagues, Boss, Work Bestie, Women, Friends - 16 Oz Coffee Glass","B0C9C2TTSR","Kitchen","7",,"22.98","0","0","0","0","0.0",,"0","0","0","0",,"0","0","0","0","0.0",,,,"0","0","0","2025-04-30"
"NewEleven Gifts For Sister From Sister, Brother - Unique Birthday Present For Sister, Soul Sister, Big Sister, Little Sister, Sister In Law, Sibling, Bestie - 16 Oz Coffee Glass","B0C9C5VX7S","Grocery","22",,"63.41","0","0","0","0","0.0",,"0","0","0","0",,"0","0","0","0","0.0",,,,"0","0","0","2025-04-30"
"NewEleven Gifts for Aunt - Cool Presents for New Auntie, Sister - Birthday, Announcement, Promoted to Aunt - 20 Oz Tumbler","B0C9D2PHMH","Kitchen","21607",,"22.98","579","11453","5949","126","0.58","22.98","4","74","35","47","22.98","2","27","11","9","206.82","7.14",,"22.98","0","7","2","2025-04-30"
"Coworker Leaving Gifts - Farewell Gifts, Going Away Gift For Coworker - New Job, Goodbye, Good Luck Gifts For Coworkers, Colleagues, Boss, Work Bestie, Women, Friends - 16 Oz Coffee Glass","B0CBJQZCFY","Kitchen","13",,"46.95","0","0","0","0","0.0",,"0","0","0","0",,"0","0","0","0","0.0",,,,"0","0","0","2025-04-30"
"NewEleven Nurse Gifts For Women - Nurse Accessories for Nurses, Nursing Student, Nurse Practitioner, Registered Nurse - Nurse Gifts For Birthday, Appreciation Week, Graduation - 16 Oz Coffee Glass","B0CBJR253J","Kitchen","14",,"50.07","0","0","0","0","0.0",,"0","0","0","0",,"0","0","0","0","0.0",,,,"0","0","0","2025-04-30"
"NewEleven Gifts For Mom From Daughter, Son - Mom Gifts - Birthday Gifts For Mom - Mothers Day Gifts For Mom, Wife, Women - Funny Birthday Presents From Daughter, Son, Husband - 16 Oz Coffee Glass","B0CBJSYJJS","Kitchen","2",,"61.44","0","0","0","0","0.0",,"0","0","0","0",,"0","0","0","0","0.0",,,,"0","0","0","2025-04-30"
"NewEleven Gifts For Book Lovers - Book Lovers Gifts For Women, Her, Friends - Book Accessories, Bookish Gifts For Writers, Readers, Librarian, Bookaholic, Bookworm – 16 Oz Coffee Glass","B0CCDLWRTD","Kitchen","128",,"22.98","0","0","0","1","0.78","22.98","0","0","0","0",,"0","0","0","0","0.0","0.0",,,"0","0","0","2025-04-30"
"Coworker Leaving Gifts - Farewell Gifts, Going Away Gift For Coworker - New Job Gifts, Goodbye Gifts, Good Luck Gifts For Coworkers, Friends, Boss, Men, Women - 20 Oz Tumbler Navy","B0CDLPSMGF","Kitchen","4",,"56.52","0","0","0","0","0.0",,"0","0","0","0",,"0","0","0","0","0.0",,,,"0","0","0","2025-04-30"
"NewEleven Birthday Gifts For Women, Men - Fathers Day Gift For Men, Dad, Husband, Friend - Thank You Gifts, Appreciation Gifts, Graduation Gifts For Men, Nurse, Teacher, Boss, Coworker – 20 Oz Tumbler","B0CDLQFJK6","Kitchen","5",,"49.86","0","0","0","1","20.0","49.86","0","0","0","0",,"0","0","0","0","0.0","0.0",,,"0","0","0","2025-04-30"
"NewEleven Gifts for Men, Women - Funny Gag Gifts Ideas for Dad, Mom, Grandpa, Grandma, Husband, Wife, Uncle, Him - 40th 50th 60th 70th 80th Birthday Gifts for Men Women – 20 Oz Tumbler","B0CDLQGPKC","Kitchen","416",,"45.18","0","0","0","1","0.24","45.18","0","0","0","0",,"0","0","0","0","0.0","0.0",,,"0","0","0","2025-04-30"
"NEWELEVEN Coworker Leaving Gift - Farewell, Going Away, New Job, Goodbye, Good Luck for Coworkers, Friends, Boss, Men, Women - 20 Oz Tumbler (Navy)","B0CDLSGXDY","Kitchen","2189",,"22.98","0","0","27","46","2.1","22.98","0","0","0","9","22.98","0","0","0","1","22.98","2.17",,"22.98","0","0","0","2025-04-30"
"NewEleven Coworker Gifts For Women – Chaos Coordinator Gifts For Women, Men, Boss, Manager, Coworker - Thank you, Appreciation, Inspirational Gifts For Teacher, Nurse, Social Worker – 20 Oz Tumbler","B0CFQ4CDD5","Kitchen","10",,"57.74","0","0","0","0","0.0",,"0","0","0","0",,"0","0","0","0","0.0",,,,"0","0","0","2025-04-30"
"NewEleven Fathers Day Gift for Dad - Birthday Gifts for Dad from Daughter, Son, Kids - Husband Gift - Birthday Present Ideas for Father, New Papa, Bonus Father from Daughter, Son - 20 Oz Tumbler","B0CG8N67SJ","Kitchen","7866",,"24.98","997","4749","1111","65","0.83","24.98","6","38","13","14","24.98","2","9","2","4","89.93","6.15",,"24.98","2","2","0","2025-04-30"
"NewEleven Mothers Day Gifts for Mom, Wife - Gifts for Mom from Daughter, Son, Kids - Unique Birthday Present Ideas for Mother, Wife, New Mama from Daughter, Son, Husband - 20 Oz Tumbler","B0CG8NHNWF","Kitchen","27205",,"19.99","1500","15563","4962","329","1.21","19.99","20","182","63","97","19.99","6","58","15","26","506.74","7.9",,"19.99","1","12","4","2025-04-30"
"NewEleven Gifts For Book Lovers - Book Lovers Gifts For Women - Bookish Gifts for Readers, Librarians, Bookaholics, Bookworms - Birthday Gifts For Women, Her, Best Friend – 20 Oz Tumbler","B0CHFFN9KD","Kitchen","8",,"55.1","0","0","0","0","0.0",,"0","0","0","0",,"0","0","0","0","0.0",,,,"0","0","0","2025-04-30"
"NEWELEVEN Valentines Gifts For Dad, Men - Funny Birthday Gifts For Dad, Men, Car Guys - Unique Present Idea For Father, Papa, Husband, Uncle, Guys From Daughter, Son, Kids, Wife - 20 Oz Tumbler","B0CHJ1V1RR","Kitchen","31",,"22.98","0","0","0","0","0.0",,"0","0","0","0",,"0","0","0","0","0.0",,,,"0","0","0","2025-04-30"
"Gifts For Nurse - Birthday Gifts For Nurse - Best Bday Presents For Mom, Mother, Wife, New Mom, Bonus Mom, Mama From Daughter, Son, Husband - 20 Oz Tumbler","B0CHJ2B24X","Kitchen","9",,,"0","0","0","0","0.0",,"0","0","0","0",,"0","0","0","0","0.0",,,,"0","0","0","2025-04-30"
"NewEleven Christmas Gifts For Coworker Women – Work Bestie Gifts For Women Friendship - Unique Present Ideas For Coworker Leaving, Going Away, Goodbye, Farewell Party – 20 Oz Tumbler","B0CHJ3W9SQ","Kitchen","3",,"57.8","0","0","0","0","0.0",,"0","0","0","0",,"0","0","0","0","0.0",,,,"0","0","0","2025-04-30"
"NewEleven Gifts For Mom From Daughter, Son, Kids - Birthday Gifts For Mom - Mom Gifts - Best Birthday Gifts Ideas For Mom, New Mom, Mom To Be - 16 Oz Coffee Glass","B0CJ2CKDR8","Kitchen","2",,"46.45","0","0","0","0","0.0",,"0","0","0","0",,"0","0","0","0","0.0",,,,"0","0","0","2025-04-30"
"NEWELEVEN Gifts For Aunt From Niece, Nephew - Cool Gifts For Aunt, New Aunt, Auntie, Sister - Aunt Birthday Gift, Aunt Announcement, Promoted To Aunt, Best Aunt Ever - 16 Oz Coffee Glass","B0CJ2CNDQT","Kitchen","19",,"49.59","0","0","0","1","5.26","49.59","0","0","0","1","49.59","0","0","0","0","0.0","0.0",,,"0","0","0","2025-04-30"
"NEWELEVEN 40th Birthday Gifts For Women - 1984 40th Birthday Decorations For Women - 40 Year Old Gifts For Her, Women, Mom, Wife, Sister, Friends - 16 Oz Coffee Glass","B0CJ2D7DZJ","Kitchen","539",,"16.98","10","188","105","3","0.56","16.98","0","0","0","0",,"0","0","0","0","0.0","0.0",,,"0","0","0","2025-04-30"
"NewEleven Fathers Day Gift For Dad - Cool Dad Gifts From Daughter - Unique Birthday Present Ideas For Father, Husband, Bonus Father, Step Papa, New Papa From Daughter - 20 Oz Tumbler","B0CJLF7CW6","Kitchen","4",,"58.54","0","0","0","0","0.0",,"0","0","0","0",,"0","0","0","0","0.0",,,,"0","0","0","2025-04-30"
"CD climbing toy, fluorine-containing radioactive wood growth toy, wood containing methanol can be used for seven days, children's climbing toy","B0CJLM3SV5","Kitchen","2373",,"19.98","91","1262","598","14","0.59","19.98","0","10","1","10","19.98","0","7","1","0","0.0","0.0",,,"0","0","0","2025-04-30"
"NewEleven Mothers Day Gifts for Mom - Birthday Gifts for Mom from Daughter, Son, Kids, Husband - Wife Gift - Unique Present Ideas for Mother, Mother in Law, Wife, New Mama - 20 Oz Tumbler","B0CJX4XSXB","Kitchen","51873",,"22.98","4244","32941","7630","540","1.04","22.98","38","333","93","128","22.98","5","77","21","31","712.38","5.74",,"22.98","1","16","4","2025-04-30"
"NewEleven Christmas Gifts For Grandpa - Grandpa Gifts From Granddaughter, Grandson - Birthday Present Ideas For Grandfather, New Grandpa, Promoted To Grandpa, Grandchildren, Grandkids - 20 Oz Tumbler","B0CKYJ8WLN","Kitchen","1",,"48.01","0","0","0","0","0.0",,"0","0","0","0",,"0","0","0","0","0.0",,,,"0","0","0","2025-04-30"
"NewEleven Mothers Day Gifts For New Mom 2024 – Pregnancy Gifts For First Time Mom, Pregnant Mommy, Expecting Mother, Mommy To Be, Mommy To Be - 16 Oz Coffee Glass","B0CKYKPBNV","Kitchen","4673",,"15.99","158","2714","1038","78","1.67","15.99","3","45","21","11","15.99","0","4","6","1","15.99","1.28",,"15.99","0","0","1","2025-04-30"
"NewEleven Birthday Gifts For Women, Men - Inspirational Gifts, Thank You Gifts, Appreciation Gifts, Congratulation Gifts For Women, Men, Friend, Nurse, Teacher, Boss, Coworker - 20 Oz Tumbler","B0CKYL86S1","Kitchen","1",,"31.87","0","0","0","0","0.0",,"0","0","0","0",,"0","0","0","0","0.0",,,,"0","0","0","2025-04-30"
"Christmas Gifts For Dad - Birthday Gifts For Dad From Daughter, Son, Kids - Husband Gifts - Unique Birthday Present Ideas For Father, Husband, New Dad, Bonus Dad From Daughter, Son - 20 Oz Tumbler","B0CKYLPHSV","Kitchen","3",,"59.69","0","0","0","0","0.0",,"0","0","0","0",,"0","0","0","0","0.0",,,,"0","0","0","2025-04-30"
"NEWELEVEN 30th Birthday Gifts For Her Women - 1994 30th Birthday Decorations For Women - 30 Year Old Gifts Idea For Women, Friends, Sister - 16 Oz Coffee Glass","B0CKYM9HQW","Kitchen","5",,"43.11","0","0","0","0","0.0",,"0","0","0","0",,"0","0","0","0","0.0",,,,"0","0","0","2025-04-30"
"NEWELEVEN 16 Oz Book Lovers Coffee Glass - Transparent Glass, BPA Free, Reusable, 3.6""Wx7.4""H, Perfect For Home & On The Go, 16 Ounces, Gift Ready","B0CKYMNV39","Kitchen","293",,"22.98","0","0","28","4","1.37","22.98","0","0","0","0",,"0","0","0","0","0.0","0.0",,,"0","0","0","2025-04-30"
"NewEleven 40th Birthday Gifts For Women - 1984 40th Birthday Decorations For Women - 40 Year Old Gifts For Her, Women, Mom, Wife, Sister, Friends - 16 Oz Coffee Glass","B0CKYN27VS","Kitchen","2",,"51.76","0","0","0","0","0.0",,"0","0","0","0",,"0","0","0","0","0.0",,,,"0","0","0","2025-04-30"
"NEWELEVEN Birthday Gifts For Men, Women - Funny Gag Gifts Ideas For Dad, Mom, Grandpa, Grandma, Husband, Wife, Uncle, Him - 40th 50th 60th 70th 80th Birthday Gifts For Men Women – 20 Oz Tumbler","B0CLYRNFBT","Kitchen","19",,"43.38","0","0","0","0","0.0",,"0","0","0","0",,"0","0","0","0","0.0",,,,"0","0","0","2025-04-30"
"NewEleven Birthday Gifts For Men, Women - Funny Gag Gifts Ideas For Dad, Mom, Grandpa, Grandma, Husband, Wife, Uncle, Him - 40th 50th 60th 70th 80th Birthday Gifts For Men Women – 20 Oz Tumbler","B0CLYSGX7Q","Kitchen","8",,"42.5","0","0","0","1","12.5","41.11","0","0","0","0",,"0","0","0","0","0.0","0.0",,,"0","0","0","2025-04-30"
"50th Birthday Gifts For Women - Vintage 1974 50th Birthday Decorations For Women - Best 50 Year Old Gifts Ideas For Wife, Mom, Grandma, Friends - Turning 50 Presents For Female - 16 Oz Wine Glass","B0CM5QBW1Z","Kitchen","13",,"56.8","0","0","0","0","0.0",,"0","0","0","0",,"0","0","0","0","0.0",,,,"0","0","0","2025-04-30"
"NEWELEVEN Valentines Gifts For Dad - Birthday Gifts For Dad From Daughter - Husband Gifts - Unique Birthday Present Ideas For Father, Husband, New Dad, Bonus Dad From Daughter - 20 Oz Tumbler","B0CM5R5BDX","Kitchen","16",,"22.98","0","0","1","0","0.0",,"0","0","0","0",,"0","0","0","0","0.0",,,,"0","0","0","2025-04-30"
"NewEleven Fathers Day Gift for Dad - Birthday Gifts for Dad from Kids - Husband Gift - Birthday Present Ideas for Father, Husband, New Papa, Bonus Father from Daughter, Son - 20 Oz Tumbler","B0CM5RJ8VD","Kitchen","54153",,"24.98","3695","34454","8556","698","1.29","24.98","33","455","101","205","24.98","10","142","27","47","1109.12","6.73",,"24.98","3","36","2","2025-04-30"
"NewEleven Fathers Day Gift For Dad - Birthday Gifts For Dad From Daughter - Husband Gifts - Unique Birthday Present Ideas For Father, Husband, New Papa, Bonus Father From Daughter - 20 Oz Tumbler","B0CM5RY3QS","Kitchen","4005",,"22.98","0","1","55","50","1.25","22.98","0","0","1","15","22.98","0","0","0","1","22.98","2.0",,"22.98","0","0","0","2025-04-30"
"NewEleven 60th Birthday Gifts For Women, Her - Vintage 1964 60th Birthday Decorations For Women - 60 Year Old Present Ideas For Wife, Mom, Grandma, Friends, Female - 16 Oz Wine Glass","B0CM5SQT4T","Kitchen","21",,"54.59","0","0","0","0","0.0",,"0","0","0","0",,"0","0","0","0","0.0",,,,"0","0","0","2025-04-30"
"NEWELEVEN 50th Birthday Gifts for Men Women - 1974 1975 Birthday Decorations for Men Women - Gifts for Men Women Turning 50, 1974 White Hat, One Size","B0CM5T2F1V","Apparel","2935",,"9.98","40","500","738","24","0.82","9.98","2","4","3","3","9.98","0","0","0","0","0.0","0.0",,,"0","0","0","2025-04-30"
"NewEleven 60th Birthday Gifts For Men Women - 1964 60th Birthday Decorations For Men Women - Gifts For Turning 60-60 Year Old Gift For Man, Woman, Mom, Dad, Wife, Husband - 20 Oz Tumbler","B0CN8ZP46N","Kitchen","130",,"68.58","0","0","0","0","0.0",,"0","0","0","0",,"0","0","0","0","0.0",,,,"0","0","0","2025-04-30"
"NewEleven Christmas Gifts For Brother From Sister, Brother - Gifts For Brother - Best Birthday Gifts For Brother, Big Brother, Little Brother, Siblings, Brother In Law, Men - 20 Oz Tumbler Navy","B0CN926PG1","Kitchen","22",,"84.3","0","0","0","0","0.0",,"0","0","0","0",,"0","0","0","0","0.0",,,,"0","0","0","2025-04-30"
"NewEleven 50th Birthday Decorations for Men and Women - 1974 Gifts for Turning 50 - 20 Oz Tumbler for Mom, Dad, Wife, Husband","B0CN93621G","Kitchen","934",,"49.34","0","0","0","2","0.21","49.34","0","0","0","0",,"0","0","0","0","0.0","0.0",,,"0","0","0","2025-04-30"
"NEWELEVEN 50th Birthday Gifts For Men Women - 1974 50th Birthday Decorations For Men Women - Gifts For Men Women Turning 50-50 Year Old Gifts For Men, Women, Mom, Dad, Wife, Husband - 20 Oz Tumbler","B0CN93LZ5M","Kitchen","35",,"49.39","0","0","0","0","0.0",,"0","0","0","0",,"0","0","0","0","0.0",,,,"0","0","0","2025-04-30"
"Christmas Gifts For Dad, Men - Funny Gifts For Men, Dad, Papa, Guys - Unique Birthday Present Ideas For Dad, Grandpa, Father, Husband, Guys, Men From Daughter, Son, Kids, Wife - 20 Oz Tumbler Navy","B0CNTFTNT9","Kitchen","1",,"54.21","0","0","0","0","0.0",,"0","0","0","0",,"0","0","0","0","0.0",,,,"0","0","0","2025-04-30"
"NewEleven Mothers Day Gifts for Grandma - Grandma Gifts from Granddaughter, Grandson - Birthday Gifts for Grandma, Nana, Gigi, Mimi, Grammy from Grandchildren, Grandchild - 20 Oz Tumbler","B0CQ2K12H3","Kitchen","247",,"51.98","0","0","0","2","0.81","50.77","0","0","0","0",,"0","0","0","0","0.0","0.0",,,"0","0","0","2025-04-30"
"NewEleven Fathers Day Gift for Grandpa - Grandpa Gifts from Granddaughter, Grandson - Unique Birthday Present Ideas for Grandfather, New Granddad, Promoted to Granddad, Grandchildren - 20 Oz Tumbler","B0CQ4X98YF","Kitchen","869",,"22.98","16","209","158","10","1.15","22.98","0","6","1","3","22.98","0","3","0","0","0.0","0.0",,,"0","0","0","2025-04-30"
"Aunt Gifts - Gifts For Aunt From Niece, Nephew - Birthday Gifts For Aunt, New Aunt, Auntie, To Be Aunt, Aunt Announcement, Promoted To Aunt - 16 Oz Coffee Glass","B0CQJZP6TK","Kitchen","16",,"52.23","0","0","0","0","0.0",,"0","0","0","0",,"0","0","0","0","0.0",,,,"0","0","0","2025-04-30"
"NewEleven Monogrammed Gifts for Women, Initial Glass Cup, Iced Coffee, Smoothie, Beer Glass Tumbler w/Straw Lid - Personalized Christmas, Birthday Gifts for Her - 16 Oz Coffee Glass With Straw","B0CQK5D45V","Kitchen","16",,"72.62","0","0","0","0","0.0",,"0","0","0","0",,"0","0","0","0","0.0",,,,"0","0","0","2025-04-30"
"NewEleven Birthday Gifts For Men Women – Funny Gag Gifts Ideas For Dad, Mom, Grandpa, Grandma, Husband, Wife, Uncle, Him 40th 50th 60th 70th 80th From Daughter, Son, Friends – 20 Oz Tumbler Navy","B0CRDBWL19","Kitchen","13",,"64.94","0","0","0","0","0.0",,"0","0","0","0",,"0","0","0","0","0.0",,,,"0","0","0","2025-04-30"
"NewEleven Christmas Gifts For Men, Birthday Gifts For Men, Funny Gifts For Dad, Husband, Grandpa, Uncle, Old Men - Cool Gifts For Dad From Daughter, Son– 20 Oz Tumbler","B0CRDFWF44","Kitchen","22",,"58.38","0","0","0","0","0.0",,"0","0","0","0",,"0","0","0","0","0.0",,,,"0","0","0","2025-04-30"
"NEWELEVEN Galentines Gift For Friends, Bestie - Birthday Gifts for Women Friendship - Unique Friendship Gifts For Women, Friend, Bestie, Bff, Soul Sister, Work Bestie - 16 Oz Coffee Glass","B0CRKQR2KF","Kitchen","5",,"41.07","0","0","0","0","0.0",,"0","0","0","0",,"0","0","0","0","0.0",,,,"0","0","0","2025-04-30"
"Christmas Gifts for Grandma - Grandma Gifts from Granddaughter, Grandson - Unique Birthday Present Ideas for Grandma, Nana, Gigi, Mimi, Grammy from Grandchildren, Grandchild - 20 Oz Tumbler","B0CRKR75LJ","Kitchen","228",,"46.1","0","0","0","2","0.88","45.69","0","0","0","0",,"0","0","0","0","0.0","0.0",,,"0","0","0","2025-04-30"
"NewEleven Mothers Day Gifts For Wife - Romantic Gift For Women, Wife - Birthday Gift Ideas For Wife From Husband - 16 Oz Coffee Glass","B0CRKRWNGZ","Kitchen","1",,"30.78","0","0","0","0","0.0",,"0","0","0","0",,"0","0","0","0","0.0",,,,"0","0","0","2025-04-30"
"Christmas Gifts For Grandpa - Grandpa Gifts From Granddaughter, Grandson - Unique Birthday Present Ideas For Grandfather, New Grandpa, Promoted To Grandpa, Grandchildren - 20 Oz Tumbler Navy","B0CRKT6RVB","Kitchen","1",,"56.21","0","0","0","0","0.0",,"0","0","0","0",,"0","0","0","0","0.0",,,,"0","0","0","2025-04-30"
"NewEleven Mothers Day Gifts For Mom, New Mother - Gifts For a Mom of Boys, Pregnant Mother, Expecting Momomy, Mama, Moms To Be, Mommy To Be - 16 Oz Coffee Glass","B0CRVTN11L","Kitchen","45277",,"24.98","3108","29472","7154","334","0.74","24.98","17","227","55","130","24.98","7","91","18","19","499.6","5.69",,"24.98","2","16","0","2025-04-30"
"NewEleven Birthday Gifts For Women - Funny Gag Gifts Ideas For Mom, Grandma, Wife, Her, Sister, Coworker - 40th 50th 60th 70th 80th Birthday Gifts For Women – 20 Oz Tumbler","B0CT8JTMF8","Kitchen","14",,"49.35","0","0","0","0","0.0",,"0","0","0","0",,"0","0","0","0","0.0",,,,"0","0","0","2025-04-30"
"NewEleven 80th Birthday Gifts For Men Women - 1944 80th Birthday Decorations For Men Women - Gifts For Men Women Turning 80-80 Year Old Gifts For Men, Women - 20 Oz Tumbler Navy","B0CT8N6CSJ","Kitchen","8",,"44.46","0","0","0","0","0.0",,"0","0","0","0",,"0","0","0","0","0.0",,,,"0","0","0","2025-04-30"
"NEWELEVEN Friendship Gifts for Women Friends, Best Friend Gift For Women, Birthday Gifts For Women Friendship, Friends, Female, Best Friend, Bestie, BFF - 16 Oz Coffee Glass","B0CW9PRMCJ","Kitchen","4918",,"22.98","0","0","1345","91","1.85","22.98","0","0","31","27","22.98","0","0","9","3","114.9","3.3",,"22.98","0","0","1","2025-04-30"
"NewEleven Retirement Gifts For Women 2025 - Happy Retirement Party Decorations - Coworker Leaving Gifts, Farewell Gift, Goodbye Gift For Coworkers, Friends - 16 Oz Wine Glass","B0CWNTN1JN","Kitchen","7",,"75.17","0","0","0","0","0.0",,"0","0","0","0",,"0","0","0","0","0.0",,,,"0","0","0","2025-04-30"
"NewEleven Mothers Day Gifts For Aunt From Niece, Nephew - Cool Gifts For Aunt, New Aunt, Auntie, Sister - Aunt Birthday Gift, Aunt Announcement, Promoted To Aunt, Best Aunt Ever - 20 Oz Tumbler","B0CWTR4RFZ","Kitchen","10",,"49.7","0","0","0","0","0.0",,"0","0","0","0",,"0","0","0","0","0.0",,,,"0","0","0","2025-04-30"
"NewEleven Gifts For Grandpa - Grandpa Birthday Gifts From Granddaughter, Grandson - Unique Birthday Present Ideas For Grandfather, New Grandpa, Promoted To Grandpa - 14 Oz Tumbler Navy","B0CXXCSPC2","Kitchen","3754",,"22.98","0","0","65","27","0.72","22.98","0","0","1","4","22.98","0","0","0","0","0.0","0.0",,,"0","0","0","2025-04-30"
"NEWELEVEN Valentines Gifts For Dad, Men - Funny Birthday Gifts For Dad, Husband - Gifts For Father, New Dad, Bonus Dad, Husband, Uncle From Daughter, Son Stainless Steel Mug with Lid - 14 Oz Tumbler","B0CXXG46HR","Kitchen","23",,"22.98","0","0","0","0","0.0",,"0","0","0","0",,"0","0","0","0","0.0",,,,"0","0","0","2025-04-30"
"NEWELEVEN Birthday Gifts For Coworker Women â€“ Work Bestie Gifts For Women Friendship - Unique Present Ideas For Coworker Leaving, Going Away, Goodbye, Farewell Party â€“ 16 Oz Coffee Glass","B0CXXJ751C","Kitchen","22428",,"23.98","1974","15106","2991","365","1.63","23.98","34","250","51","98","23.98","12","64","16","27","691.42","7.4",,"23.98","5","18","4","2025-04-30"
"Dad Gifts for New and First Time Dads, 1974 Black White, One Size","B0CY4G9VSR","Apparel","1",,"82.49","0","0","0","0","0.0",,"0","0","0","0",,"0","0","0","0","0.0",,,,"0","0","0","2025-04-30"
"NewEleven Dad Gifts From Daughter Son - Fishing Gifts For Men, Dad, Cup Gifts For Fisherman, Father - Birthday Gifts For Dad, Men, Husband - 20 Oz Tumbler","B0CY4HY9KC","Kitchen","7",,"58.38","0","0","0","0","0.0",,"0","0","0","0",,"0","0","0","0","0.0",,,,"0","0","0","2025-04-30"
"NewEleven Dad Gifts From Daughter Son - Fishing Gifts For Men, Fathers Day Mug Gifts For Fisherman, Dad - Birthday Gifts For Dad, Men, Husband - 20 Oz Tumbler","B0CY4MC1GJ","Kitchen","8",,"58.38","0","0","0","0","0.0",,"0","0","0","0",,"0","0","0","0","0.0",,,,"0","0","0","2025-04-30"
"NewEleven 30th Birthday Gifts For Women - 30s Birthday Decorations For Women - 30 Year Old Gifts For Her, Women, Sister, Mom, Daughter, Best Friend - In My Thirties Era Glass - 16 Oz Coffee Glass","B0CYPT8HM7","Kitchen","47",,"56.78","0","0","0","0","0.0",,"0","0","0","0",,"0","0","0","0","0.0",,,,"0","0","0","2025-04-30"
"NewEleven 40th Birthday Gifts For Women - 40s Birthday Decorations For Women - 40 Year Old Gifts For Her, Women, Sister, Mom, Daughter, Best Friend - In My Forties Era Glass - 16 Oz Coffee Glass","B0CYPWBV21","Kitchen","20",,"51.78","0","0","0","0","0.0",,"0","0","0","0",,"0","0","0","0","0.0",,,,"0","0","0","2025-04-30"
"NewEleven 40th Birthday Gifts For Women - 40s Birthday Decorations For Women - 40 Year Old Gifts For Her, Sister, Mom, Daughter, Best Friend - In My Forties Era Wine Tumbler - 12 Oz Tumbler","B0CYS94K31","Kitchen","76",,"52.06","0","0","0","1","1.32","51.54","0","0","0","0",,"0","0","0","0","0.0","0.0",,,"0","0","0","2025-04-30"
"NewEleven Bridal Shower Gifts - Wedding Gifts For Bride - Bride To Be, Bachelorette Party, Engagement Gifts For Women - Bride Gifts For Bride To Be, Fiancee, Wifey, Her - 16 Oz Coffee Glass","B0CYSTZG5R","Kitchen","24",,"39.54","0","0","0","0","0.0",,"0","0","0","0",,"0","0","0","0","0.0",,,,"0","0","0","2025-04-30"
"NewEleven Gifts For Book Lovers - Book Lovers Gifts For Women - Book Themed Gift for Readers, Librarians, Bookaholics - Birthday Gift For Women, Her, Best Friend – 16 Oz Coffee Glass","B0CZDV6J3V","Kitchen","5",,"43.69","0","0","0","0","0.0",,"0","0","0","0",,"0","0","0","0","0.0",,,,"0","0","0","2025-04-30"
"NewEleven Gifts For Nurse - Nursing Graduation Gift For Women Her - Caregiver Appreciation Gifts, Nursing Student, New Nurses, Nurse Practitioner, RN - 16 Oz Coffee Glass","B0D1GF81G8","Kitchen","516",,"18.98","10","54","0","6","1.16","18.98","0","1","0","3","18.98","0","1","0","1","18.98","16.67",,"18.98","0","1","0","2025-04-30"
"NewEleven 40th Birthday Gifts Women Men - 1985 40th Birthday Decorations For Men Women - Gifts For Men Women Turning 40-40 Year Old Gift For Man, Woman, Mom, Dad, Wife, Husband - 20 Oz Tumbler","B0D1GH6WJ6","Kitchen","31",,"47.53","0","0","0","1","3.23","47.53","0","0","0","0",,"0","0","0","0","0.0","0.0",,,"0","0","0","2025-04-30"
"NewEleven Gifts For Teacher - Teacher Gifts For Women - Teacher Appreciation Gifts, Thank You Teacher Gifts, Teacher Retirement Gifts - End Of Year Teacher Gifts From Student - 16 Oz Coffee Glass","B0D1GHNG9D","Kitchen","3",,"46.27","0","0","0","0","0.0",,"0","0","0","0",,"0","0","0","0","0.0",,,,"0","0","0","2025-04-30"
"NewEleven Gifts For Girl Mom, Gifts For Mom, New Mom - Gifts For a Mom of Girls, Pregnant Mom, Expecting Mom, Mama, Mom To Be, Mommy To Be, First Time Mom - 16 Oz Coffee Glass","B0D1K731RT","Kitchen","2",,"52.06","0","0","0","0","0.0",,"0","0","0","0",,"0","0","0","0","0.0",,,,"0","0","0","2025-04-30"
"NewEleven Godmother Proposal Gifts - Will You Be My Godmother From GodChild - Mothers Day Gifts, Pregnancy Announcement Gifts For God Mother, Godmom, Godparents - 16 Oz Coffee Glass","B0D2NSHWZK","Kitchen","13",,"53.93","0","0","0","0","0.0",,"0","0","0","0",,"0","0","0","0","0.0",,,,"0","0","0","2025-04-30"
"NewEleven Gifts For Book Lovers - Book Lovers Gifts For Women - Bookish Gifts for Readers, Librarians, Bookaholics, Bookworms - Birthday Gifts For Women, Her, Best Friend – 20 Oz Tumbler","B0D3HQMRR6","Kitchen","34",,"57.54","0","0","0","0","0.0",,"0","0","0","0",,"0","0","0","0","0.0",,,,"0","0","0","2025-04-30"
"NEWELEVEN Gifts For Wife From Husband - Wifey Gifts - Wedding Anniversary Present For Wife, Her From Husband - Best Birthday Gifts For Wife, Women From Husband - 16 Oz Coffee Glass","B0D4QDCBRF","Kitchen","299",,"22.98","0","0","14","2","0.67","22.98","0","0","0","0",,"0","0","0","0","0.0","0.0",,,"0","0","0","2025-04-30"
"NewEleven Bridal Shower Gifts - Wedding & Bachelorette Gifts for Her - 20 Oz Tumbler","B0D4QG5X87","Kitchen","7353",,"22.98","0","0","297","36","0.49","22.98","0","0","1","16","22.98","0","0","0","2","45.96","5.56",,"22.98","0","0","0","2025-04-30"
"NEWELEVEN Witchy Gifts for Women, Witch Gifts, Witch Stuff, Witch Accessories - Birthday Halloween Gifts for Women Witches Wiccan Her Friend Sister Daughter Female - 16 Oz Coffee Glass","B0D5YGB4KV","Kitchen","29",,"49.61","0","0","0","0","0.0",,"0","0","0","0",,"0","0","0","0","0.0",,,,"0","0","0","2025-04-30"
"NewEleven 50th Birthday Gifts For Women - 1974 50th Birthday Decorations For Women - Gifts For Women Turning 50-50 Year Old Gifts For Women - 12 Oz Tumbler","B0D5YHG24C","Kitchen","2",,"51.54","0","0","0","0","0.0",,"0","0","0","0",,"0","0","0","0","0.0",,,,"0","0","0","2025-04-30"
"Thank You Gifts Never Forget The Difference That You Make Ceramic Ornament Keepsake Sign Heart Plaque Farewell Going Away Goodbye Appreciation Retirement Gifts for Women Men Coworker Boss Friend","B0D5ZVC8SM","Home","8",,"30.44","0","0","0","0","0.0",,"0","0","0","0",,"0","0","0","0","0.0",,,,"0","0","0","2025-04-30"
"Housewarming Gift, New Home Gifts for Home Decor - New Home Ornament 2023, House Warming Presents for New Home Funny, Housewarming Gifts for New House, New Homeowner Ornament","B0D6144Q48","Home","2",,"31.8","0","0","0","0","0.0",,"0","0","0","0",,"0","0","0","0","0.0",,,,"0","0","0","2025-04-30"
"NewEleven Canvas Book Tote Bag Gifts For Readers, Book Lovers Gifts, Bookish Gifts - Gifts For Book Lovers Readers Nerds Bookworm Librarian Women - Bookish Items, Book Reading Accessories, 12 Oz","B0D6NQ8KL6","Shoes","34",,"44.72","0","0","0","0","0.0",,"0","0","0","0",,"0","0","0","0","0.0",,,,"0","0","0","2025-04-30"
"Pregnancy Announcement Ornament, See You in 2025 Christmas Ornament, Mommy and Daddy to Be Gifts, Gender Neutral Pregnancy","B0D72Z4996","Home","2",,"27.84","0","0","0","0","0.0",,"0","0","0","0",,"0","0","0","0","0.0",,,,"0","0","0","2025-04-30"
"Coworker Leaving Gifts - Farewell Gifts, Going Away Gift for Coworker - New Job, Goodbye, Good Luck Gifts for Coworkers, Colleagues, Boss, Men, Women, Friends - Candle Gifts","B0D831XY4Y","Home","8",,"50.8","0","0","0","0","0.0",,"0","0","0","0",,"0","0","0","0","0.0",,,,"0","0","0","2025-04-30"
"NewEleven Gifts for Book Lovers - Book Lovers Gifts for Women - Bookish Gifts for Readers, Librarians, Bookaholics, Bookworms - Birthday Gifts for Women, Her, Best Friend – 16 Oz Coffee Glass","B0D83SHR3X","Home","9",,"54.77","0","0","0","0","0.0",,"0","0","0","0",,"0","0","0","0","0.0",,,,"0","0","0","2025-04-30"
"NewEleven Gifts For New Mom 2025 – Pregnancy Gifts For First Time Mom, Pregnant Mom, Expecting Mom, Mom To Be, Mommy To Be - 16 Oz Coffee Glass","B0DCJM56W3","Kitchen","1",,"55.12","0","0","0","0","0.0",,"0","0","0","0",,"0","0","0","0","0.0",,,,"0","0","0","2025-04-30"
"NewEleven Gifts For Mom, New Mom – 2025 Pregnancy Gifts For First Time Mom, Pregnant Mom, Expecting Mom, Mom To Be, Mama, Mommy To Be - 16 Oz Coffee Glass","B0DCJQ2SKV","Kitchen","1",,"54.16","0","0","0","0","0.0",,"0","0","0","0",,"0","0","0","0","0.0",,,,"0","0","0","2025-04-30"
"NewEleven Retirement Gifts for Women 2024 - Happy Retirement Gift For Woman, Retirement Decorations, Farewell Goodbye Gifts For Coworkers, Teacher, Nurses- Retired Angel","B0DFBYSQTQ","Home","11",,"112.71","0","0","0","0","0.0",,"0","0","0","0",,"0","0","0","0","0.0",,,,"0","0","0","2025-04-30"
"NewEleven 30th Birthday Gifts For Her Women - 1995 30th Birthday Decorations For Women - 30 Year Old Gifts Idea For Women, Friends, Sister - 16 Oz Coffee Glass","B0DGGDN9WS","Kitchen","8",,"63.96","0","0","0","0","0.0",,"0","0","0","0",,"0","0","0","0","0.0",,,,"0","0","0","2025-04-30"
"NewEleven 40th Birthday Gifts For Women, Her - 1985 40th Birthday Decorations For Women - 40 Year Old Gifts For Her, Women, Mom, Wife, Sister, Friends - 16 Oz Coffee Glass","B0DGGDX9P5","Kitchen","9",,"64.63","0","0","0","0","0.0",,"0","0","0","0",,"0","0","0","0","0.0",,,,"0","0","0","2025-04-30"
"NewEleven 40th Birthday Gifts for Men Women - 1985 40th Birthday Decorations for Men Women - Turning 40-40 Year Old Gifts for Man, Woman, Mom, Dad, Wife, Husband - 20 Oz Tumbler","B0DH7PQ1RX","Kitchen","32577",,"26.98","2091","20247","6167","319","0.98","26.98","23","189","55","152","26.98","11","89","28","44","1214.1","13.79",,"26.98","5","29","2","2025-04-30"
"NewEleven 50th Birthday Gifts for Women - 1975 50th Birthday Decorations for Women - Gifts for Her Turning 50 Year Old - 20 Oz Tumbler","B0DH7X6R1J","Kitchen","36158",,"26.98","1991","24093","5752","420","1.16","26.98","25","276","67","182","26.98","12","124","27","61","1807.66","14.52",,"26.98","3","44","6","2025-04-30"
"NewEleven 50th Birthday Gifts For Her, Women - Vintage 1975 50th Birthday Decorations For Women - 50 Year Old Present Ideas For Wife, Mom, Grandma, Aunt, Friends, Female - 16 Oz Wine Glass","B0DH7Y6RDX","Kitchen","105",,"50.01","0","0","0","0","0.0",,"0","0","0","0",,"0","0","0","0","0.0",,,,"0","0","0","2025-04-30"
"NewEleven 50th Birthday Gifts For Men Women - 1975 50th Birthday Decorations For Men Women - Gifts For Men Women Turning 50-50 Year Old Gifts For Men, Women, Mom, Dad, Wife, Husband - 20 Oz Tumbler","B0DH7YGD9Q","Kitchen","34",,"68.04","0","0","0","0","0.0",,"0","0","0","0",,"0","0","0","0","0.0",,,,"0","0","0","2025-04-30"
"NewEleven 50th Birthday Gifts for Men Women - 1975 50th Birthday Decorations for Him Her - Present for Men Women Turning 50 Year Old Gifts for Mom, Dad, Wife, Husband - 20 Oz Tumbler","B0DH83T7MF","Kitchen","66868",,"29.98","3148","42054","12498","640","0.96","29.98","23","409","113","258","29.98","10","162","47","97","3087.94","15.16",,"29.98","2","67","19","2025-04-30"
"NewEleven 40th Birthday Gifts For Men Women - 1985 40th Birthday Decorations For Him, Her - Turning 40-40 Year Old Gifts For Man, Woman, Mom, Dad, Wife, Husband - 20 Oz Tumbler","B0DH86X93V","Kitchen","33",,"59.66","0","0","0","0","0.0",,"0","0","0","0",,"0","0","0","0","0.0",,,,"0","0","0","2025-04-30"
"NewEleven 60th Birthday Gifts For Men Women - 1965 60th Birthday Decorations For Him Her - Turning 60 Year Old Gifts For Man, Woman, Mom, Dad, Wife, Husband - 20 Oz Tumbler","B0DH87FYNN","Kitchen","27",,"57.42","0","0","0","0","0.0",,"0","0","0","0",,"0","0","0","0","0.0",,,,"0","0","0","2025-04-30"
"NewEleven Retirement Gift For Woman 2025 - Cool Retirement Gifts - Coworker Leaving Gifts, Farewell Gifts, Retirement Decorations, Farewell Goodbye Gifts For Coworkers, Friends - 16 Oz Wine Glass","B0DH88L44J","Kitchen","29",,"73.73","0","0","0","0","0.0",,"0","0","0","0",,"0","0","0","0","0.0",,,,"0","0","0","2025-04-30"
"NewEleven 50th Birthday Gifts for Men Women - 1975 Birthday Decorations for Him, Her - Gifts for People Turning 50 Year Old Mom, Dad, Wife, Husband - Retro Trucker Hat","B0DHC2C1S4","Apparel","32591",,"26.98","1935","22119","5206","214","0.66","26.98","14","145","38","64","26.98","4","41","10","19","620.54","8.88",,"26.98","2","14","3","2025-04-30"
"NewEleven 40th Birthday Gifts for Men Women - 1985 40 Year Old Gifts for Men, Women, Dad, Mom,Wife - Retro Trucker Hat, White 1985 Hat, One Size","B0DHC932W2","Apparel","6681",,"25.98","101","3201","1974","83","1.24","25.98","1","49","19","31","25.98","0","23","6","9","237.82","10.84",,"25.98","0","8","1","2025-04-30"
"NewEleven 60th Birthday Gifts for Men Women - 1965 60th Birthday Decorations for Him Her - Turning 60 Year Old Gifts for Man, Woman, Mom, Dad, Wife, Husband - 20 Oz Tumbler","B0DHCFTYVW","Kitchen","23087",,"27.98","427","10699","5749","267","1.16","27.98","2","119","80","117","27.98","0","59","33","39","1119.2","14.61",,"27.98","0","23","10","2025-04-30"
"NewEleven 70th Birthday Gifts For Men Women - 1955 70th Birthday Decorations For Men Women - Gifts For Men Women Turning 70-70 Year Old Gifts For Men, Women - 20 Oz Tumbler","B0DHCGTL3R","Kitchen","16",,"68.39","0","0","0","0","0.0",,"0","0","0","0",,"0","0","0","0","0.0",,,,"0","0","0","2025-04-30"
"NewEleven House Warming Gifts New Home, New Home Ornament 2024, New Home Gift Ideas Decor- Welcome Home Gifts, Housewarming Gifts New Home, Best Housewarming Gifts 2024 - Glass Ornament","B0DHRKRSXC","Home","1",,,"0","0","0","0","0.0",,"0","0","0","0",,"0","0","0","0","0.0",,,,"0","0","0","2025-04-30"
"NewEleven Baby Pregnancy Announcement Ornament for Grandparents - First Time Grandparents Gifts - Promoted to Grandma Grandpa Gifts- Pregnancy Announcement Ornament - Glass Christmas Ornament","B0DJBGMLS2","Home","22",,"27.71","0","0","0","0","0.0",,"0","0","0","0",,"0","0","0","0","0.0",,,,"0","0","0","2025-04-30"
"NewEleven My First Christmas, Baby First Christmas Ornament 2024, Baby Picture Frame for New Parents Gifts, Babys First Christmas Ornament 2024 Girl Boy - New Baby Double Sided Picture Frame Ornament","B0DJT47X1F","Home","2",,"25.73","0","0","0","0","0.0",,"0","0","0","0",,"0","0","0","0","0.0",,,,"0","0","0","2025-04-30"
"NewEleven Pet Memorial Picture Frame Christmas Ornaments 2024, Dog Memorial Gifts for Loss of Dog, Cat Memorial Gifts for Loss of Cat, Pet Loss Sympathy Gift, Remembrance Gifts, Dog Memorial Ornament","B0DJT5JM6T","Home","1",,"35.4","0","0","0","0","0.0",,"0","0","0","0",,"0","0","0","0","0.0",,,,"0","0","0","2025-04-30"
"NewEleven Coworker Christmas Ornaments 2024, Bulk Gifts for Coworkers, Office Friendship Gifts for Women, Work Besties Gifts for Women Men, Secret Santa Gifts for Coworkers Group Work Team Members","B0DJW1FSJ7","Home","10",,"46.06","0","0","0","0","0.0",,"0","0","0","0",,"0","0","0","0","0.0",,,,"0","0","0","2025-04-30"
"NewEleven Sister 2024, Sister Birthday Gifts for Women, Big Sister Gifts for Girls - Gift for Women, Soul Sister, BFF, Big Sister Gift Glass Christmas Ornaments","B0DJXZ36VG","Home","7",,"45.32","0","0","0","0","0.0",,"0","0","0","0",,"0","0","0","0","0.0",,,,"0","0","0","2025-04-30"
"NewEleven Christmas Book Lovers Gifts, Bookshelf Decor Gifts for Book Lovers Women, Bookish Gifts, Book Club Gifts for Readers, Librarian Gifts - Bookish Items Decor, Book Ornament for Christmas Tree","B0DJY12521","Home","5",,"27.52","0","0","0","0","0.0",,"0","0","0","0",,"0","0","0","0","0.0",,,,"0","0","0","2025-04-30"
"NewEleven Family Christmas Ornaments 2024, Christmas Decorations Indoor, Mom, Dad, Sister, Brother - Family Tree Funny Christmas Ornaments, Christmas Decor - Ceramic Christmas Ornaments","B0DJY14TYV","Home","1",,"35.9","0","0","0","0","0.0",,"0","0","0","0",,"0","0","0","0","0.0",,,,"0","0","0","2025-04-30"
"NewEleven Thank You Gifts for Women, Friends, BFF, Coworker for Women, Appreciation Gifts for Women - Gift for Women, Best Friend Birthday Gifts - Glass Christmas Ornament 2024","B0DJY2BVJB","Home","2",,"30.89","0","0","0","0","0.0",,"0","0","0","0",,"0","0","0","0","0.0",,,,"0","0","0","2025-04-30"
"NewEleven Engagement Gifts for Couples 2024 - First Christmas Engaged Gifts for Her, Engagement Gift for Engaged Couples, Engagement Gifts for Her, Bride to Be Gifts, Glass Christmas Ornaments","B0DJY3RDHV","Home","3",,"29.67","0","0","0","0","0.0",,"0","0","0","0",,"0","0","0","0","0.0",,,,"0","0","0","2025-04-30"
"NewEleven Grandma Gifts from Granddaughter, Grandma and Granddaughter Ceramic Ornament Gifts for Nana Nanny Gigi Grandmother, Gifts for Grandma Round Ceramic Ornament Keepsake","B0DJY5K8QD","Home","1",,"36.08","0","0","0","0","0.0",,"0","0","0","0",,"0","0","0","0","0.0",,,,"0","0","0","2025-04-30"
"NewEleven Gifts for Mom from Daughter, Daughter Gifts from Mom, for Mom, Mom Gifts, Birthday Gifts for Mom, Mother Gifts - The Love Between Mother and Daughter - Christmas Ornaments","B0DJY5ZSY9","Home","2",,"28.86","0","0","0","0","0.0",,"0","0","0","0",,"0","0","0","0","0.0",,,,"0","0","0","2025-04-30"
"NewEleven Thank You Gifts for Women, Nurse, Teacher, Coworker, Friends - Gift for Women, Appreciation Gifts for Coworkers, Farewell, BFF, Women, Men - Retirement Gifts - Glass Christmas Ornaments","B0DJY7689G","Home","7",,"23.78","0","0","0","0","0.0",,"0","0","0","0",,"0","0","0","0","0.0",,,,"0","0","0","2025-04-30"
"NewEleven Pet First Christmas Ornaments 2024, My First Christmas Ornament Gifts for Puppy Dog Cat Pet Lovers, Cat Dog Picture Frame Ornaments for Christmas Tree, Photo Christmas Ornaments Decorations","B0DJY79JYZ","Home","1",,"27.8","0","0","0","0","0.0",,"0","0","0","0",,"0","0","0","0","0.0",,,,"0","0","0","2025-04-30"
"NewEleven Godparents Proposal Gift - Godmother Proposal Gift - Godparents are Blessing, Godfather Gift - Godmother Gift, Gifts for Godparents, Baptism Decoration Gifts - Ceramic Christmas Ornaments","B0DJY87DG8","Home","12",,"27.52","0","0","0","0","0.0",,"0","0","0","0",,"0","0","0","0","0.0",,,,"0","0","0","2025-04-30"
"NewEleven Godmother Proposal Gift - Godmother Gift - Will You be My Godmother - Godmother Gifts for Christmas, Godmother Gifts from Godchild, Godmother Gifts from Godchild - Christmas Ornament 2024","B0DJY9BWQ4","Home","11",,"26.06","0","0","0","0","0.0",,"0","0","0","0",,"0","0","0","0","0.0",,,,"0","0","0","2025-04-30"
"NewEleven 60th Birthday Gifts for Women, 60th Birthday Decorations, Fabulous 60th Birthday Ornaments Gifts Keepsake, Fun 60th Birthday Gifts Idea for Women - Ceramic Christmas Ornament","B0DJYD117Z","Home","11",,"43.36","0","0","0","0","0.0",,"0","0","0","0",,"0","0","0","0","0.0",,,,"0","0","0","2025-04-30"
"NewEleven Miscarriage Gifts, Memorial Gifts Infant Loss, Miscarriage Gifts for Mothers, Baby Sympathy Gifts for Loss of Loved One, Carried for a Moment - Bereavement Gift Idea - Christmas Ornaments","B0DJYD9JSW","Home","34",,"29.97","0","0","0","0","0.0",,"0","0","0","0",,"0","0","0","0","0.0",,,,"0","0","0","2025-04-30"
"NewEleven Wedding Gifts - Mr and Mrs Gifts - Bridal Shower Decorations - Wedding Gifts for Couples 2024, Wedding Gift for Couple Gifts - Bridal Shower Gifts - Just Married Glass Christmas Ornaments","B0DJYZSQXT","Home","7",,"38.96","0","0","0","0","0.0",,"0","0","0","0",,"0","0","0","0","0.0",,,,"0","0","0","2025-04-30"
"NewEleven Gifts for Mom, Mom Gifts, Mama Gifts, Birthday Gifts for Mom, Gift for Mom from Daughter, Son, Love You Mom Gifts, Thanksgiving, for Mom - Glass Heart Christmas Ornament","B0DJZ1LW8L","Home","5",,"30.89","0","0","0","0","0.0",,"0","0","0","0",,"0","0","0","0","0.0",,,,"0","0","0","2025-04-30"
"NewEleven Gifts for Dad, Love You Dad Gift Keepsake, Father Birthday Gift, Fun Birthday Gifts for Papa from Daughter, Son - Glass Heart Christmas Ornament","B0DJZ5B6YZ","Home","15",,"27.71","0","0","0","2","13.33","27.71","0","0","0","0",,"0","0","0","0","0.0","0.0",,,"0","0","0","2025-04-30"
"NewEleven Baptism Gifts for Girl, Baptism Gifts for Boys, Baptism Decorations Ornament, Baby Dedication Gift, Godchild Gift from Godparents - God Bless Baptized 2024 - Ceramic Christmas Ornaments","B0DK11YCP5","Home","3",,"23.67","0","0","0","0","0.0",,"0","0","0","0",,"0","0","0","0","0.0",,,,"0","0","0","2025-04-30"
"NewEleven 40th Birthday Gifts Women, 1984 40th Birthday Gift, 40th Birthday Decorations for Women, Friends, Daughter, Sister Mom - 40th Birthday Ornament Keepsake - Ceramic Christmas Ornament","B0DK11YM64","Home","1",,"43.36","0","0","0","0","0.0",,"0","0","0","0",,"0","0","0","0","0.0",,,,"0","0","0","2025-04-30"
"NewEleven Retirement Ornament, Funny Retirement Gift for Woman Men, Retired Gifts for Women Mom Nurses Teacher Coworker Friends, Christmas Tree Decorations, First Retirement Christmas Ornament 2024","B0DK12WRBS","Home","1",,"28.86","0","0","0","0","0.0",,"0","0","0","0",,"0","0","0","0","0.0",,,,"0","0","0","2025-04-30"
"NewEleven 2024 Christmas Ornaments, Christmas Tree Decoration Gifts for Women, Men, Coworkers Gifts on Christmas, Xmas Ornament for Family, Sister, Friends, Under Tree Christmas Decor Ceramic Ornament","B0DK155YN3","Home","1",,"26.58","0","0","0","0","0.0",,"0","0","0","0",,"0","0","0","0","0.0",,,,"0","0","0","2025-04-30"
"NewEleven Teacher Appreciation Gifts, Teacher Gifts Christmas Ornament 2024 - Teacher Gifts for Women, End of Year Teacher Gift from Student, Teacher Retirement Gifts - Ceramic Christmas Ornaments","B0DK15Y5WB","Home","1",,"27.91","0","0","0","0","0.0",,"0","0","0","0",,"0","0","0","0","0.0",,,,"0","0","0","2025-04-30"
"NewEleven for Women, Birthday Gifts for Women, Gifts for Her - Thank You Gift for Friend, Bestie for Women, Men - Valentine's Day Gift - Glass Christmas Ornaments","B0DK16RQ6J","Home","1",,"26.68","0","0","0","0","0.0",,"0","0","0","0",,"0","0","0","0","0.0",,,,"0","0","0","2025-04-30"
"NewEleven Engagement Gifts for Couples 2024 - First Christmas Engaged Gifts for Her - Engagement Gift for Newly Engaged Couples, Her, Women, Friends, Bride to Be Gifts, Glass Christmas Ornaments","B0DK16SMD9","Home","13",,"27.96","0","0","0","0","0.0",,"0","0","0","0",,"0","0","0","0","0.0",,,,"0","0","0","2025-04-30"
"NewEleven for Women, Christmas Ornaments 2024 Friendship Gifts for Women Friends, Birthday Gifts for Friends Female BFF Old Best Friends, Best Friend Ornament, Bestie Ornament","B0DK2YP1FB","Home","1",,"23.72","0","0","0","0","0.0",,"0","0","0","0",,"0","0","0","0","0.0",,,,"0","0","0","2025-04-30"
"NewEleven for Mom, New Mom - Gifts for a Mom of Boys, Pregnant Mom, Expecting Mom, Mama, Mom to Be, Mommy to Be - Baby Boy Announcement Gift Ceramic Ornament","B0DLT3SDLB","Home","2",,"28.63","0","0","0","0","0.0",,"0","0","0","0",,"0","0","0","0","0.0",,,,"0","0","0","2025-04-30"
"NewEleven Aunt Ornament Gifts from Niece, Nephew for Aunt, Auntie, Sister - Aunt Announcement, Promoted to Aunt, Best Aunt Ever Gift - Christmas Tree Decoration Ceramic Ornament","B0DLV7X769","Home","6",,"28.63","0","0","0","0","0.0",,"0","0","0","0",,"0","0","0","0","0.0",,,,"0","0","0","2025-04-30"
"NewEleven Aunt from Niece, Nephew for Aunt, New Aunt, Auntie, Sister - Aunt Announcement, Promoted to Aunt, Best Aunt Ever Gift - Christmas Decoration Ceramic Ornament","B0DLV9CFVS","Home","5",,"28.44","0","0","0","0","0.0",,"0","0","0","0",,"0","0","0","0","0.0",,,,"0","0","0","2025-04-30"
"NewEleven for Coworkers Women, Work Bestie Gifts for Women Friendship, Coworker Gifts for Women, Funny Gifts for Coworkers, Friendship Gifts for Work Bestie - Glass Christmas Ornaments","B0DLVRL4C1","Home","4",,"23.69","0","0","0","0","0.0",,"0","0","0","0",,"0","0","0","0","0.0",,,,"0","0","0","2025-04-30"
"NewEleven Godmother Proposal Gifts - Will You Be My Godmother - Godmother Gifts for Christmas - Pregnancy Announcement Gifts for Godmother, Godmom - Christmas Tree Decoration Ceramic Ornament","B0DLVRTFN9","Home","8",,"25.87","0","0","0","0","0.0",,"0","0","0","0",,"0","0","0","0","0.0",,,,"0","0","0","2025-04-30"
"NewEleven Retirement Ornament, Funny Retirement Gift for Woman, Retirement Gifts for Women Mom Nurses Teacher Coworker Friends, Christmas Tree Decorations, First Retirement Christmas Ornament 2024","B0DLVS7R7V","Home","14",,"31.99","0","0","0","0","0.0",,"0","0","0","0",,"0","0","0","0","0.0",,,,"0","0","0","2025-04-30"
"NewEleven Book Ornament Gifts for Book Lovers, Book Lovers Gifts, Bookish Gifts for Readers, Book Club Gifts for Women Bookworm Librarian, Nerd Gifts - Book Tree Ornament, Glass Christmas Ornaments","B0DLVSQM66","Home","13",,"27.71","0","0","0","0","0.0",,"0","0","0","0",,"0","0","0","0","0.0",,,,"0","0","0","2025-04-30"
"NewEleven Retirement Ornament, 2024 Retirement Gifts, Retirement Gifts for Women 2024, Funny Retirement Gift for Woman, Christmas Tree Decorations, First Retirement Christmas Ornament 2024","B0DLVSRZ33","Home","1",,"36.4","0","0","0","1","100.0","36.4","0","0","0","0",,"0","0","0","0","0.0","0.0",,,"0","0","0","2025-04-30"
"NewEleven Wifey Gifts, Engagement Gifts for Her, Bride Gifts, in My Wifey Era, Wedding, Bridal Shower, Bachelorette Gifts for Bride, Bride to be Gifts, Wife Ideas - Christmas Ornament","B0DLWJBK3Y","Home","30",,"40.44","0","0","0","0","0.0",,"0","0","0","0",,"0","0","0","0","0.0",,,,"0","0","0","2025-04-30"
"NewEleven 1985 40th Birthday Gifts for Women - 40 Year Old Birthday Gifts Idea for Women, Her, Mom, Wife - Turning 40 Gift for Woman - 20 Oz Tumbler","B0DM61B4F2","Kitchen","6006",,"29.98","314","3598","1287","86","1.43","29.98","10","46","19","37","29.98","3","19","10","5","149.9","5.81",,"29.98","1","2","1","2025-04-30"
"NewEleven 60th Birthday Gifts for Women - 1965 60th Birthday Decorations for Woman - Turning 60-60 Year Old Gifts for Women, Mom, Wife - 20 Oz Tumbler","B0DM63J16N","Kitchen","14235",,"29.98","669","8627","2742","130","0.91","29.98","4","77","25","51","29.98","3","27","8","17","569.62","13.08",,"29.98","1","10","3","2025-04-30"
"NewEleven House Warming Gifts New Home, New Home Ornament 2025, New Home Gift Ideas Decor- Welcome Home Gifts, Housewarming Gifts New Home, Best Housewarming Gifts 2025 - Glass Ornament","B0DPM5JXP7","Home","11",,"52.65","0","0","0","0","0.0",,"0","0","0","0",,"0","0","0","0","0.0",,,,"0","0","0","2025-04-30"
"NewEleven Anniversary Wedding Gifts for Men, Women, Boyfriend, Girlfriend, Husband, Wife, Valentine's Day, Birthday, Couple Gifts for Him, Her - 14 Oz Self Stirring Mug","B0DQ56WTWZ","Kitchen","8",,"58.59","0","0","0","0","0.0",,"0","0","0","0",,"0","0","0","0","0.0",,,,"0","0","0","2025-04-30"
"NewEleven Gifts For Him, Her - Gift For Men, Dad, Husband, Friend - Thank You, Appreciation, Graduation Present For Men, Boss, Coworker - 14 Oz Self Stirring Mug","B0DQ59YSW3","Kitchen","26",,"47.13","0","0","0","0","0.0",,"0","0","0","0",,"0","0","0","0","0.0",,,,"0","0","0","2025-04-30"
"NewEleven Engagement Gifts for Couples 2025 - Engagement Gift for Newly Engaged Couples, Happy Engagement Gifts for Her, Women, Friends, Bride to Be Gifts, Glass Christmas Ornaments","B0DR1SNKVX","Home","7",,"38.83","0","0","0","1","14.29","38.83","0","0","0","0",,"0","0","0","0","0.0","0.0",,,"0","0","0","2025-04-30"
"NewEleven Engagement Gifts for Couples 2025 - Engagement Gift for Newly Engaged Couples, Happy Engagement Gifts for Her, Women, Friends, Bride to Be Gifts, Glass Ornament","B0DRT3MK34","Home","5",,"39.35","0","0","0","0","0.0",,"0","0","0","0",,"0","0","0","0","0.0",,,,"0","0","0","2025-04-30"
"NewEleven Father Day Gifts For Dad, Dad Birthday Gifts From Daughter, Son - New Father Gift, Bible Jar For Father - Decorative Glass Inspirational Scripture Jar with 92 Bible Verse","B0DVSKBSWN","Home","5018",,"23.99","358","3157","799","90","1.79","23.99","6","61","10","15","23.99","2","10","1","4","95.96","4.44",,"23.99","1","3","0","2025-04-30"
"NewEleven Mothers Day Gifts For Mom, Birthday Present For Mom From Daughters, Son - New Mama Gifts, Mother In Law - Bible Jar For Mom - Decorative Glass Inspirational Scripture Jar with 92 Bible Verse","B0DVSKXLS5","Home","21758",,"23.99","1649","12988","4054","284","1.31","23.99","24","170","57","40","23.99","4","23","8","14","335.86","4.93",,"23.99","1","8","2","2025-04-30"
"NEWELEVEN Graduation Gifts for Her, Him - 2025 Graduation Gifts, Funny College Graduation Gifts, Master Degree, Graduation Gift for Women, Men, Her, Him, Friends - 16 Oz Coffee Glass","B0DWMZXCZP","Kitchen","41",,"50.1","0","0","0","1","2.44","53.11","0","0","0","1","53.11","0","0","0","0","0.0","0.0",,,"0","0","0","2025-04-30"
"NewEleven Mothers Day Gifts For Mom - Birthday Gifts For Mom From Daughter, Son, Kids – Unique Birthday Present Ideas For Mom, New Mom, Mom To Be, Wife From Daughter, Son, Husband - 20 Oz Tumbler","B0DXVPDSJK","Kitchen","3",,"59.68","0","0","0","0","0.0",,"0","0","0","0",,"0","0","0","0","0.0",,,,"0","0","0","2025-04-30"
"NewEleven Mothers Day Card, Dog Mom Gifts For Women, Unique Moms Gift for Mother's Day, Cute Dog Mom Mother's Day Cards from Dogs, Puppy For Her Womens","B0F2TF1PWV","Office Products","1",,"66.59","0","0","0","0","0.0",,"0","0","0","0",,"0","0","0","0","0.0",,,,"0","0","0","2025-04-30"
