Reporting Range=["Monthly"],Select year=["2025"],Select month=["June"],Brand=["NEWELEVEN"]
"ASIN title",ASIN,Category,"Impressions: Impressions","Impressions: Rating (Median)","Impressions: Price (Median)","Impressions: Same-Day Shipping Speed","Impressions: 1D Shipping Speed","Impressions: 2D Shipping Speed","Clicks: Clicks","Clicks: Click Rate (CTR)","Clicks: Price (Median)","Clicks: Same-Day Shipping Speed","Clicks: 1D Shipping Speed","Clicks: 2D Shipping Speed","Cart Adds: Cart Adds","Cart Adds: Price (Median)","Cart Adds: Same-Day Shipping Speed","Cart Adds: 1D Shipping Speed","Cart Adds: 2D Shipping Speed","Purchases: Purchases","Purchases: Search Traffic Sales","Purchases: Conversion Rate %","Purchases: Rating (Median)","Purchases: Price (Median)","Purchases: Same-Day Shipping Speed","Purchases: 1D Shipping Speed","Purchases: 2D Shipping Speed","Reporting Date"
"Gifts for Mom from Daughter, Son, Kids - Mothers Day Gifts for Mom, Women, Wife - Funny Best Birthday Gifts Ideas for Mom, Mother, Wife, New Mom, Bonus Mom, Mom to Be, Mother in Law - 12 Oz Tumbler","B07Y7ZQ265","Kitchen","1757",,"42.17","0","0","0","2","0.11","43.79","0","0","0","0",,"0","0","0","0","0.0","0.0",,,"0","0","0","2025-06-30"
"Gifts for Dad from Daughter, Son, Kids - Birthday Gifts for Dad, New Dad - Fathers Day Gift for Dad, Husband, Men - Best Dad Bday Present Idea for a Father, Men, Him - Dad Mug, 20 Oz Tumbler","B088GX79HT","Kitchen","1134",,"29.72","0","0","0","12","1.06","29.72","0","0","0","1","29.72","0","0","0","0","0.0","0.0",,,"0","0","0","2025-06-30"
"40th Birthday Gifts Women - 1984 40th Birthday Decorations for Women - Gifts for Women Turning 40-40 Year Old Gifts for Her, Wife, Mom, Friends - 12 Oz Wine Tumbler","B089QFK8NV","Kitchen","36",,"43.45","0","0","0","1","2.78","45.81","0","0","0","1","45.81","0","0","0","0","0.0","0.0",,,"0","0","0","2025-06-30"
"50th Birthday Gifts for Women - 1974 50th Birthday Decorations for Women - Gifts for Women Turning 50 - Mothers Day Gifts 50 Year Old Gifts for Women, Mom, Wife - 12 oz Wine Tumbler","B089QFYLFB","Kitchen","26043",,"24.98","1438","15668","5836","242","0.93","24.98","20","146","47","112","24.98","8","70","19","25","624.5","10.33",,"24.98","2","11","8","2025-06-30"
"NewEleven Fathers Day Gift For Men, Dad, Husband, Him - Aprons For Men With Pockets - Funny Gifts For Men, Dad, Husband, Boyfriend, Him, Brother, Uncle - Grill Cooking BBQ Kitchen Chef Apron","B08CDFWN1Q","Apparel","23453",,"22.98","223","4397","8470","272","1.16","18.98","4","75","91","80","18.98","1","13","34","29","594.4","10.66",,"18.98","1","6","10","2025-06-30"
"60th Birthday Gifts for Women - 1965 60th Birthday Decorations for Women - Birthday Gifts for 60 Year Old Woman - 60 Years Old Gifts Ideas for Woman Turning 60, Mom, Wife, Friends- 12 oz Wine Tumbler","B08R8PXYL6","Kitchen","18271",,"24.98","563","4450","6208","146","0.8","24.98","2","41","48","78","24.98","2","22","19","22","549.56","15.07",,"24.98","1","7","8","2025-06-30"
"40th Birthday Gifts for Men, Women - 1984 40th Birthday Decorations for Men, Women - Gifts for Women Turning 40-40 Year Old Gifts for Men, Him, Her, Husband, Wife, Dad, Mom, Friends - 20 Oz Tumbler","B08R8R2LQF","Kitchen","28020",,"24.98","1185","18857","5500","189","0.67","24.98","12","128","33","94","24.98","6","63","18","27","674.46","14.29",,"24.98","1","20","4","2025-06-30"
"50th Birthday Gifts for Women Men - 1973 50th Birthday Decorations for Men Women - Gifts for Women Turning 50-50 Year Old Gifts for Women, Men, Mom, Dad, Husband, Wife - 20 Oz Tumbler","B08R8SW1NM","Kitchen","97",,"36.34","0","0","0","0","0.0",,"0","0","0","0",,"0","0","0","0","0.0",,,,"0","0","0","2025-06-30"
"NEWELEVEN Coworker Leaving Gift - Farewell, Going Away, New Job, Goodbye, Good Luck for Colleagues, Boss, Men, Women, Friends - 20 Oz Tumbler","B08Y8RZRHG","Kitchen","10",,"56.36","0","0","0","0","0.0",,"0","0","0","0",,"0","0","0","0","0.0",,,,"0","0","0","2025-06-30"
"Gifts for Dad from Daughter, Son, Kids - Birthday Gifts for Dad, New Dad - Fathers Day Gift for Dad, Husband, Men - Best Dad Bday Present Idea for a Father, Men, Him - Dad Mug, 20 Oz Tumbler","B08ZKZ1FJK","Kitchen","40118",,"23.98","2306","21210","8100","465","1.16","23.98","20","260","105","124","19.53","7","63","32","43","933.24","9.25",,"19.53","2","29","8","2025-06-30"
"NewEleven Retirement Gift for Women 2024 - Happy Retirement, Coworker Leaving, Farewell, Goodbye for Coworkers, Friends - 12 Oz Tumbler","B08ZRWW1W4","Kitchen","70874",,"23.98","2927","40560","15347","583","0.82","23.98","25","333","138","277","23.98","15","166","57","90","2268.12","15.44",,"23.98","7","58","16","2025-06-30"
"NewEleven Fathers Day Gift For Men, Dad, Husband, Him - Aprons For Men With Pockets - Funny Gifts For Men, Dad, Husband, Boyfriend, Him, Brother, Uncle - Grill Cooking BBQ Kitchen Chef Apron","B08ZYGT8SH","Apparel","12668",,"19.98","109","2025","3709","160","1.26","19.98","2","31","41","38","19.98","1","9","9","14","291.72","8.75",,"19.98","0","5","4","2025-06-30"
"NewEleven Fathers Day Gift For Dad - Aprons Gifts For Men With Pockets - Birthday Gifts for Men, Dad, Husband, Boyfriend, Him - Grill Cooking BBQ Kitchen Chef Apron","B091F4PHBQ","Apparel","2316",,"19.98","51","374","758","16","0.69","19.98","0","4","4","3","19.98","0","0","1","0","0.0","0.0",,,"0","0","0","2025-06-30"
"NewEleven Fathers Day Gift For Men, Dad, Husband, Him - Aprons For Men With Pockets - Funny Gifts For Men, Dad, Husband, Boyfriend, Him, Brother, Uncle - Grill Cooking BBQ Kitchen Chef Apron","B091F544N7","Apparel","9123",,"19.98","94","1649","2582","202","2.21","19.98","1","44","62","40","18.98","0","11","11","9","174.82","4.46",,"18.98","0","2","4","2025-06-30"
"NewEleven Coworker Leaving Gifts - Farewell Gifts, Going Away Gift For Coworker - New Job, Goodbye, Good Luck Gift For Coworkers, Colleagues, Boss, Men, Women, Friends - 20 Oz Tumbler","B092HNBJT6","Kitchen","5",,"51.85","0","0","0","0","0.0",,"0","0","0","0",,"0","0","0","0","0.0",,,,"0","0","0","2025-06-30"
"NewEleven Fathers Day Gift For Grandpa From Granddaughter, Grandson - Birthday Present Ideas For Grandfather, New Grampa, Promoted To Grandfather, Grandchildren, Grandkid - 20 Oz Tumbler","B094CFGN42","Kitchen","4",,,"0","0","0","0","0.0",,"0","0","0","0",,"0","0","0","0","0.0",,,,"0","0","0","2025-06-30"
"NewEleven Retirement Gifts For Woman 2025 - Retired Gift For Coworker Leaving - Farewell, Goodbye Presents For Women, Coworkers, Friends - 20 Oz Tumbler","B095S16WV3","Kitchen","6",,"38.13","0","0","0","0","0.0",,"0","0","0","0",,"0","0","0","0","0.0",,,,"0","0","0","2025-06-30"
"NewEleven Retirement Gifts For Woman 2025 - Happy Retirement Gifts For Coworker Leaving - Farewell, Goodbye Presents For Women, Coworkers, Friends - 20 Oz Tumbler","B095S1818R","Kitchen","16",,"44.63","0","0","0","1","6.25","44.86","0","0","0","0",,"0","0","0","0","0.0","0.0",,,"0","0","0","2025-06-30"
"NewEleven Gifts For Him, Men - Gift For Men, Women, Dad, Husband, Friend - Thank You Gifts, Appreciation Gift, Graduation Presents For Men, Nurse, Teacher, Boss, Coworker - 20 Oz Tumbler","B0978WGWY4","Kitchen","1658",,"19.98","49","877","393","14","0.84","19.98","0","6","3","4","19.98","0","3","1","1","19.98","7.14",,"19.98","0","0","1","2025-06-30"
"NewEleven Gifts for Brother - Brother Gifts from Sister, Brother - Big Brother Gifts, Little Brother Gifts - Birthday Gifts for Brothers from Sisters, Brother, Siblings - 20 Oz Tumbler","B09792XF8F","Kitchen","35448",,"22.98","2262","23184","6593","178","0.5","22.98","16","106","42","61","22.98","6","35","15","15","339.5","8.43",,"22.98","2","6","6","2025-06-30"
"NewEleven Gifts for Mom - Gifts for Mom from Daughter, Son, Kids - Unique Birthday Gifts for Mom, Mother, Wife, New Mom, Bonus Mom, Pregnant Mom - Funny Gifts Ideas for Mom - 20 Oz Tumbler","B097B9H21P","Kitchen","20448",,"24.98","1106","13203","3939","272","1.33","24.98","19","181","39","48","24.98","5","27","8","19","391.62","6.99",,"24.98","2","11","4","2025-06-30"
"NewEleven Gifts for Dad from Daughter, Son, Kids - Birthday Gift for Dad, Husband, Men - Best Present Idea for Father, Husband, Bonus Dad from Daughter, Son, Wife - 20 Oz Tumbler","B097B9SY89","Kitchen","70797",,"19.98","2205","37119","15517","1263","1.78","19.98","43","669","283","257","19.98","7","143","52","87","1914.08","6.89",,"19.98","3","53","17","2025-06-30"
"NewEleven Uncle Gifts - Gifts for Uncle from Niece, Nephew - Uncle Birthday Gifts - Best Gifts for New Uncle, Funcle, Uncle Announcement - 20 Oz Tumbler","B097H6PJCN","Kitchen","256",,"47.21","0","0","0","0","0.0",,"0","0","0","0",,"0","0","0","0","0.0",,,,"0","0","0","2025-06-30"
"NewEleven Bride To Be Gifts For Her - Wedding Gifts For Bride - Bridal Shower Gift, Bachelorette Gifts For Bride - Engagement Gifts For Women - Bridal Gifts For Bride To Be, Fiancee - 20 Oz Tumbler","B09B9PKM9M","Kitchen","43",,"22.99","1","22","11","2","4.65","22.99","0","1","0","1","22.99","0","0","0","1","22.99","50.0",,"22.99","0","0","0","2025-06-30"
"Coworker Leaving Gift - Farewell, Going Away, New Job, Goodbye, Good Luck for Colleagues, Boss, Men, Women, Friends - 20 Oz Tumbler","B09XDFF8FF","Kitchen","46923",,"24.98","2751","29630","9209","674","1.44","24.98","40","435","129","131","24.98","7","88","25","46","1149.08","6.82",,"24.98","2","34","8","2025-06-30"
"NewEleven Retirement Gifts For Women 2024 - Happy Retirement Party Decorations - Coworker Leaving Gifts, Farewell Gifts, Goodbye Gifts For Coworkers, Friends - 20 Oz Tumbler","B09XDFLNR8","Kitchen","22",,"51.7","0","0","0","0","0.0",,"0","0","0","0",,"0","0","0","0","0.0",,,,"0","0","0","2025-06-30"
"Retirement Gifts For Women 2022 - Retired Gifts For Women - Female Retirement Gifts - Coworker Leaving Gifts, Farewell Gifts, Goodbye Gift For Women, Colleagues, Coworkers, Friends - 12Oz Wine Tumbler","B0B2WGL9ZW","Kitchen","13",,"50.12","0","0","0","0","0.0",,"0","0","0","0",,"0","0","0","0","0.0",,,,"0","0","0","2025-06-30"
"NewEleven Retirement Gifts For Women 2024 - Happy Retirement Gifts - Coworker Leaving Gifts, Farewell Gifts, Goodbye Gifts For Coworkers, Friends - 12 Oz Tumbler","B0B9RLH8RV","Kitchen","4",,"57.44","0","0","0","0","0.0",,"0","0","0","0",,"0","0","0","0","0.0",,,,"0","0","0","2025-06-30"
"NewEleven Mothers Day Gifts for Mom - Unique Birthday Gifts for Mom, Mother, Wife, New Mom, Bonus Mom, Pregnant Mom - 16 Oz Coffee Glass","B0B9SF2R4R","Kitchen","30",,"39.84","0","0","0","0","0.0",,"0","0","0","0",,"0","0","0","0","0.0",,,,"0","0","0","2025-06-30"
"NewEleven Gifts For Aunt From Niece, Nephew - Cool Gifts For New Aunt, Auntie, Sister - Aunts Birthday Gift - Announcement, Promoted To Aunty, Best Auntie Ever - 16 Oz Coffee Glass","B0BC8SB3Y4","Kitchen","138",,"31.36","0","0","0","0","0.0",,"0","0","0","0",,"0","0","0","0","0.0",,,,"0","0","0","2025-06-30"
"Sister Gifts From Sister, Brother - Birthday Gifts For Sister - Best Funny Unique Bday Presents For Big Sister, Little Sister, Sister In Law, Sibling, Best Friend, Bestie, Women - Coffee Glass","B0BC8WBYW7","Kitchen","52",,"19.98","5","21","13","0","0.0",,"0","0","0","0",,"0","0","0","0","0.0",,,,"0","0","0","2025-06-30"
"NewEleven Mothers Day Gifts For Wife, Her - Wife Gifts From Husband - Gift For Her - Gift Ideas For Women, Bride To Be, Fiancee, Wifey - 16 Oz Coffee Glass","B0BDLH8KX3","Kitchen","102",,"34.39","0","0","0","0","0.0",,"0","0","0","0",,"0","0","0","0","0.0",,,,"0","0","0","2025-06-30"
"NewEleven Cute Glass Coffee Cups With Lids And Straw – Aesthetic Cups – Iced Coffee Cup, Coffee Tumbler, Glass Tumbler – Christmas Gifts For Women, Coffee Lover - 16 Oz Coffee Glass","B0BHVNXNYL","Kitchen","23",,"35.79","0","0","0","0","0.0",,"0","0","0","0",,"0","0","0","0","0.0",,,,"0","0","0","2025-06-30"
"NewEleven Mother Day Gift for Mom - Gifts for Mom from Daughter, Son, Kids - Unique Birthday Gifts for Mom, New Mom, Bonus Mom, Pregnant Mom - Funny Gifts Ideas for Mom - 16 Oz Coffee Glass","B0BHWDNYVL","Kitchen","335",,"18.98","2","65","118","0","0.0",,"0","0","0","0",,"0","0","0","0","0.0",,,,"0","0","0","2025-06-30"
"Christmas Gifts For Women - Best Friend Birthday Gifts For Women – Female Friendship Gifts, Sisters Gifts From Sister - Funny Bday Presents Unique Gifts For Her, BFF, Bestie - 16 Oz Coffee Glass","B0BRB5SPYZ","Kitchen","6",,"47.88","0","0","0","1","16.67","47.88","0","0","0","0",,"0","0","0","0","0.0","0.0",,,"0","0","0","2025-06-30"
"NewEleven Galentines Gifts For Sister From Sister, Brother - Unique Birthday Present For Sister, Soul Sister, Big Sister, Little Sister, Sister In Law, Sibling, Bestie - 16 Oz Coffee Glass","B0BRB6J55H","Kitchen","1",,"35.9","0","0","0","0","0.0",,"0","0","0","0",,"0","0","0","0","0.0",,,,"0","0","0","2025-06-30"
"NewEleven Coworker Leaving Gifts - Gifts For Coworker Farewell, Going Away, Goodbye, New Job - Good Luck Presents For Friends, Boss, Women, Work Bestie – 16 Oz Coffee Glass","B0BRB6NJCT","Kitchen","28",,"45.32","0","0","0","1","3.57","45.32","0","0","0","0",,"0","0","0","0","0.0","0.0",,,"0","0","0","2025-06-30"
"Bride To Be Gifts For Her - Wedding Gifts For Bride - Bridal Shower Engagement Gifts For Women - Bachelorette Gifts For Bride, Fiancee, Wifey - Bachelorette Party Decorations - 16 Oz Coffee Glass","B0BRCCZLL8","Kitchen","11",,"43.69","0","0","0","0","0.0",,"0","0","0","0",,"0","0","0","0","0.0",,,,"0","0","0","2025-06-30"
"NewEleven Christmas Gifts For Women Friendship - Funny Gifts For Friends Female - Unique Friendship Gift For Women, Friend, Female, Bestie, Bff, Soul Sister, Work Bestie - 16 Oz Coffee Glass","B0BRCDZRSP","Kitchen","30",,"45.4","0","0","0","0","0.0",,"0","0","0","0",,"0","0","0","0","0.0",,,,"0","0","0","2025-06-30"
"NewEleven Gifts For Dog Lovers, Dog Owners, Dog Mama, Dog Mom, Fur Mama - Dog Mom Gifts For Women - Cute Funny Gifts For Women, Best Friend, Girlfriend - 16 Oz Coffee Glass","B0BRCG7S9H","Kitchen","23",,"28.38","0","0","0","0","0.0",,"0","0","0","0",,"0","0","0","0","0.0",,,,"0","0","0","2025-06-30"
"NewEleven Mothers Day Gifts For Sister From Sister, Brother - Unique Birthday Present For Sister, Soul Sister, Big Sister, Little Sister, Sister In Law, Sibling, Bestie - 16 Oz Coffee Glass","B0BYCSHGYX","Kitchen","15",,"47.88","0","0","0","0","0.0",,"0","0","0","0",,"0","0","0","0","0.0",,,,"0","0","0","2025-06-30"
"NewEleven Mothers Day Gifts for Aunt from Niece, Nephew - Cool Gifts for Auntie, Sister - Aunty Birthday Gift - Announcement, Promoted to Aunt - 16 Oz Coffee Glass","B0BYCT1SRJ","Kitchen","46530",,"22.98","3119","28324","9152","384","0.83","22.98","27","241","89","167","22.98","12","101","37","36","938.2","9.38",,"22.98","3","25","5","2025-06-30"
"NewEleven Gifts For Nurse - Nurse Gifts For Women - Caregiver Appreciation Gift, Nursing Student, Nurses Practitioner - RN Gift For Nurses Women - 16 Oz Coffee Glass","B0BYDBW7PH","Kitchen","15",,"35.79","0","0","0","1","6.67","35.79","0","0","0","0",,"0","0","0","0","0.0","0.0",,,"0","0","0","2025-06-30"
"NEWELEVEN Gifts for Book Lovers - Book Lovers Gifts for Women - Bookish Gifts for Readers, Librarians, Bookaholics, Bookworm - Birthday Gifts for Women, Her, Best Friend – 16 Oz Coffee Glass","B0BYDDFNBD","Kitchen","44004",,"23.98","3914","29337","6640","305","0.69","23.98","16","198","57","119","23.98","5","77","21","21","503.58","6.89",,"23.98","1","17","3","2025-06-30"
"Birthday Gifts For Women - Best Friend Giftss for Women – Female Friendship Gifts, Sisters Gifts From Sister - Funny Birthday Presents Unique Gag Gifts For BFF, Bestie, Coworker - Lavender Candle 8 Oz","B0BYHP62T5","Home","7",,"36.49","0","0","0","0","0.0",,"0","0","0","0",,"0","0","0","0","0.0",,,,"0","0","0","2025-06-30"
"NewEleven Cute Glass Coffee Cups With Lids And Straw – Aesthetic Cups – Iced Coffee Cup, Coffees Tumbler – Galentines Gifts For Women, Coffees Lover - 16 Oz Coffee Glass","B0C1BS7BV8","Kitchen","12",,"45.32","0","0","0","0","0.0",,"0","0","0","0",,"0","0","0","0","0.0",,,,"0","0","0","2025-06-30"
"NewEleven Iced Coffee Cup With Bamboo Lids And Glass Straws For Boba, Smoothie, Cocktail - 16 Oz Coffee Glass","B0C1BYB4SH","Kitchen","9",,"31.65","0","0","0","0","0.0",,"0","0","0","0",,"0","0","0","0","0.0",,,,"0","0","0","2025-06-30"
"NewEleven Bridesmaid Gifts - Bridesmaid Proposal Gifts, Bridal Shower Decorations Gift - Iced Coffee Cup With Bamboo Lids And Glass Straws For Boba, Smoothie, Cocktail - 16 Oz Coffee Glass","B0C1C1F4M4","Kitchen","43",,"41.61","0","0","0","0","0.0",,"0","0","0","0",,"0","0","0","0","0.0",,,,"0","0","0","2025-06-30"
"NewEleven Sloth Gifts For Women - Sloth Gifts, Sloth Stuff For Sloth Lovers - Cute Funny Birthday Gifts For Women, Best Friend, Sister, Daughter, Coworker - 16 Oz Coffee Glass","B0C23XHCN1","Kitchen","9",,"39.09","0","0","0","1","11.11","39.09","0","0","0","0",,"0","0","0","0","0.0","0.0",,,"0","0","0","2025-06-30"
"NewEleven Penguin Gifts For Women - Penguin Gifts, Penguin Stuff For Penguin Lovers - Cute Funny Birthday Gifts For Women, Best Friend, Sister, Daughter, Coworker - 16 Oz Coffee Glass","B0C23Y5ZYH","Kitchen","13",,"45.78","0","0","0","1","7.69","45.78","0","0","0","0",,"0","0","0","0","0.0","0.0",,,"0","0","0","2025-06-30"
"NewEleven Cow Gifts For Women - Cow Gifts, Cow Stuff For Cow Lovers - Cute Funny Birthday Gifts For Women, Best Friend, Sister, Daughter, Coworker - 16 Oz Coffee Glass","B0C242DYT4","Kitchen","16",,"45.78","0","0","0","0","0.0",,"0","0","0","0",,"0","0","0","0","0.0",,,,"0","0","0","2025-06-30"
"Retirement Gifts For Men Women 2023 - Retired Gifts For Men, Women - Retirement Party Decorations - Fun Retirement Gifts For Women, Men, Retired People, Coworkers, Friends - 20 Oz Tumbler","B0C3CW184G","Kitchen","19",,"64.53","0","0","0","0","0.0",,"0","0","0","0",,"0","0","0","0","0.0",,,,"0","0","0","2025-06-30"
"NewEleven Gifts For Women Friendship - Funny Gifts For Friends Female - Unique Friendship Gifts For Women, Friend, Female, Bestie, Bff, Soul Sister, Work Bestie - 20 Oz Tumbler","B0C3CWNMC4","Kitchen","24",,,"0","0","0","0","0.0",,"0","0","0","0",,"0","0","0","0","0.0",,,,"0","0","0","2025-06-30"
"NewEleven 40th Birthday Gifts for Men Women - Vintage 1983 50th Birthday Decorations Men Women - Retro Trucker Hat (1983 Black)","B0C6DL59L9","Apparel","5",,"20.98","0","0","0","0","0.0",,"0","0","0","0",,"0","0","0","0","0.0",,,,"0","0","0","2025-06-30"
"NewEleven Mothers Day Gifts for Mom - Birthday Gifts for Mom from Kids – Unique Birthday Present Ideas for Mother, New Mom, Mom to Be, Wife from Daughter, Son, Husband - 16 Oz Coffee Glass","B0C9BZRC4K","Kitchen","39620",,"19.98","669","6832","15705","260","0.66","19.98","2","53","85","104","19.98","0","21","31","20","429.58","7.69",,"19.98","0","7","3","2025-06-30"
"NewEleven Gifts For Sister From Sister, Brother - Unique Birthday Present For Sister, Soul Sister, Big Sister, Little Sister, Sister In Law, Sibling, Bestie - 16 Oz Coffee Glass","B0C9C5VX7S","Grocery","32",,"46.93","0","0","0","2","6.25","39.54","0","0","0","0",,"0","0","0","0","0.0","0.0",,,"0","0","0","2025-06-30"
"NewEleven Gifts for Aunt - Cool Presents for New Auntie, Sister - Birthday, Announcement, Promoted to Aunt - 20 Oz Tumbler","B0C9D2PHMH","Kitchen","3074",,"21.98","51","1567","860","25","0.81","21.98","1","15","5","11","21.98","0","10","0","3","65.94","12.0",,"21.98","0","3","0","2025-06-30"
"Coworker Leaving Gifts - Farewell Gifts, Going Away Gift For Coworker - New Job, Goodbye, Good Luck Gifts For Coworkers, Colleagues, Boss, Work Bestie, Women, Friends - 16 Oz Coffee Glass","B0CBJQZCFY","Kitchen","22",,"45.32","0","0","0","0","0.0",,"0","0","0","0",,"0","0","0","0","0.0",,,,"0","0","0","2025-06-30"
"NewEleven Nurse Gifts For Women - Nurse Accessories for Nurses, Nursing Student, Nurse Practitioner, Registered Nurse - Nurse Gifts For Birthday, Appreciation Week, Graduation - 16 Oz Coffee Glass","B0CBJR253J","Kitchen","16",,"35.79","0","0","0","0","0.0",,"0","0","0","0",,"0","0","0","0","0.0",,,,"0","0","0","2025-06-30"
"NewEleven Gifts For Mom From Daughter, Son - Mom Gifts - Birthday Gifts For Mom - Mothers Day Gifts For Mom, Wife, Women - Funny Birthday Presents From Daughter, Son, Husband - 16 Oz Coffee Glass","B0CBJSYJJS","Kitchen","3",,"41.49","0","0","0","0","0.0",,"0","0","0","0",,"0","0","0","0","0.0",,,,"0","0","0","2025-06-30"
"NewEleven Gifts For Book Lovers - Book Lovers Gifts For Women, Her, Friends - Book Accessories, Bookish Gifts For Writers, Readers, Librarian, Bookaholic, Bookworm – 16 Oz Coffee Glass","B0CCDLWRTD","Kitchen","133",,"22.98","0","0","0","2","1.5","22.98","0","0","0","1","22.98","0","0","0","0","0.0","0.0",,,"0","0","0","2025-06-30"
"Coworker Leaving Gifts - Farewell Gifts, Going Away Gift For Coworker - New Job Gifts, Goodbye Gifts, Good Luck Gifts For Coworkers, Friends, Boss, Men, Women - 20 Oz Tumbler Navy","B0CDLPSMGF","Kitchen","7",,"56.52","0","0","0","0","0.0",,"0","0","0","0",,"0","0","0","0","0.0",,,,"0","0","0","2025-06-30"
"NewEleven Birthday Gifts For Women, Men - Fathers Day Gift For Men, Dad, Husband, Friend - Thank You Gifts, Appreciation Gifts, Graduation Gifts For Men, Nurse, Teacher, Boss, Coworker – 20 Oz Tumbler","B0CDLQFJK6","Kitchen","12",,"50.24","0","0","0","0","0.0",,"0","0","0","0",,"0","0","0","0","0.0",,,,"0","0","0","2025-06-30"
"NewEleven Gifts for Men, Women - Funny Gag Gifts Ideas for Dad, Mom, Grandpa, Grandma, Husband, Wife, Uncle, Him - 40th 50th 60th 70th 80th Birthday Gifts for Men Women – 20 Oz Tumbler","B0CDLQGPKC","Kitchen","521",,"40.06","0","0","0","0","0.0",,"0","0","0","0",,"0","0","0","0","0.0",,,,"0","0","0","2025-06-30"
"NEWELEVEN Coworker Leaving Gift - Farewell, Going Away, New Job, Goodbye, Good Luck for Coworkers, Friends, Boss, Men, Women - 20 Oz Tumbler (Navy)","B0CDLSGXDY","Kitchen","9471",,"22.98","0","0","125","133","1.4","22.98","0","0","2","22","22.98","0","0","0","1","22.98","0.75",,"22.98","0","0","0","2025-06-30"
"NewEleven Coworker Gifts For Women – Chaos Coordinator Gifts For Women, Men, Boss, Manager, Coworker - Thank you, Appreciation, Inspirational Gifts For Teacher, Nurse, Social Worker – 20 Oz Tumbler","B0CFQ4CDD5","Kitchen","12",,"52.33","0","0","0","0","0.0",,"0","0","0","0",,"0","0","0","0","0.0",,,,"0","0","0","2025-06-30"
"NewEleven Fathers Day Gift for Dad - Birthday Gifts for Dad from Daughter, Son, Kids - Husband Gift - Birthday Present Ideas for Father, New Papa, Bonus Father from Daughter, Son - 20 Oz Tumbler","B0CG8N67SJ","Kitchen","83198",,"24.98","6746","59312","11159","1062","1.28","24.98","101","776","112","240","26.98","20","173","29","82","2197.56","7.72",,"26.98","7","57","11","2025-06-30"
"NewEleven Mothers Day Gifts for Mom, Wife - Gifts for Mom from Daughter, Son, Kids - Unique Birthday Present Ideas for Mother, Wife, New Mama from Daughter, Son, Husband - 20 Oz Tumbler","B0CG8NHNWF","Kitchen","16440",,"22.99","832","7441","4440","124","0.75","22.99","9","51","35","29","22.99","4","12","6","7","160.93","5.65",,"22.99","1","6","0","2025-06-30"
"NewEleven Valentines Gifts For Wife From Husband - Romantic Anniversary Wedding Gifts For Wife, Her From Husband - Best Presents Idea For Wife, Women - 20 Oz Tumbler","B0CHFDJGN6","Kitchen","4",,"40.54","0","0","0","0","0.0",,"0","0","0","0",,"0","0","0","0","0.0",,,,"0","0","0","2025-06-30"
"NewEleven Gifts For Book Lovers - Book Lovers Gifts For Women - Bookish Gifts for Readers, Librarians, Bookaholics, Bookworms - Birthday Gifts For Women, Her, Best Friend – 20 Oz Tumbler","B0CHFFN9KD","Kitchen","6",,"48.26","0","0","0","0","0.0",,"0","0","0","0",,"0","0","0","0","0.0",,,,"0","0","0","2025-06-30"
"NEWELEVEN Valentines Gifts For Dad, Men - Funny Birthday Gifts For Dad, Men, Car Guys - Unique Present Idea For Father, Papa, Husband, Uncle, Guys From Daughter, Son, Kids, Wife - 20 Oz Tumbler","B0CHJ1V1RR","Kitchen","88",,"19.98","0","0","2","0","0.0",,"0","0","0","0",,"0","0","0","0","0.0",,,,"0","0","0","2025-06-30"
"Gifts For Nurse - Birthday Gifts For Nurse - Best Bday Presents For Mom, Mother, Wife, New Mom, Bonus Mom, Mama From Daughter, Son, Husband - 20 Oz Tumbler","B0CHJ2B24X","Kitchen","8",,,"0","0","0","0","0.0",,"0","0","0","0",,"0","0","0","0","0.0",,,,"0","0","0","2025-06-30"
"NewEleven Christmas Gifts For Coworker Women – Work Bestie Gifts For Women Friendship - Unique Present Ideas For Coworker Leaving, Going Away, Goodbye, Farewell Party – 20 Oz Tumbler","B0CHJ3W9SQ","Kitchen","11",,"55.8","0","0","0","0","0.0",,"0","0","0","0",,"0","0","0","0","0.0",,,,"0","0","0","2025-06-30"
"NewEleven Gifts For Mom From Daughter, Son, Kids - Birthday Gifts For Mom - Mom Gifts - Best Birthday Gifts Ideas For Mom, New Mom, Mom To Be - 16 Oz Coffee Glass","B0CJ2CKDR8","Kitchen","4",,"33.72","0","0","0","0","0.0",,"0","0","0","0",,"0","0","0","0","0.0",,,,"0","0","0","2025-06-30"
"NEWELEVEN Gifts For Aunt From Niece, Nephew - Cool Gifts For Aunt, New Aunt, Auntie, Sister - Aunt Birthday Gift, Aunt Announcement, Promoted To Aunt, Best Aunt Ever - 16 Oz Coffee Glass","B0CJ2CNDQT","Kitchen","12",,"45.78","0","0","0","0","0.0",,"0","0","0","0",,"0","0","0","0","0.0",,,,"0","0","0","2025-06-30"
"NEWELEVEN 40th Birthday Gifts For Women - 1984 40th Birthday Decorations For Women - 40 Year Old Gifts For Her, Women, Mom, Wife, Sister, Friends - 16 Oz Coffee Glass","B0CJ2D7DZJ","Kitchen","84",,"8.21","0","0","0","2","2.38",,"0","0","0","1",,"0","0","0","1","8.2","50.0",,"8.2","0","0","0","2025-06-30"
"NewEleven Fathers Day Gift For Dad - Cool Dad Gifts From Daughter - Unique Birthday Present Ideas For Father, Husband, Bonus Father, Step Papa, New Papa From Daughter - 20 Oz Tumbler","B0CJLF7CW6","Kitchen","18",,"47.14","0","0","0","0","0.0",,"0","0","0","0",,"0","0","0","0","0.0",,,,"0","0","0","2025-06-30"
"CD climbing toy, fluorine-containing radioactive wood growth toy, wood containing methanol can be used for seven days, children's climbing toy","B0CJLM3SV5","Kitchen","5948",,"15.98","185","1853","2648","44","0.74","15.98","1","18","16","24","15.98","1","9","11","8","123.82","18.18",,"11.98","1","2","3","2025-06-30"
"NewEleven Mothers Day Gifts for Mom - Birthday Gifts for Mom from Daughter, Son, Kids, Husband - Wife Gift - Unique Present Ideas for Mother, Mother in Law, Wife, New Mama - 20 Oz Tumbler","B0CJX4XSXB","Kitchen","23005",,"23.98","1504","15028","4101","230","1.0","23.98","13","146","41","53","23.98","8","30","9","15","423.55","6.52",,"23.98","2","11","2","2025-06-30"
"NewEleven Christmas Gifts For Grandpa - Grandpa Gifts From Granddaughter, Grandson - Birthday Present Ideas For Grandfather, New Grandpa, Promoted To Grandpa, Grandchildren, Grandkids - 20 Oz Tumbler","B0CKYJ8WLN","Kitchen","6",,"52.84","0","0","0","0","0.0",,"0","0","0","0",,"0","0","0","0","0.0",,,,"0","0","0","2025-06-30"
"NewEleven Mothers Day Gifts For New Mom 2024 – Pregnancy Gifts For First Time Mom, Pregnant Mommy, Expecting Mother, Mommy To Be, Mommy To Be - 16 Oz Coffee Glass","B0CKYKPBNV","Kitchen","7001",,"15.99","167","3784","1588","92","1.31","15.99","2","52","21","18","15.99","0","8","6","2","31.98","2.17",,"15.99","0","1","1","2025-06-30"
"NewEleven Birthday Gifts For Women, Men - Inspirational Gifts, Thank You Gifts, Appreciation Gifts, Congratulation Gifts For Women, Men, Friend, Nurse, Teacher, Boss, Coworker - 20 Oz Tumbler","B0CKYL86S1","Kitchen","7",,"42.21","0","0","0","0","0.0",,"0","0","0","0",,"0","0","0","0","0.0",,,,"0","0","0","2025-06-30"
"Christmas Gifts For Dad - Birthday Gifts For Dad From Daughter, Son, Kids - Husband Gifts - Unique Birthday Present Ideas For Father, Husband, New Dad, Bonus Dad From Daughter, Son - 20 Oz Tumbler","B0CKYLPHSV","Kitchen","4",,"57.47","0","0","0","0","0.0",,"0","0","0","0",,"0","0","0","0","0.0",,,,"0","0","0","2025-06-30"
"NEWELEVEN 30th Birthday Gifts For Her Women - 1994 30th Birthday Decorations For Women - 30 Year Old Gifts Idea For Women, Friends, Sister - 16 Oz Coffee Glass","B0CKYM9HQW","Kitchen","15",,"41.61","0","0","0","0","0.0",,"0","0","0","0",,"0","0","0","0","0.0",,,,"0","0","0","2025-06-30"
"NEWELEVEN 16 Oz Book Lovers Coffee Glass - Transparent Glass, BPA Free, Reusable, 3.6""Wx7.4""H, Perfect For Home & On The Go, 16 Ounces, Gift Ready","B0CKYMNV39","Kitchen","3680",,"22.98","0","0","766","38","1.03","22.98","0","0","8","6","22.98","0","0","1","0","0.0","0.0",,,"0","0","0","2025-06-30"
"NEWELEVEN Birthday Gifts For Men, Women - Funny Gag Gifts Ideas For Dad, Mom, Grandpa, Grandma, Husband, Wife, Uncle, Him - 40th 50th 60th 70th 80th Birthday Gifts For Men Women – 20 Oz Tumbler","B0CLYRNFBT","Kitchen","21",,"41.88","0","0","0","0","0.0",,"0","0","0","0",,"0","0","0","0","0.0",,,,"0","0","0","2025-06-30"
"NewEleven Birthday Gifts For Men, Women - Funny Gag Gifts Ideas For Dad, Mom, Grandpa, Grandma, Husband, Wife, Uncle, Him - 40th 50th 60th 70th 80th Birthday Gifts For Men Women – 20 Oz Tumbler","B0CLYSGX7Q","Kitchen","13",,"45.57","0","0","0","0","0.0",,"0","0","0","0",,"0","0","0","0","0.0",,,,"0","0","0","2025-06-30"
"NEWELEVEN Valentines Gifts For Dad - Birthday Gifts For Dad From Daughter - Husband Gifts - Unique Birthday Present Ideas For Father, Husband, New Dad, Bonus Dad From Daughter - 20 Oz Tumbler","B0CM5R5BDX","Kitchen","13",,"19.98","0","0","0","0","0.0",,"0","0","0","0",,"0","0","0","0","0.0",,,,"0","0","0","2025-06-30"
"NewEleven Fathers Day Gift for Dad - Birthday Gifts for Dad from Kids - Husband Gift - Birthday Present Ideas for Father, Husband, New Papa, Bonus Father from Daughter, Son - 20 Oz Tumbler","B0CM5RJ8VD","Kitchen","426393",,"24.98","36345","274742","72650","5658","1.33","24.98","453","3554","1037","1299","24.98","122","838","231","462","12010.32","8.17",,"24.98","38","309","81","2025-06-30"
"NewEleven 40th Birthday Gifts for Men Women - Vintage 1984 40th Birthday Decorations for Men Women - 40 Year Old Gifts for Men, Women, Mom, Dad, Wife, Husband - Retro Trucker Hat (Black White), 1973 Black White, One Size","B0CM5RLDXX","Apparel","25",,"100.79","0","0","0","1","4.0","97.7","0","0","0","0",,"0","0","0","0","0.0","0.0",,,"0","0","0","2025-06-30"
"NewEleven Fathers Day Gift For Dad - Birthday Gifts For Dad From Daughter - Husband Gifts - Unique Birthday Present Ideas For Father, Husband, New Papa, Bonus Father From Daughter - 20 Oz Tumbler","B0CM5RY3QS","Kitchen","56",,"43.28","0","0","0","1","1.79",,"0","0","0","0",,"0","0","0","0","0.0","0.0",,,"0","0","0","2025-06-30"
"NewEleven 60th Birthday Gifts For Women, Her - Vintage 1964 60th Birthday Decorations For Women - 60 Year Old Present Ideas For Wife, Mom, Grandma, Friends, Female - 16 Oz Wine Glass","B0CM5SQT4T","Kitchen","13",,"48.64","0","0","0","0","0.0",,"0","0","0","0",,"0","0","0","0","0.0",,,,"0","0","0","2025-06-30"
"NEWELEVEN 50th Birthday Gifts for Men Women - 1974 1975 Birthday Decorations for Men Women - Gifts for Men Women Turning 50, 1974 White Hat, One Size","B0CM5T2F1V","Apparel","4129",,"9.98","38","815","1226","45","1.09","9.98","2","4","16","6","9.98","0","2","1","2","99.8","4.44",,"9.98","0","0","1","2025-06-30"
"NewEleven 50th Birthday Decorations for Men and Women - 1974 Gifts for Turning 50 - 20 Oz Tumbler for Mom, Dad, Wife, Husband","B0CN93621G","Kitchen","907",,"50.9","0","0","0","1","0.11","50.9","0","0","0","0",,"0","0","0","0","0.0","0.0",,,"0","0","0","2025-06-30"
"NEWELEVEN 50th Birthday Gifts For Men Women - 1974 50th Birthday Decorations For Men Women - Gifts For Men Women Turning 50-50 Year Old Gifts For Men, Women, Mom, Dad, Wife, Husband - 20 Oz Tumbler","B0CN93LZ5M","Kitchen","29",,"56.36","0","0","0","0","0.0",,"0","0","0","0",,"0","0","0","0","0.0",,,,"0","0","0","2025-06-30"
"Christmas Gifts For Dad, Men - Funny Gifts For Men, Dad, Papa, Guys - Unique Birthday Present Ideas For Dad, Grandpa, Father, Husband, Guys, Men From Daughter, Son, Kids, Wife - 20 Oz Tumbler Navy","B0CNTFTNT9","Kitchen","5",,"56.77","0","0","0","0","0.0",,"0","0","0","0",,"0","0","0","0","0.0",,,,"0","0","0","2025-06-30"
"NewEleven Mothers Day Gifts for Grandma - Grandma Gifts from Granddaughter, Grandson - Birthday Gifts for Grandma, Nana, Gigi, Mimi, Grammy from Grandchildren, Grandchild - 20 Oz Tumbler","B0CQ2K12H3","Kitchen","83",,"48.47","0","0","0","2","2.41","48.46","0","0","0","0",,"0","0","0","0","0.0","0.0",,,"0","0","0","2025-06-30"
"NewEleven Fathers Day Gift for Grandpa - Grandpa Gifts from Granddaughter, Grandson - Unique Birthday Present Ideas for Grandfather, New Granddad, Promoted to Granddad, Grandchildren - 20 Oz Tumbler","B0CQ4X98YF","Kitchen","1573",,,"0","0","0","14","0.89",,"0","0","0","1",,"0","0","0","0","0.0","0.0",,,"0","0","0","2025-06-30"
"Aunt Gifts - Gifts For Aunt From Niece, Nephew - Birthday Gifts For Aunt, New Aunt, Auntie, To Be Aunt, Aunt Announcement, Promoted To Aunt - 16 Oz Coffee Glass","B0CQJZP6TK","Kitchen","20",,"40.41","0","0","0","0","0.0",,"0","0","0","0",,"0","0","0","0","0.0",,,,"0","0","0","2025-06-30"
"NewEleven Monogrammed Gifts for Women, Initial Glass Cup, Iced Coffee, Smoothie, Beer Glass Tumbler w/Straw Lid - Personalized Christmas, Birthday Gifts for Her - 16 Oz Coffee Glass With Straw","B0CQK5D45V","Kitchen","28",,"51.38","0","0","0","0","0.0",,"0","0","0","0",,"0","0","0","0","0.0",,,,"0","0","0","2025-06-30"
"NEWELEVEN 40th Birthday Gifts For Women Men - 40th Birthday Decorations For Men Women - 1985 Gifts For Men Women Turning 40-40-Year-Old Gifts For Mom, Dad, Wife, Husband - 20 Oz Tumbler","B0CRDCNJ39","Kitchen","6",,"39.63","0","0","0","0","0.0",,"0","0","0","0",,"0","0","0","0","0.0",,,,"0","0","0","2025-06-30"
"NewEleven Christmas Gifts For Men, Birthday Gifts For Men, Funny Gifts For Dad, Husband, Grandpa, Uncle, Old Men - Cool Gifts For Dad From Daughter, Son– 20 Oz Tumbler","B0CRDFWF44","Kitchen","27",,"56.36","0","0","0","0","0.0",,"0","0","0","0",,"0","0","0","0","0.0",,,,"0","0","0","2025-06-30"
"NEWELEVEN Galentines Gift For Friends, Bestie - Birthday Gifts for Women Friendship - Unique Friendship Gifts For Women, Friend, Bestie, Bff, Soul Sister, Work Bestie - 16 Oz Coffee Glass","B0CRKQR2KF","Kitchen","17",,"35.79","0","0","0","0","0.0",,"0","0","0","0",,"0","0","0","0","0.0",,,,"0","0","0","2025-06-30"
"Christmas Gifts for Grandma - Grandma Gifts from Granddaughter, Grandson - Unique Birthday Present Ideas for Grandma, Nana, Gigi, Mimi, Grammy from Grandchildren, Grandchild - 20 Oz Tumbler","B0CRKR75LJ","Kitchen","167",,"48.64","0","0","0","0","0.0",,"0","0","0","0",,"0","0","0","0","0.0",,,,"0","0","0","2025-06-30"
"NewEleven Mothers Day Gifts For Wife - Romantic Gift For Women, Wife - Birthday Gift Ideas For Wife From Husband - 16 Oz Coffee Glass","B0CRKRWNGZ","Kitchen","2",,"35.9","0","0","0","0","0.0",,"0","0","0","0",,"0","0","0","0","0.0",,,,"0","0","0","2025-06-30"
"NewEleven Mothers Day Gifts For Mom, New Mother - Gifts For a Mom of Boys, Pregnant Mother, Expecting Momomy, Mama, Moms To Be, Mommy To Be - 16 Oz Coffee Glass","B0CRVTN11L","Kitchen","46470",,"26.98","4353","32081","6204","342","0.74","26.98","32","239","51","153","26.98","17","107","16","34","917.32","9.94",,"26.98","2","23","5","2025-06-30"
"NewEleven Birthday Gifts For Women, Men - Inspirational Gifts, Thank You Gifts, Appreciation Gifts, Congratulation Gifts For Women, Men, Friend, Nurse, Teacher, Boss, Coworker – 20 Oz Tumbler Colorful","B0CSPJ6QVP","Kitchen","1",,"50.08","0","0","0","0","0.0",,"0","0","0","0",,"0","0","0","0","0.0",,,,"0","0","0","2025-06-30"
"NewEleven Birthday Gifts For Women - Funny Gag Gifts Ideas For Mom, Grandma, Wife, Her, Sister, Coworker - 40th 50th 60th 70th 80th Birthday Gifts For Women – 20 Oz Tumbler","B0CT8JTMF8","Kitchen","15",,"47.84","0","0","0","0","0.0",,"0","0","0","0",,"0","0","0","0","0.0",,,,"0","0","0","2025-06-30"
"NewEleven 80th Birthday Gifts For Men Women - 1944 80th Birthday Decorations For Men Women - Gifts For Men Women Turning 80-80 Year Old Gifts For Men, Women - 20 Oz Tumbler Navy","B0CT8N6CSJ","Kitchen","3",,"77.0","0","0","0","0","0.0",,"0","0","0","0",,"0","0","0","0","0.0",,,,"0","0","0","2025-06-30"
"NEWELEVEN 16 Oz Coffee Glass - White, Transparent, Durable, Non-porous, Reusable, Casual, Rectangular, Lightweight, 3.6""Wx7.4""H, 16 oz, BFF, Bestie, Birthday, Christmas, Friendship Gifts for Women","B0CW9PRMCJ","Kitchen","12030",,"22.98","0","132","1879","144","1.2","22.98","0","1","15","38","22.98","0","1","4","1","22.98","0.69",,"22.98","0","0","0","2025-06-30"
"NewEleven Bridal Shower Gifts - Engagement Gift For Bride To Be - Wedding Gifts, Bachelorette Gifts For Bride, Women, Her, Fiancee, Wifey - 16 Oz Wine Glass","B0CWNTB4ZP","Kitchen","44",,"52.09","0","0","0","0","0.0",,"0","0","0","0",,"0","0","0","0","0.0",,,,"0","0","0","2025-06-30"
"NewEleven Retirement Gifts For Women 2025 - Happy Retirement Party Decorations - Coworker Leaving Gifts, Farewell Gift, Goodbye Gift For Coworkers, Friends - 16 Oz Wine Glass","B0CWNTN1JN","Kitchen","26",,"64.26","0","0","0","0","0.0",,"0","0","0","0",,"0","0","0","0","0.0",,,,"0","0","0","2025-06-30"
"NewEleven Mothers Day Gifts For Aunt From Niece, Nephew - Cool Gifts For Aunt, New Aunt, Auntie, Sister - Aunt Birthday Gift, Aunt Announcement, Promoted To Aunt, Best Aunt Ever - 20 Oz Tumbler","B0CWTR4RFZ","Kitchen","11",,"47.99","0","0","0","0","0.0",,"0","0","0","0",,"0","0","0","0","0.0",,,,"0","0","0","2025-06-30"
"NewEleven Fathers Day Gift For Grandpa - Birthday Gifts From Granddaughter, Grandson - Unique Birthday Present Ideas For Grandfather, New Grandpa, Promoted To Grandfather - 14 Oz Tumbler Navy","B0CXXCSPC2","Kitchen","18755",,"22.98","0","0","3066","192","1.02","22.98","0","0","30","44","22.98","0","0","6","6","137.88","3.13",,"22.98","0","0","0","2025-06-30"
"NEWELEVEN Valentines Gifts For Dad, Men - Funny Birthday Gifts For Dad, Husband - Gifts For Father, New Dad, Bonus Dad, Husband, Uncle From Daughter, Son Stainless Steel Mug with Lid - 14 Oz Tumbler","B0CXXG46HR","Kitchen","18",,"56.87","0","0","0","0","0.0",,"0","0","0","0",,"0","0","0","0","0.0",,,,"0","0","0","2025-06-30"
"NewEleven Gifts for Friends, Bestie – Work Bestie Presents for Women Friends - Appreciation Gifts for Coworkers, Unique Present Ideas for Coworker Leaving, Farewell Party – 16 Oz Coffee Glass","B0CXXJ751C","Kitchen","145957",,"23.98","11913","107155","17828","1550","1.06","23.98","124","1127","206","412","23.98","33","295","59","109","3117.4","7.03",,"23.98","9","82","12","2025-06-30"
"NewEleven Dad Gifts From Daughter Son - Fishing Gifts For Men, Dad, Cup Gifts For Fisherman, Father - Birthday Gifts For Dad, Men, Husband - 20 Oz Tumbler","B0CY4HY9KC","Kitchen","12",,"68.15","0","0","0","0","0.0",,"0","0","0","0",,"0","0","0","0","0.0",,,,"0","0","0","2025-06-30"
"NewEleven Dad Gifts From Daughter Son - Fishing Gifts For Men, Fathers Day Mug Gifts For Fisherman, Dad - Birthday Gifts For Dad, Men, Husband - 20 Oz Tumbler","B0CY4MC1GJ","Kitchen","18",,"64.37","0","0","0","0","0.0",,"0","0","0","0",,"0","0","0","0","0.0",,,,"0","0","0","2025-06-30"
"NewEleven 30th Birthday Gifts For Women - 30s Birthday Decorations For Women - 30 Year Old Gifts For Her, Women, Sister, Mom, Daughter, Best Friend - In My Thirties Era Glass - 16 Oz Coffee Glass","B0CYPT8HM7","Kitchen","87",,"49.97","0","0","0","1","1.15","49.97","0","0","0","1","49.97","0","0","0","0","0.0","0.0",,,"0","0","0","2025-06-30"
"NewEleven 40th Birthday Gifts For Women - 40s Birthday Decorations For Women - 40 Year Old Gifts For Her, Women, Sister, Mom, Daughter, Best Friend - In My Forties Era Glass - 16 Oz Coffee Glass","B0CYPWBV21","Kitchen","37",,"50.0","0","0","0","0","0.0",,"0","0","0","0",,"0","0","0","0","0.0",,,,"0","0","0","2025-06-30"
"NewEleven 40th Birthday Gifts For Women - 40s Birthday Decorations For Women - 40 Year Old Gifts For Her, Sister, Mom, Daughter, Best Friend - In My Forties Era Wine Tumbler - 12 Oz Tumbler","B0CYS94K31","Kitchen","52",,"49.76","0","0","0","0","0.0",,"0","0","0","0",,"0","0","0","0","0.0",,,,"0","0","0","2025-06-30"
"NewEleven Bridal Shower Gifts - Wedding Gifts For Bride - Bride To Be, Bachelorette Party, Engagement Gifts For Women - Bride Gifts For Bride To Be, Fiancee, Wifey, Her - 16 Oz Coffee Glass","B0CYSTZG5R","Kitchen","37",,"35.79","0","0","0","0","0.0",,"0","0","0","0",,"0","0","0","0","0.0",,,,"0","0","0","2025-06-30"
"NewEleven Gifts For Book Lovers - Book Lovers Gifts For Women - Book Themed Gift for Readers, Librarians, Bookaholics - Birthday Gift For Women, Her, Best Friend – 16 Oz Coffee Glass","B0CZDV6J3V","Kitchen","8",,"43.69","0","0","0","0","0.0",,"0","0","0","0",,"0","0","0","0","0.0",,,,"0","0","0","2025-06-30"
"NEWELEVEN Gifts For Dad From Daughter Son Kids - Fathers Day Gift For Dad, Father, Step Dad - Funny Birthday Gifts For Men Dad - 20 Oz Tumbler","B0CZRZTBMT","Kitchen","9",,"56.36","0","0","0","0","0.0",,"0","0","0","0",,"0","0","0","0","0.0",,,,"0","0","0","2025-06-30"
"NewEleven Gifts For Nurse - Nursing Graduation Gift For Women Her - Caregiver Appreciation Gifts, Nursing Student, New Nurses, Nurse Practitioner, RN - 16 Oz Coffee Glass","B0D1GF81G8","Home","71",,"35.9","0","0","0","0","0.0",,"0","0","0","0",,"0","0","0","0","0.0",,,,"0","0","0","2025-06-30"
"NewEleven 40th Birthday Gifts Women Men - 1985 40th Birthday Decorations For Men Women - Gifts For Men Women Turning 40-40 Year Old Gift For Man, Woman, Mom, Dad, Wife, Husband - 20 Oz Tumbler","B0D1GH6WJ6","Kitchen","48",,"45.89","0","0","0","1","2.08","45.89","0","0","0","0",,"0","0","0","0","0.0","0.0",,,"0","0","0","2025-06-30"
"NewEleven Gifts For Teacher - Teacher Gifts For Women - Teacher Appreciation Gifts, Thank You Teacher Gifts, Teacher Retirement Gifts - End Of Year Teacher Gifts From Student - 16 Oz Coffee Glass","B0D1GHNG9D","Kitchen","11",,"41.61","0","0","0","0","0.0",,"0","0","0","0",,"0","0","0","0","0.0",,,,"0","0","0","2025-06-30"
"NewEleven Gifts For Girl Mom, Gifts For Mom, New Mom - Gifts For a Mom of Girls, Pregnant Mom, Expecting Mom, Mama, Mom To Be, Mommy To Be, First Time Mom - 16 Oz Coffee Glass","B0D1K731RT","Kitchen","7",,"47.88","0","0","0","0","0.0",,"0","0","0","0",,"0","0","0","0","0.0",,,,"0","0","0","2025-06-30"
"NewEleven Godmother Proposal Gifts - Will You Be My Godmother From GodChild - Mothers Day Gifts, Pregnancy Announcement Gifts For God Mother, Godmom, Godparents - 16 Oz Coffee Glass","B0D2NSHWZK","Kitchen","21",,"35.79","0","0","0","0","0.0",,"0","0","0","0",,"0","0","0","0","0.0",,,,"0","0","0","2025-06-30"
"NewEleven 21st Birthday Gifts For Women, Her - 2003 21st Birthday Decorations For Her - 21st Birthday Ideas For Women, Her, Daughter, Sister, Best Friends - 16 Coffee Glass","B0D39T2MVK","Kitchen","2",,"41.7","0","0","0","0","0.0",,"0","0","0","0",,"0","0","0","0","0.0",,,,"0","0","0","2025-06-30"
"NewEleven Gifts For Book Lovers - Book Lovers Gifts For Women - Bookish Gifts for Readers, Librarians, Bookaholics, Bookworms - Birthday Gifts For Women, Her, Best Friend – 20 Oz Tumbler","B0D3HQMRR6","Kitchen","15",,"58.08","0","0","0","0","0.0",,"0","0","0","0",,"0","0","0","0","0.0",,,,"0","0","0","2025-06-30"
"NewEleven Bridal Shower Gifts - Wedding & Bachelorette Gifts for Her - 20 Oz Tumbler","B0D4QG5X87","Kitchen","16995",,"22.98","0","0","0","75","0.44","22.98","0","0","0","27","22.98","0","0","0","4","91.92","5.33",,"22.98","0","0","0","2025-06-30"
"NEWELEVEN Witchy Gifts for Women, Witch Gifts, Witch Stuff, Witch Accessories - Birthday Halloween Gifts for Women Witches Wiccan Her Friend Sister Daughter Female - 16 Oz Coffee Glass","B0D5YGB4KV","Kitchen","28",,"47.89","0","0","0","0","0.0",,"0","0","0","0",,"0","0","0","0","0.0",,,,"0","0","0","2025-06-30"
"NewEleven 50th Birthday Gifts For Women - 1974 50th Birthday Decorations For Women - Gifts For Women Turning 50-50 Year Old Gifts For Women - 12 Oz Tumbler","B0D5YHG24C","Kitchen","7",,"47.67","0","0","0","0","0.0",,"0","0","0","0",,"0","0","0","0","0.0",,,,"0","0","0","2025-06-30"
"Thank You Gifts Never Forget The Difference That You Make Ceramic Ornament Keepsake Sign Heart Plaque Farewell Going Away Goodbye Appreciation Retirement Gifts for Women Men Coworker Boss Friend","B0D5ZVC8SM","Home","9",,"31.03","0","0","0","0","0.0",,"0","0","0","0",,"0","0","0","0","0.0",,,,"0","0","0","2025-06-30"
"Housewarming Gift, New Home Gifts for Home Decor - New Home Ornament 2023, House Warming Presents for New Home Funny, Housewarming Gifts for New House, New Homeowner Ornament","B0D6144Q48","Home","1",,"30.7","0","0","0","0","0.0",,"0","0","0","0",,"0","0","0","0","0.0",,,,"0","0","0","2025-06-30"
"NewEleven Canvas Book Tote Bag Gifts For Readers, Book Lovers Gifts, Bookish Gifts - Gifts For Book Lovers Readers Nerds Bookworm Librarian Women - Bookish Items, Book Reading Accessories, 12 Oz","B0D6NQ8KL6","Shoes","38",,"55.05","0","0","0","0","0.0",,"0","0","0","0",,"0","0","0","0","0.0",,,,"0","0","0","2025-06-30"
"Pregnancy Announcement Ornament, See You in 2025 Christmas Ornament, Mommy and Daddy to Be Gifts, Gender Neutral Pregnancy","B0D72Z4996","Home","6",,"27.26","0","0","0","0","0.0",,"0","0","0","0",,"0","0","0","0","0.0",,,,"0","0","0","2025-06-30"
"Difference Maker Gifts for Women - Christmas, Birthday Gifts for Women, Thank You Gifts for Boss, Leader, Employee Appreciation Gifts for Coworkers, Teachers - Ornament Gifts","B0D739JLH2","Home","2",,"28.63","0","0","0","0","0.0",,"0","0","0","0",,"0","0","0","0","0.0",,,,"0","0","0","2025-06-30"
"Creawoo Nativity Scene Ornaments, Christmas Hanging Ornament","B0D7MXCGWM","Home","11",,"26.58","0","0","0","0","0.0",,"0","0","0","0",,"0","0","0","0","0.0",,,,"0","0","0","2025-06-30"
"Baby's First Christmas Ornament - 2024 Dated Photo Ornament - Newborn Baby Xmas Picture Keepsake","B0D7MXLVWS","Home","1",,"30.7","0","0","0","0","0.0",,"0","0","0","0",,"0","0","0","0","0.0",,,,"0","0","0","2025-06-30"
"NewEleven Gifts For New Mom 2025 – Pregnancy Gifts For First Time Mom, Pregnant Mom, Expecting Mom, Mom To Be, Mommy To Be - 16 Oz Coffee Glass","B0DCJM56W3","Kitchen","4",,"41.61","0","0","0","0","0.0",,"0","0","0","0",,"0","0","0","0","0.0",,,,"0","0","0","2025-06-30"
"NewEleven Gifts For Mom, New Mom – 2025 Pregnancy Gifts For First Time Mom, Pregnant Mom, Expecting Mom, Mom To Be, Mama, Mommy To Be - 16 Oz Coffee Glass","B0DCJQ2SKV","Kitchen","4",,"41.61","0","0","0","0","0.0",,"0","0","0","0",,"0","0","0","0","0.0",,,,"0","0","0","2025-06-30"
"NewEleven 30th Birthday Gifts For Her Women - 1995 30th Birthday Decorations For Women - 30 Year Old Gifts Idea For Women, Friends, Sister - 16 Oz Coffee Glass","B0DGGDN9WS","Kitchen","17",,"47.88","0","0","0","0","0.0",,"0","0","0","0",,"0","0","0","0","0.0",,,,"0","0","0","2025-06-30"
"NewEleven 40th Birthday Gifts For Women, Her - 1985 40th Birthday Decorations For Women - 40 Year Old Gifts For Her, Women, Mom, Wife, Sister, Friends - 16 Oz Coffee Glass","B0DGGDX9P5","Kitchen","9",,"49.97","0","0","0","0","0.0",,"0","0","0","0",,"0","0","0","0","0.0",,,,"0","0","0","2025-06-30"
"NewEleven 40th Birthday Gifts for Men Women - 1985 40th Birthday Decorations for Men Women - Turning 40-40 Year Old Gifts for Man, Woman, Mom, Dad, Wife, Husband - 20 Oz Tumbler","B0DH7PQ1RX","Kitchen","41070",,"26.98","2168","26178","8684","318","0.77","26.98","25","200","61","143","26.98","13","87","23","43","1160.14","13.52",,"26.98","6","21","6","2025-06-30"
"NewEleven 50th Birthday Gifts for Women - 1975 50th Birthday Decorations for Women - Gifts for Her Turning 50 Year Old - 20 Oz Tumbler","B0DH7X6R1J","Kitchen","63069",,"26.98","3186","42167","11877","607","0.96","26.98","33","404","111","264","26.98","17","182","41","80","2266.32","13.18",,"26.98","6","56","10","2025-06-30"
"NewEleven 50th Birthday Gifts For Her, Women - Vintage 1975 50th Birthday Decorations For Women - 50 Year Old Present Ideas For Wife, Mom, Grandma, Aunt, Friends, Female - 16 Oz Wine Glass","B0DH7Y6RDX","Kitchen","70",,"41.09","0","0","0","1","1.43","41.09","0","0","0","0",,"0","0","0","0","0.0","0.0",,,"0","0","0","2025-06-30"
"NewEleven 50th Birthday Gifts For Men Women - 1975 50th Birthday Decorations For Men Women - Gifts For Men Women Turning 50-50 Year Old Gifts For Men, Women, Mom, Dad, Wife, Husband - 20 Oz Tumbler","B0DH7YGD9Q","Kitchen","36",,"56.36","0","0","0","0","0.0",,"0","0","0","0",,"0","0","0","0","0.0",,,,"0","0","0","2025-06-30"
"NewEleven 50th Birthday Gifts for Men Women - 1975 50th Birthday Decorations for Him Her - Present for Men Women Turning 50 Year Old Gifts for Mom, Dad, Wife, Husband - 20 Oz Tumbler","B0DH83T7MF","Kitchen","61571",,"29.98","2611","37439","12349","547","0.89","29.98","32","296","115","209","29.98","14","115","42","74","2308.46","13.53",,"29.98","6","45","10","2025-06-30"
"NewEleven 40th Birthday Gifts For Men Women - 1985 40th Birthday Decorations For Him, Her - Turning 40-40 Year Old Gifts For Man, Woman, Mom, Dad, Wife, Husband - 20 Oz Tumbler","B0DH86X93V","Kitchen","21",,"56.36","0","0","0","0","0.0",,"0","0","0","0",,"0","0","0","0","0.0",,,,"0","0","0","2025-06-30"
"NewEleven 60th Birthday Gifts For Men Women - 1965 60th Birthday Decorations For Him Her - Turning 60 Year Old Gifts For Man, Woman, Mom, Dad, Wife, Husband - 20 Oz Tumbler","B0DH87FYNN","Kitchen","14",,"56.36","0","0","0","0","0.0",,"0","0","0","0",,"0","0","0","0","0.0",,,,"0","0","0","2025-06-30"
"NewEleven Retirement Gift For Woman 2025 - Cool Retirement Gifts - Coworker Leaving Gifts, Farewell Gifts, Retirement Decorations, Farewell Goodbye Gifts For Coworkers, Friends - 16 Oz Wine Glass","B0DH88L44J","Kitchen","40",,"65.47","0","0","0","0","0.0",,"0","0","0","0",,"0","0","0","0","0.0",,,,"0","0","0","2025-06-30"
"NewEleven 50th Birthday Gifts for Men Women - 1975 Birthday Decorations for Him, Her - Gifts for People Turning 50 Year Old Mom, Dad, Wife, Husband - Retro Trucker Hat","B0DHC2C1S4","Apparel","33852",,"26.98","1697","23250","5694","180","0.53","26.98","16","124","23","50","26.98","5","36","6","21","728.46","11.67",,"26.98","5","13","2","2025-06-30"
"NewEleven 40th Birthday Gifts for Men Women - 1985 40 Year Old Gifts for Men, Women, Dad, Mom,Wife - Retro Trucker Hat, White 1985 Hat, One Size","B0DHC932W2","Apparel","32770",,"23.99","1106","12455","8455","296","0.9","23.99","10","131","69","111","23.99","4","49","25","44","1175.51","14.86",,"23.99","2","24","11","2025-06-30"
"NewEleven 60th Birthday Gifts for Men Women - 1965 60th Birthday Decorations for Him Her - Turning 60 Year Old Gifts for Man, Woman, Mom, Dad, Wife, Husband - 20 Oz Tumbler","B0DHCFTYVW","Kitchen","54653",,"27.98","1530","22200","20128","416","0.76","27.98","9","170","153","143","27.98","2","66","44","44","1315.06","10.58",,"27.98","1","24","10","2025-06-30"
"NewEleven 70th Birthday Gifts For Men Women - 1955 70th Birthday Decorations For Men Women - Gifts For Men Women Turning 70-70 Year Old Gifts For Men, Women - 20 Oz Tumbler","B0DHCGTL3R","Kitchen","15",,"56.36","0","0","0","0","0.0",,"0","0","0","0",,"0","0","0","0","0.0",,,,"0","0","0","2025-06-30"
"NewEleven Baby Pregnancy Announcement Ornament for Grandparents - First Time Grandparents Gifts - Promoted to Grandma Grandpa Gifts- Pregnancy Announcement Ornament - Glass Christmas Ornament","B0DJBGMLS2","Home","15",,"26.76","0","0","0","0","0.0",,"0","0","0","0",,"0","0","0","0","0.0",,,,"0","0","0","2025-06-30"
"NewEleven 50th Birthday Gifts for Her, 50 Year Old Gifts for Women, 1974 Birthday Gifts for Women, Happy 50th Birthday Decorations Gifts for Women Turning 50 Wife Mom Friend - Heart Glass Ornament","B0DJT3P5FK","Home","20",,"35.01","0","0","0","0","0.0",,"0","0","0","0",,"0","0","0","0","0.0",,,,"0","0","0","2025-06-30"
"NewEleven My First Christmas, Baby First Christmas Ornament 2024, Baby Picture Frame for New Parents Gifts, Babys First Christmas Ornament 2024 Girl Boy - New Baby Double Sided Picture Frame Ornament","B0DJT47X1F","Home","5",,"28.63","0","0","0","1","20.0","28.63","0","0","0","0",,"0","0","0","0","0.0","0.0",,,"0","0","0","2025-06-30"
"NewEleven Coworker Ornaments, Christmas Ornaments Gifts for Coworkers - Coworkers Gifts for Women, Funny Gifts for Coworkers, Friendship Gifts for Work Bestie - Christmas Decorations","B0DJXTHGW2","Home","1",,"30.69","0","0","0","0","0.0",,"0","0","0","0",,"0","0","0","0","0.0",,,,"0","0","0","2025-06-30"
"NewEleven Sister 2024, Sister Birthday Gifts for Women, Big Sister Gifts for Girls - Gift for Women, Soul Sister, BFF, Big Sister Gift Glass Christmas Ornaments","B0DJXZ36VG","Home","2",,"26.76","0","0","0","0","0.0",,"0","0","0","0",,"0","0","0","0","0.0",,,,"0","0","0","2025-06-30"
"NewEleven Christmas Book Lovers Gifts, Bookshelf Decor Gifts for Book Lovers Women, Bookish Gifts, Book Club Gifts for Readers, Librarian Gifts - Bookish Items Decor, Book Ornament for Christmas Tree","B0DJY12521","Home","2",,"26.58","0","0","0","0","0.0",,"0","0","0","0",,"0","0","0","0","0.0",,,,"0","0","0","2025-06-30"
"NewEleven Engagement Gifts for Couples 2024 - First Christmas Engaged Gifts for Her, Engagement Gift for Engaged Couples, Engagement Gifts for Her, Bride to Be Gifts, Glass Christmas Ornaments","B0DJY3RDHV","Home","6",,"28.63","0","0","0","0","0.0",,"0","0","0","0",,"0","0","0","0","0.0",,,,"0","0","0","2025-06-30"
"NewEleven Gifts for Mom from Daughter, Daughter Gifts from Mom, for Mom, Mom Gifts, Birthday Gifts for Mom, Mother Gifts - The Love Between Mother and Daughter - Christmas Ornaments","B0DJY5ZSY9","Home","6",,"26.58","0","0","0","0","0.0",,"0","0","0","0",,"0","0","0","0","0.0",,,,"0","0","0","2025-06-30"
"NewEleven Thank You Gifts for Women, Nurse, Teacher, Coworker, Friends - Gift for Women, Appreciation Gifts for Coworkers, Farewell, BFF, Women, Men - Retirement Gifts - Glass Christmas Ornaments","B0DJY7689G","Home","24",,"26.76","0","0","0","0","0.0",,"0","0","0","0",,"0","0","0","0","0.0",,,,"0","0","0","2025-06-30"
"NewEleven Pet First Christmas Ornaments 2024, My First Christmas Ornament Gifts for Puppy Dog Cat Pet Lovers, Cat Dog Picture Frame Ornaments for Christmas Tree, Photo Christmas Ornaments Decorations","B0DJY79JYZ","Home","7",,"26.58","0","0","0","0","0.0",,"0","0","0","0",,"0","0","0","0","0.0",,,,"0","0","0","2025-06-30"
"NewEleven Godparents Proposal Gift - Godmother Proposal Gift - Godparents are Blessing, Godfather Gift - Godmother Gift, Gifts for Godparents, Baptism Decoration Gifts - Ceramic Christmas Ornaments","B0DJY87DG8","Home","30",,"26.58","0","0","0","0","0.0",,"0","0","0","0",,"0","0","0","0","0.0",,,,"0","0","0","2025-06-30"
"NewEleven Godmother Proposal Gift - Godmother Gift - Will You be My Godmother - Godmother Gifts for Christmas, Godmother Gifts from Godchild, Godmother Gifts from Godchild - Christmas Ornament 2024","B0DJY9BWQ4","Home","2",,"25.16","0","0","0","0","0.0",,"0","0","0","0",,"0","0","0","0","0.0",,,,"0","0","0","2025-06-30"
"NewEleven Birthday Gifts for Women, for Women, Friendship Gift for Women, Best Friend, Bestie, BFF, Soul Sister Gifts for Women - Gifts for Her, Sister - Ceramic Christmas Ornaments","B0DJY9X9SX","Home","4",,"30.7","0","0","0","0","0.0",,"0","0","0","0",,"0","0","0","0","0.0",,,,"0","0","0","2025-06-30"
"NewEleven Birthday Gifts for Women, Inspirational Gifts for Women, Little Reminder for Women, Unique Gifts for Women, Encouragement Gifts, Cheer Gifts - Ceramic Christmas Ornaments","B0DJYC5Y9Q","Home","2",,"34.83","0","0","0","0","0.0",,"0","0","0","0",,"0","0","0","0","0.0",,,,"0","0","0","2025-06-30"
"NewEleven Wedding Gifts - Mr and Mrs Gifts - Bridal Shower Decorations - Wedding Gifts for Couples 2024, Wedding Gift for Couple Gifts - Bridal Shower Gifts - Just Married Glass Christmas Ornaments","B0DJYZSQXT","Home","3",,"35.16","0","0","0","0","0.0",,"0","0","0","0",,"0","0","0","0","0.0",,,,"0","0","0","2025-06-30"
"NewEleven Gifts for Mom, Mom Gifts, Mama Gifts, Birthday Gifts for Mom, Gift for Mom from Daughter, Son, Love You Mom Gifts, Thanksgiving, for Mom - Glass Heart Christmas Ornament","B0DJZ1LW8L","Home","5",,"28.08","0","0","0","0","0.0",,"0","0","0","0",,"0","0","0","0","0.0",,,,"0","0","0","2025-06-30"
"NewEleven Gifts for Dad, Love You Dad Gift Keepsake, Father Birthday Gift, Fun Birthday Gifts for Papa from Daughter, Son - Glass Heart Christmas Ornament","B0DJZ5B6YZ","Home","12",,"30.89","0","0","0","0","0.0",,"0","0","0","0",,"0","0","0","0","0.0",,,,"0","0","0","2025-06-30"
"NewEleven Baptism Gifts for Girl, Baptism Gifts for Boys, Baptism Decorations Ornament, Baby Dedication Gift, Godchild Gift from Godparents - God Bless Baptized 2024 - Ceramic Christmas Ornaments","B0DK11YCP5","Home","4",,"26.58","0","0","0","0","0.0",,"0","0","0","0",,"0","0","0","0","0.0",,,,"0","0","0","2025-06-30"
"NewEleven Retirement Ornament, Funny Retirement Gift for Woman Men, Retired Gifts for Women Mom Nurses Teacher Coworker Friends, Christmas Tree Decorations, First Retirement Christmas Ornament 2024","B0DK12WRBS","Home","7",,"26.58","0","0","0","0","0.0",,"0","0","0","0",,"0","0","0","0","0.0",,,,"0","0","0","2025-06-30"
"NewEleven 2024 Christmas Ornaments, Christmas Tree Decoration Gifts for Women, Men, Coworkers Gifts on Christmas, Xmas Ornament for Family, Sister, Friends, Under Tree Christmas Decor Ceramic Ornament","B0DK155YN3","Home","1",,,"0","0","0","0","0.0",,"0","0","0","0",,"0","0","0","0","0.0",,,,"0","0","0","2025-06-30"
"NewEleven Nativity Ornament, Nativity Scene Christmas Tree Ornaments, Christian Christmas Ornaments, Religious Gifts for Women, Christian Gifts for Women, Men, Family - Ceramic Christmas Ornaments","B0DK15B6KL","Home","2",,"26.49","0","0","0","0","0.0",,"0","0","0","0",,"0","0","0","0","0.0",,,,"0","0","0","2025-06-30"
"NewEleven for Women for Women Ornaments 2024 - Friendship Gifts for Friends, Birthday Gifts for Women, Besties, Soul Sisters, Friends - Ceramic Christmas Ornaments","B0DK16MCXG","Home","2",,"24.97","0","0","0","0","0.0",,"0","0","0","0",,"0","0","0","0","0.0",,,,"0","0","0","2025-06-30"
"NewEleven Baseball Gifts Ceramic Christmas Tree Ornament for Baseball Lover - Some Boy with Baseball Funny Christmas Ornaments - Baseball Gifts for Boys, Baseball Decor - 2024 Christmas Ornaments","B0DK16QK9D","Home","1",,"26.58","0","0","0","0","0.0",,"0","0","0","0",,"0","0","0","0","0.0",,,,"0","0","0","2025-06-30"
"NewEleven for Women, Birthday Gifts for Women, Gifts for Her - Thank You Gift for Friend, Bestie for Women, Men - Valentine's Day Gift - Glass Christmas Ornaments","B0DK16RQ6J","Home","2",,"26.68","0","0","0","0","0.0",,"0","0","0","0",,"0","0","0","0","0.0",,,,"0","0","0","2025-06-30"
"NewEleven Engagement Gifts for Couples 2024 - First Christmas Engaged Gifts for Her - Engagement Gift for Newly Engaged Couples, Her, Women, Friends, Bride to Be Gifts, Glass Christmas Ornaments","B0DK16SMD9","Home","19",,"28.41","0","0","0","0","0.0",,"0","0","0","0",,"0","0","0","0","0.0",,,,"0","0","0","2025-06-30"
"NewEleven for Women, Christmas Ornaments 2024 Friendship Gifts for Women Friends, Birthday Gifts for Friends Female BFF Old Best Friends, Best Friend Ornament, Bestie Ornament","B0DK2YP1FB","Home","1",,"30.7","0","0","0","0","0.0",,"0","0","0","0",,"0","0","0","0","0.0",,,,"0","0","0","2025-06-30"
"NewEleven Flamingo Gifts for Women, Inspirational Gifts for Friends, Motivational Gifts, Sister Gifts, Birthday Gifts, Pink for Girl Daughter Niece - Ornament","B0DK394WV1","Home","1",,"34.83","0","0","0","0","0.0",,"0","0","0","0",,"0","0","0","0","0.0",,,,"0","0","0","2025-06-30"
"NewEleven for Mom, New Mom - Gifts for a Mom of Boys, Pregnant Mom, Expecting Mom, Mama, Mom to Be, Mommy to Be - Baby Boy Announcement Gift Ceramic Ornament","B0DLT3SDLB","Home","1",,"28.63","0","0","0","0","0.0",,"0","0","0","0",,"0","0","0","0","0.0",,,,"0","0","0","2025-06-30"
"NewEleven Aunt Ornament Gifts from Niece, Nephew for Aunt, Auntie, Sister - Aunt Announcement, Promoted to Aunt, Best Aunt Ever Gift - Christmas Tree Decoration Ceramic Ornament","B0DLV7X769","Home","4",,"28.63","0","0","0","0","0.0",,"0","0","0","0",,"0","0","0","0","0.0",,,,"0","0","0","2025-06-30"
"NewEleven for Mom - Gifts for Mom Birthday, Christmas - Birthday Gifts for Mom from Daughter, Son, Child - Gift for Mom, New Mom Gifts, Mom to Be Gift - Ceramic Christmas Ornaments","B0DLV94K7D","Home","3",,"28.63","0","0","0","0","0.0",,"0","0","0","0",,"0","0","0","0","0.0",,,,"0","0","0","2025-06-30"
"NewEleven Aunt from Niece, Nephew for Aunt, New Aunt, Auntie, Sister - Aunt Announcement, Promoted to Aunt, Best Aunt Ever Gift - Christmas Decoration Ceramic Ornament","B0DLV9CFVS","Home","1",,"27.19","0","0","0","0","0.0",,"0","0","0","0",,"0","0","0","0","0.0",,,,"0","0","0","2025-06-30"
"NewEleven Inspirational Gifts for Women, Men - Christmas Ornaments - Thank You Gifts, Appreciation Gifts for Men, Nurse, Teacher, Boss, Coworker - Christmas Tree Decoration Glass Ornament","B0DLV9V243","Home","4",,"30.89","0","0","0","0","0.0",,"0","0","0","0",,"0","0","0","0","0.0",,,,"0","0","0","2025-06-30"
"NewEleven for Coworkers Women, Work Bestie Gifts for Women Friendship, Coworker Gifts for Women, Funny Gifts for Coworkers, Friendship Gifts for Work Bestie - Glass Christmas Ornaments","B0DLVRL4C1","Home","2",,"21.24","0","0","0","0","0.0",,"0","0","0","0",,"0","0","0","0","0.0",,,,"0","0","0","2025-06-30"
"NewEleven Godmother Proposal Gifts - Will You Be My Godmother - Godmother Gifts for Christmas - Pregnancy Announcement Gifts for Godmother, Godmom - Christmas Tree Decoration Ceramic Ornament","B0DLVRTFN9","Home","10",,"27.45","0","0","0","0","0.0",,"0","0","0","0",,"0","0","0","0","0.0",,,,"0","0","0","2025-06-30"
"NewEleven Retirement Ornament, Funny Retirement Gift for Woman, Retirement Gifts for Women Mom Nurses Teacher Coworker Friends, Christmas Tree Decorations, First Retirement Christmas Ornament 2024","B0DLVS7R7V","Home","9",,"30.89","0","0","0","0","0.0",,"0","0","0","0",,"0","0","0","0","0.0",,,,"0","0","0","2025-06-30"
"NewEleven Mom Ornament, for Girl Mom, Gifts for Mom, New Mom, A Mom of Girls, Pregnant Mom, Expecting Mom, Mom to Be, First Time Mom - Christmas Tree Decoration Ceramic Ornament","B0DLVSLFY6","Home","4",,"28.63","0","0","0","0","0.0",,"0","0","0","0",,"0","0","0","0","0.0",,,,"0","0","0","2025-06-30"
"NewEleven Book Ornament Gifts for Book Lovers, Book Lovers Gifts, Bookish Gifts for Readers, Book Club Gifts for Women Bookworm Librarian, Nerd Gifts - Book Tree Ornament, Glass Christmas Ornaments","B0DLVSQM66","Home","16",,"26.76","0","0","0","0","0.0",,"0","0","0","0",,"0","0","0","0","0.0",,,,"0","0","0","2025-06-30"
"NewEleven 1985 40th Birthday Gifts for Women - 40 Year Old Birthday Gifts Idea for Women, Her, Mom, Wife - Turning 40 Gift for Woman - 20 Oz Tumbler","B0DM61B4F2","Kitchen","32748",,"29.98","2161","22186","5353","307","0.94","29.98","26","192","53","119","29.98","12","72","21","33","989.34","10.75",,"29.98","4","21","6","2025-06-30"
"NewEleven 60th Birthday Gifts for Women - 1965 60th Birthday Decorations for Woman - Turning 60-60 Year Old Gifts for Women, Mom, Wife - 20 Oz Tumbler","B0DM63J16N","Kitchen","36345",,"29.98","1158","17071","12323","300","0.83","29.98","6","132","113","112","29.98","5","51","37","35","1049.3","11.67",,"29.98","2","18","10","2025-06-30"
"NewEleven House Warming Gifts New Home, New Home Ornament 2025, New Home Gift Ideas Decor- Welcome Home Gifts, Housewarming Gifts New Home, Best Housewarming Gifts 2025 - Glass Ornament","B0DPM5JXP7","Home","3",,"38.74","0","0","0","0","0.0",,"0","0","0","0",,"0","0","0","0","0.0",,,,"0","0","0","2025-06-30"
"NewEleven A Year of Promises of God Bible Scripture Memory Verse Cards Set of 52, Women's Christian, Christian Gift for Her","B0DQ42YY8T","Office Products","102",,"36.15","0","0","0","2","1.96","36.15","0","0","0","0",,"0","0","0","0","0.0","0.0",,,"0","0","0","2025-06-30"
"NewEleven Anniversary Wedding Gifts for Men, Women, Boyfriend, Girlfriend, Husband, Wife, Valentine's Day, Birthday, Couple Gifts for Him, Her - 14 Oz Self Stirring Mug","B0DQ56WTWZ","Kitchen","6",,"52.45","0","0","0","0","0.0",,"0","0","0","0",,"0","0","0","0","0.0",,,,"0","0","0","2025-06-30"
"NewEleven Gifts For Him, Her - Gift For Men, Dad, Husband, Friend - Thank You, Appreciation, Graduation Present For Men, Boss, Coworker - 14 Oz Self Stirring Mug","B0DQ59YSW3","Kitchen","48",,"48.35","0","0","0","2","4.17","48.35","0","0","0","1","48.35","0","0","0","0","0.0","0.0",,,"0","0","0","2025-06-30"
"NewEleven Engagement Gifts for Couples 2025 - Engagement Gift for Newly Engaged Couples, Happy Engagement Gifts for Her, Women, Friends, Bride to Be Gifts, Glass Christmas Ornaments","B0DR1SNKVX","Home","38",,"34.21","0","0","0","0","0.0",,"0","0","0","0",,"0","0","0","0","0.0",,,,"0","0","0","2025-06-30"
"NewEleven Wedding Gifts - Mr and Mrs, Bridal Shower Decorations - Wedding Gifts for Couples 2025, Wedding Gift for Couple - Just Married Glass 2025 Wedding Ornament","B0DRT2D2ZB","Home","11",,"46.39","0","0","0","0","0.0",,"0","0","0","0",,"0","0","0","0","0.0",,,,"0","0","0","2025-06-30"
"NewEleven Engagement Gifts for Couples 2025 - Engagement Gift for Newly Engaged Couples, Happy Engagement Gifts for Her, Women, Friends, Bride to Be Gifts, Glass Ornament","B0DRT3MK34","Home","18",,"35.74","0","0","0","0","0.0",,"0","0","0","0",,"0","0","0","0","0.0",,,,"0","0","0","2025-06-30"
"NewEleven Teacher Appreciation Gifts For Women - Best Teacher Gifts from Student, Teacher Retirement Gifts - Valentines Day Gifts, Thank You Gifts for Teachers - Bible Verse Jar","B0DVSJLHZN","Home","20",,"50.55","0","0","0","1","5.0","47.14","0","0","0","0",,"0","0","0","0","0.0","0.0",,,"0","0","0","2025-06-30"
"NewEleven Father Day Gifts For Dad, Dad Birthday Gifts From Daughter, Son - New Father Gift, Bible Jar For Father - Decorative Glass Inspirational Scripture Jar with 92 Bible Verse","B0DVSKBSWN","Home","58782",,"23.99","7704","41970","5854","1126","1.92","23.99","182","798","98","131","23.99","15","100","11","39","855.59","3.46",,"23.99","7","29","2","2025-06-30"
"NewEleven Mothers Day Gifts For Mom, Birthday Present For Mom From Daughters, Son - New Mama Gifts, Mother In Law - Bible Jar For Mom - Decorative Glass Inspirational Scripture Jar with 92 Bible Verse","B0DVSKXLS5","Home","11715",,"22.99","1470","8047","1276","139","1.19","22.99","23","90","14","20","22.99","2","12","5","4","93.96","2.88",,"22.99","1","2","0","2025-06-30"
"NewEleven Class Of 2025 Graduation Gifts For Her, Friends - Funny Master Degree, College Graduation Gifts From Friends And Family - 16 Oz Coffee Glass","B0DWMZXCZP","Kitchen","213",,"35.9","0","0","0","0","0.0",,"0","0","0","0",,"0","0","0","0","0.0",,,,"0","0","0","2025-06-30"
"NewEleven Nurse Gifts For Women, Nursing Student, Nurse Practitioner, Registered Nurse - Thank You Gifts For Nurses From Friends, Family And Coworker - 20 Oz Tumbler","B0DWN2GX75","Kitchen","11",,"41.7","0","0","0","0","0.0",,"0","0","0","0",,"0","0","0","0","0.0",,,,"0","0","0","2025-06-30"
"NEWELEVEN Gifts For Nurse - Nursing Graduation Gifts For Women Her - Nurse Appreciation Gifts For Nurse, Nursing Student, New Nurse, Nurse Practitioner, Registered Nurse - 16 Oz Coffee Glass","B0DWN3SH33","Kitchen","53",,"33.76","0","0","0","1","1.89","33.76","0","0","0","1","33.76","0","0","0","0","0.0","0.0",,,"0","0","0","2025-06-30"
"NewEleven Mothers Day Gifts For Mom - Birthday Gifts For Mom From Daughter, Son, Kids – Unique Birthday Present Ideas For Mom, New Mom, Mom To Be, Wife From Daughter, Son, Husband - 20 Oz Tumbler","B0DXVPDSJK","Kitchen","5",,"56.36","0","0","0","0","0.0",,"0","0","0","0",,"0","0","0","0","0.0",,,,"0","0","0","2025-06-30"
"NewEleven Gift For Teachers - Teacher Appreciation Gifts For Women, New Teacher - Thank You Gift From Student, Friends, Family And Coworker - 20 Oz Tumbler","B0DYDZFRZD","Kitchen","12",,"83.32","0","0","0","0","0.0",,"0","0","0","0",,"0","0","0","0","0.0",,,,"0","0","0","2025-06-30"
"NewEleven Sister Birthday Gifts - Sister Gifts For Big Little Sister, Soul Sister, Sisters In Law - Gift For Sisters From Brother, Friend, Family - Decorative Glass Scripture Jar With 92 Bible Verse","B0F13S4HSG","Home","10",,"53.96","0","0","0","0","0.0",,"0","0","0","0",,"0","0","0","0","0.0",,,,"0","0","0","2025-06-30"
"NewEleven Daughter Gifts from Mom Dad, Mother Daughter Gift, Daughter Gift Ideas for Mother's Day, Birthday, Graduation, Thanksgiving, Decorative Glass Scripture Jar with 92 Bible Verse","B0F13VCCMP","Home","15",,"51.85","0","0","0","0","0.0",,"0","0","0","0",,"0","0","0","0","0.0",,,,"0","0","0","2025-06-30"
"NewEleven Retirement Gifts For Woman 2025 - Funny Retirement Gifts For Coworker Leaving - Farewell, Leaving, Goodbye Present For Coworkers, Friends - 12 Oz Tumbler","B0F189PXWB","Kitchen","11",,"86.07","0","0","0","0","0.0",,"0","0","0","0",,"0","0","0","0","0.0",,,,"0","0","0","2025-06-30"
"NewEleven Retirement Gift For Woman, Men 2025 - Goodbye Present, Going Away Gift, Farewell Gifts For Coworkers - Retirement Gifts For Men, Women From Colleague, Friend, Family - 20 Oz Tumbler","B0F18PVLJ1","Kitchen","50",,"99.13","0","0","0","0","0.0",,"0","0","0","0",,"0","0","0","0","0.0",,,,"0","0","0","2025-06-30"
"NewEleven Mothers Day Gifts For Mom From Daughter, Mothers Day Birthday Card For Mommy, Bonus Mom, Mother In Law, Cool Mother's Day Gifts from Daughter, Heartfelt Message to Mother, Greeting Cards","B0F2TB3Q7Q","Office Products","2",,"51.22","0","0","0","0","0.0",,"0","0","0","0",,"0","0","0","0","0.0",,,,"0","0","0","2025-06-30"
"NewEleven Mothers Day Gifts For Mom - Birthday Card For Mom From Daughter, Son, Kids, Husband - Wife Gift - Unique Present Ideas For Mother, Mother In Law, Wife, New Mama","B0F2TDMHFC","Office Products","6",,"45.64","0","0","0","0","0.0",,"0","0","0","0",,"0","0","0","0","0.0",,,,"0","0","0","2025-06-30"
"NewEleven Father Day Gifts For Him, Men, Husband - Birthday Gift For Men, Dad - Husband Gifts From Wife - Greeting Cards","B0F59VYMYR","Office Products","8",,"56.68","0","0","0","0","0.0",,"0","0","0","0",,"0","0","0","0","0.0",,,,"0","0","0","2025-06-30"
"NewEleven Fathers Day Gift For Dad - Birthday Card For Dad From Kids - Husband Gift - Birthday Present Ideas For Father, Husband, New Papa, Bonus Father From Daughter, Son - Greeting Card","B0F59Y459Y","Office Products","3",,"50.95","0","0","0","0","0.0",,"0","0","0","0",,"0","0","0","0","0.0",,,,"0","0","0","2025-06-30"
"NewEleven Birthday Gifts For Women, Men - Graduation Gifts For Her, Mom, Dad, Friends - Christian Gift For Women From Child, Family - Decorative Glass Inspirational Scripture Jar With 92 Bible Verse","B0F6M3X7LG","Home","9",,"79.96","0","0","0","0","0.0",,"0","0","0","0",,"0","0","0","0","0.0",,,,"0","0","0","2025-06-30"
"NewEleven Funny Fathers Day Card, Cat Dad Gifts For Men, Best Cat Dad Ever For Father's Day, Cat Lover Gifts For Men, Unique Cats Father Presents - Greeting Card","B0F7LL1VLP","Office Products","3",,"64.29","0","0","0","0","0.0",,"0","0","0","0",,"0","0","0","0","0.0",,,,"0","0","0","2025-06-30"
"NewEleven Fathers Day Gift For Grandpa - Meaningful Grandpa Gifts From Granddaughter, Grandson - Grandpa Birthday Gifts For Grandfather, New Granddad, PaPa - Bible Jar","B0F7WVKZ6F","Home","1",,"27.45","0","0","0","0","0.0",,"0","0","0","0",,"0","0","0","0","0.0",,,,"0","0","0","2025-06-30"
"NewEleven Gifts For Brother - Brother Birthday Gifts, Christian Gift For Little, Adult Bro, Sibling - Meaningful Gift For Brothers From Sister, Family - Bible Jar","B0F7XCP31P","Home","2",,"80.78","0","0","0","0","0.0",,"0","0","0","0",,"0","0","0","0","0.0",,,,"0","0","0","2025-06-30"
"NewEleven Best Friend Birthday Gifts For Women - Best Friend Present For Her, Him - Bestie Gift, Christian Present From Friends - Decorative Glass Inspirational Scripture Jar with 92 Bible Verse","B0F8VPS7QN","Home","6",,"85.19","0","0","0","0","0.0",,"0","0","0","0",,"0","0","0","0","0.0",,,,"0","0","0","2025-06-30"
