Reporting Range=["Quarterly"],Select year=["2024"],Select quarter=["1"],Brand=["NEWELEVEN"]
"ASIN Title",ASIN,Category,"Impressions: Impressions","Impressions: Rating (Median)","Impressions: Price (Median)","Impressions: Same Day Shipping Speed","Impressions: 1D Shipping Speed","Impressions: 2D Shipping Speed","Clicks: Clicks","Clicks: Click Rate (CTR)","Clicks: Price (Median)","Clicks: Same Day Shipping Speed","Clicks: 1D Shipping Speed","Clicks: 2D Shipping Speed","Cart Adds: Cart Adds","Cart Adds: Price (Median)","Cart Adds: Same Day Shipping Speed","Cart Adds: 1D Shipping Speed","Cart Adds: 2D Shipping Speed","Purchases: Purchases","Purchases: Search Traffic Sales","Purchases: Conversion Rate %","Purchases: Rating (Median)","Purchases: Price (Median)","Purchases: Same Day Shipping Speed","Purchases: 1D Shipping Speed","Purchases: 2D Shipping Speed","Reporting Date"
"NewEleven Gifts For Sister From Sister, Brother - Unique Birthday Present For Sister, Soul Sister, Big Sister, Little Sister, Sister In Law, Sibling, Bestie - 12 Oz Tumbler","B07W5KH9PJ","Kitchen","7342",,"9.99","55","997","2834","123","1.68","9.99","1","17","40","31","9.99","0","5","10","11","169.83","8.94",,"9.99","0","3","3","2024-03-31"
"NewEleven Gifts For Mom - Mothers Day Gifts For Mom, Women, Wife - Funny Best Birthday Gifts Ideas For Mom, Mother, Wife, New Mom, Bonus Mom, Mom To Be, Mother In Law - 12 Oz Tumbler","B07Y7ZQ265","Kitchen","419261",,"16.98","21893","213116","124457","2284","0.54","16.98","104","1115","742","573","16.98","32","272","193","144","2462.1","6.3",,"16.98","10","68","49","2024-03-31"
"NewEleven 30th Birthday Gifts For Her Women - 1994 30th Birthday Decorations For Women Her - 30 Year Old Birthday Idea Presents For Women, Her, Daughter, Girlfriend, Friends, Sisters - 12 Oz Tumbler","B085DT7SXL","Kitchen","80909",,"18.98","498","14193","43944","392","0.48","18.98","8","66","212","186","18.98","2","32","99","48","986.96","12.24",,"18.98","0","8","30","2024-03-31"
"NewEleven Gifts For Dad From Daughter, Son, Kids - Birthday Gift For Dad, Husband, Men - Best Present Idea For Father, Husband, Bonus Dad From Daughter, Son, Wife - 20 Oz Tumbler","B088GX79HT","Kitchen","190170",,"19.98","7724","85486","70632","1147","0.6","19.98","37","525","435","355","19.98","8","183","124","100","2017.98","8.72",,"19.98","2","55","31","2024-03-31"
"NewEleven 40th Birthday Gifts For Women - 40th Birthday Decorations For Women, Her - Best 40 Year Old Gifts Ideas For Wife, Mom, Friends, Sister - Turning 40 Presents For Female - 12 Oz Tumbler","B089QFK8NV","Kitchen","82259",,"19.98","2902","42606","26816","982","1.19","19.98","29","503","350","477","19.98","16","247","181","164","3442.58","16.7",,"19.98","8","85","62","2024-03-31"
"NewEleven 50th Birthday Gifts For Women, Her - 1974 50th Birthday Decorations For Women - Gifts For Women Turning 50-50 Year Old Gifts For Women, Mom, Wife, Friends - 12 Oz Wine Tumbler","B089QFYLFB","Kitchen","182536",,"19.98","7113","104061","52020","1443","0.79","19.98","60","849","396","661","19.98","28","396","174","241","5093.9","16.7",,"19.98","12","139","66","2024-03-31"
"NewEleven Gift For Men, Dad, Husband, Him - Aprons For Men With Pockets - Funny Gifts For Men, Dad, Husband, Boyfriend, Him, Brother, Uncle - Grill Cooking BBQ Kitchen Chef Apron","B08CDFWN1Q","Home","101270",,"13.98","3112","42755","33593","1279","1.26","13.98","37","595","396","458","13.98","17","223","137","184","2462.64","14.39",,"13.98","6","89","53","2024-03-31"
"NewEleven 21st Birthday Gifts For Women, Her - 2004 21st Birthday Decorations For Her - 21st Birthday Ideas For Women, Her, Daughter, Sister, Best Friends - 12 Oz Tumbler","B08R8NVFHH","Kitchen","91585",,"18.98","254","17912","49597","433","0.47","18.98","1","110","216","177","18.98","1","52","85","51","1002.94","11.78",,"18.98","0","21","25","2024-03-31"
"Christmas Gifts For Grandma - Grandma Gifts From Granddaughter, Grandson - Unique Birthday Present Ideas For Grandma, Nana, Gigi, Mimi, Grammy From Grandchildren, Grandchild – 12 Oz Tumbler","B08R8P65YM","Kitchen","9228",,"22.98","90","1901","4170","55","0.6","22.98","0","13","19","12","22.98","0","6","3","3","68.94","5.45",,"22.98","0","1","1","2024-03-31"
"Christmas Gifts For Aunt From Niece, Nephew - Cool Gifts For Aunt, New Aunt, Auntie, Sister - Aunt Birthday Gift, Aunt Announcement, Promoted To Aunt, Best Aunt Ever - 12 Oz Tumbler","B08R8P896F","Kitchen","10134",,"14.98","14","729","2608","64","0.63","14.98","0","4","11","23","14.98","0","0","1","4","59.92","6.25",,"14.98","0","0","0","2024-03-31"
"NewEleven 60th Birthday Gifts For Women - 1964 60th Birthday Decorations For Women - Happy 60th Birthday Gifts For Women - 60th Birthday Gift Ideas For Women, Mom, Wife, Aunt - 12 Oz Wine Tumbler","B08R8PXYL6","Kitchen","163865",,"19.98","6359","87557","51105","1188","0.72","19.98","63","655","324","529","19.98","31","298","137","200","4195.8","16.84",,"19.98","15","120","40","2024-03-31"
"NewEleven 40th Birthday Gifts For Men Women - 1984 40th Birthday Decorations For Men Women - 40 Year Old Birthday Gifts For Dad, Mom, Friends Turning 40-20 Oz Tumbler","B08R8R2LQF","Kitchen","409269",,"22.98","12198","186574","152465","3378","0.83","22.98","96","1492","1307","1620","22.98","38","728","635","608","14213.72","18.0",,"22.98","19","290","222","2024-03-31"
"NewEleven Bridal Shower Gifts - Wedding Gifts For Bride - Bride To Be, Bachelorette Gifts, Engagement Gifts For Women - Bride Gifts For Bride To Be, Fiancee, Wifey, Her - 12 Oz Tumbler","B08R8R7T36","Kitchen","271548",,"17.98","2706","82068","121086","1177","0.43","17.98","13","387","504","417","17.98","5","128","192","97","1780.02","8.24",,"17.98","3","40","42","2024-03-31"
"NewEleven Retirement Gifts For Women 2024 - Happy Retirement Party Decorations - Coworker Leaving Gifts, Farewell Gifts, Goodbye Gifts For Coworkers, Friends - 12 Oz Tumbler","B08R8SSBWV","Kitchen","20636",,"12.98","171","6237","9412","382","1.85","12.98","3","129","166","122","12.98","1","37","58","51","668.98","13.35",,"12.98","1","17","26","2024-03-31"
"NewEleven 50th Birthday Gifts For Men Women - 1974 50th Birthday Decorations For Men Women - Gifts For Women Turning 50-50 Year Old Gifts For Men, Women, Mom, Dad, Wife, Husband - 20 Oz Tumbler","B08R8SW1NM","Kitchen","53100",,"16.98","1195","23069","19490","582","1.1","16.98","13","266","215","291","16.98","7","135","101","122","2348.44","20.96",,"19.98","3","63","39","2024-03-31"
"NewEleven Coworker Leaving Gifts - Farewell Gifts, Going Away Gift For Coworker - New Job, Goodbye, Good Luck Gifts For Coworkers, Colleagues, Boss, Men, Women, Friends - 20 Oz Tumbler","B08Y8RZRHG","Kitchen","35644",,"19.98","1423","20750","10001","411","1.15","17.98","14","250","119","79","17.98","5","51","18","30","595.36","7.3",,"17.98","2","24","3","2024-03-31"
"NewEleven Mothers Day Gifts For Mom - Gifts For Mom From Daughter, Son, Kids - Unique Birthday Gifts For Mom, Mother, Wife, New Mom, Bonus Mom, Pregnant Mom - Funny Gifts Ideas For Mom - 20 Oz Tumbler","B08ZKX6YK9","Kitchen","57648",,"9.99","1225","17289","23333","548","0.95","9.99","9","141","227","158","9.99","4","34","71","49","574.44","8.94",,"9.99","2","14","19","2024-03-31"
"NewEleven Gifts For Dad - Birthday Gifts For Dad From Daughter, Son, Kids - Husband Gifts - Unique Birthday Present Ideas For Father, Husband, New Dad, Bonus Dad From Daughter, Son - 20 Oz Tumbler","B08ZKZ1FJK","Kitchen","98203",,"19.98","3604","46532","33177","559","0.57","19.98","23","253","192","152","19.98","4","79","49","38","759.24","6.8",,"19.98","1","22","10","2024-03-31"
"NewEleven Retirement Gifts For Women 2024 - Happy Retirement Gifts - Coworker Leaving Gifts, Farewell Gifts, Goodbye Gifts For Coworkers, Friends - 12 Oz Tumbler","B08ZRWW1W4","Kitchen","526613",,"21.98","15230","259689","173728","5271","1.0","21.98","142","2579","1780","1709","21.98","40","903","539","618","13424.34","11.72",,"21.98","14","350","180","2024-03-31"
"NewEleven Gift For Men, Dad, Husband, Him - Aprons For Men With Pockets - Funny Gifts For Men, Dad, Husband, Boyfriend, Him, Brother, Uncle - Grill Cooking BBQ Kitchen Chef Apron","B08ZYGT8SH","Home","390897",,"19.98","12738","174155","140797","5248","1.34","19.98","202","2295","1918","829","19.98","28","379","298","272","5370.52","5.18",,"19.98","6","151","82","2024-03-31"
"NewEleven Coworker Leaving Gifts - Farewell Gifts, Going Away Gift For Coworker - New Job, Goodbye, Good Luck Gifts For Coworkers, Colleagues, Boss, Men, Women, Friends - 20 Oz Tumbler","B092HNBJT6","Kitchen","297460",,"19.98","15437","167556","84341","3821","1.28","19.98","190","2231","1047","763","19.98","50","459","189","286","5854.14","7.48",,"19.98","20","175","69","2024-03-31"
"NewEleven Gifts For Grandpa - Grandpa Gifts From Granddaughter, Grandson - Unique Birthday Present Ideas For Grandfather, New Grandpa, Promoted To Grandpa, Grandchildren, Grandkids - 20 Oz Tumbler","B094CFGN42","Kitchen","145844",,"16.98","2971","55486","59242","1069","0.73","16.98","32","382","429","404","16.98","12","169","148","162","2635.74","15.15",,"16.98","4","76","57","2024-03-31"
"NewEleven Retirement Gifts For Women 2024 - Happy Retirement Gifts - Coworker Leaving Gifts, Farewell Gifts, Goodbye Gifts For Coworkers, Friends - 20 Oz Tumbler","B095S16WV3","Kitchen","1299",,"16.98","7","180","379","16","1.23","16.98","0","3","4","6","15.98","0","1","0","2","33.96","12.5",,"15.98","0","1","0","2024-03-31"
"NewEleven Retirement Gifts For Women 2024 - Happy Retirement Party Decorations - Coworker Leaving Gifts, Farewell Gifts, Goodbye Gifts For Coworkers, Friends - 20 Oz Tumbler","B095S1818R","Kitchen","38808",,"19.98","791","13369","16031","448","1.15","19.98","11","169","170","111","17.98","5","40","43","36","858.08","8.04",,"17.98","2","14","13","2024-03-31"
"NewEleven Gifts For Men, Women - Inspirational Gifts For Men, Dad, Husband, Friend - Thank You Gifts, Appreciation Gifts, Graduation Gifts For Men, Nurse, Teacher, Boss, Coworker - 20 Oz Tumbler","B0978WGWY4","Kitchen","2148505",,"14.98","119055","1151281","577960","16567","0.77","14.98","1128","9059","4245","4311","14.98","314","2438","1019","1528","24825.7","9.22",,"14.98","105","924","313","2024-03-31"
"NewEleven Gifts For Sister From Sister, Brother - Unique Birthday Present For Sister, Soul Sister, Big Sister, Little Sister, Sister In Law, Sibling, Bestie - 20 Oz Tumbler…","B0978YSWP3","Kitchen","68691",,"9.99","1180","26648","26847","1170","1.7","9.99","19","452","454","343","9.99","6","139","132","112","1148.85","9.57",,"9.99","2","48","46","2024-03-31"
"NewEleven Gifts For Brother From Sister, Brother - Gifts For Brother - Best Birthday Gifts For Brother, Big Brother, Little Brother, Siblings, Brother In Law - Funny Gag Gifts For Men - 20 Oz Tumbler","B09792XF8F","Kitchen","385472",,"24.98","13265","187794","132981","2121","0.55","21.98","72","1098","682","730","21.98","33","407","209","239","5536.96","11.27",,"21.98","9","138","67","2024-03-31"
"NewEleven Mothers Day Gifts For Mom - Gifts For Mom From Daughter, Son, Kids - Unique Birthday Gifts For Mom, Mother, Wife, New Mom, Bonus Mom, Pregnant Mom - Funny Gifts Ideas For Mom - 20 Oz Tumbler","B097B9H21P","Kitchen","358450",,"19.98","16298","188864","103733","3318","0.93","19.98","141","1664","1016","622","19.98","32","328","184","188","3796.2","5.67",,"19.98","14","126","29","2024-03-31"
"NewEleven Gifts For Dad - Birthday Gifts For Dad From Daughter, Son, Kids - Husband Gifts - Unique Birthday Present Ideas For Father, Husband, New Dad, Bonus Dad From Daughter, Son - 20 Oz Tumbler","B097B9SY89","Kitchen","255443",,"19.98","7426","96660","108502","2676","1.05","19.98","66","1020","1118","543","19.98","17","224","222","146","2891.94","5.46",,"19.98","8","72","49","2024-03-31"
"Christmas Gifts For Uncle From Niece, Nephew - Funny Uncle Gifts, Uncle Birthday Gifts - Best Uncle Ever Present For Uncle, New Uncle, Funcle, Uncle Announcement - 20 Oz Tumbler","B097H6PJCN","Kitchen","81948",,"17.98","1797","28645","35462","719","0.88","17.98","20","244","306","325","17.98","7","121","126","134","2551.24","18.64",,"17.98","2","63","44","2024-03-31"
"Replacement Lid For 20 Oz NewEleven Tumbler - Pack of 2 lids","B0995JRMHP","Kitchen","410",,"9.98","0","46","66","26","6.34","9.98","0","4","1","14","9.98","0","1","1","8","79.84","30.77",,"9.98","0","1","1","2024-03-31"
"NewEleven Bridal Shower Gifts - Wedding Gifts For Bride - Bride To Be, Bachelorette Gifts, Engagement Gifts For Women - Bride Gifts For Bride To Be, Fiancee, Wifey, Her - 20 Oz Tumbler","B09B9PKM9M","Kitchen","76284",,"19.98","530","18041","36897","439","0.58","19.98","6","108","211","144","19.98","2","33","72","29","639.36","6.61",,"19.98","0","7","14","2024-03-31"
"NewEleven Gifts For Women Friendship - Funny Gifts For Friends Female - Unique Friendship Gifts For Women, Friend, Female, Bestie, Bff, Soul Sister, Work Bestie - 20 Oz Tumbler","B09BZ98BCS","Kitchen","15965",,"9.99","0","800","3713","238","1.49","9.99","0","23","59","63","9.99","0","3","18","13","129.87","5.46",,"9.99","0","2","6","2024-03-31"
"NewEleven Coworker Leaving Gifts - Farewell Gifts, Going Away Gift For Coworker - New Job, Goodbye, Good Luck Gifts For Coworkers, Colleagues, Boss, Men, Women, Friends - 20 Oz Tumbler (Motivation)","B09JBPZV8Y","Kitchen","50",,"9.99","0","2","14","1","2.0","9.99","0","0","1","0",,"0","0","0","0","0.0","0.0",,,"0","0","0","2024-03-31"
"NewEleven 30th Birthday Gifts For Her Women - 1994 30th Birthday Decorations For Women Her - 30 Year Old Birthday Idea Presents For Women, Her, Daughter, Girlfriend, Friends, Sisters - 12 Oz Tumbler","B09S8KNXQK","Kitchen","8517",,"9.99","26","1688","4056","87","1.02","9.99","2","20","43","21","9.99","1","7","10","9","97.89","10.34",,"9.99","1","4","3","2024-03-31"
"NewEleven Gifts For Sister From Sister, Brother - Unique Birthday Present For Sister, Soul Sister, Big Sister, Little Sister, Sister In Law, Sibling, Bestie - 20 Oz Tumbler","B09S8QLC8H","Kitchen","11942",,"14.98","23","861","3760","138","1.16","14.98","0","3","52","21","14.98","0","1","8","6","119.84","4.35",,"14.98","0","1","4","2024-03-31"
"NewEleven Bird Watching Gifts, Bird Lover Gifts - Bird Gifts For Bird Lovers Men Women - Funny Birding Gifts For Birders, Bird Watchers, Bird Lovers, Men, Women, Friends, Coworkers - 20 Oz Tumbler","B09S9PGL4T","Kitchen","23777",,"24.98","481","7680","10048","358","1.51","24.98","11","121","141","77","24.98","2","31","31","32","819.36","8.94",,"24.98","0","13","13","2024-03-31"
"NewEleven Gifts For Women - Inspirational Gifts For Women, Her, Mom, Wife, Friend - Thank You Gifts, Appreciation Gifts, Graduation Gifts For Women, Nurse, Teacher, Boss, Coworker - 20 Oz Tumbler","B09TT1GGMM","Kitchen","131964",,"19.98","5517","65765","41106","799","0.61","18.98","44","348","286","132","18.98","5","60","45","49","915.94","6.13",,"18.98","1","22","17","2024-03-31"
"NewEleven Gifts For Men - Birthday Gifts For Old Men - Funny Gag Gifts For Husband, Dad, Uncle, Grandpa, Brother, Boss, Coworker - 20 Oz Beer Glass","B09V4PBVVB","Kitchen","1842",,"9.98","11","123","713","4","0.22","9.98","0","0","2","2","9.98","0","0","1","1","9.98","25.0",,"9.98","0","0","1","2024-03-31"
"NewEleven Gifts For Grandma - Grandma Gifts From Granddaughter, Grandson - Unique Birthday Present Ideas For Grandma, Nana, Gigi, Mimi, Grammy From Grandchildren, Grandchild - 20 Oz Tumbler","B09X365CSN","Kitchen","11195",,"14.99","62","1899","4531","153","1.37","14.99","1","23","67","30","14.99","0","3","17","11","164.89","7.19",,"14.99","0","2","7","2024-03-31"
"NewEleven Coworker Leaving Gifts - Farewell Gifts, Going Away Gift For Coworker - New Job Gifts, Goodbye Gifts, Good Luck Gifts For Coworkers, Friends, Boss, Men, Women - 20 Oz Tumbler","B09XDFF8FF","Kitchen","418197",,"21.98","12550","195122","153845","7971","1.91","21.98","258","3746","2879","864","21.98","36","400","320","265","6295.5","3.32",,"21.98","13","134","96","2024-03-31"
"NewEleven Retirement Gifts For Women 2024 - Happy Retirement Party Decorations - Coworker Leaving Gifts, Farewell Gifts, Goodbye Gifts For Coworkers, Friends - 20 Oz Tumbler","B09XDFLNR8","Kitchen","205514",,"19.98","10698","119570","51828","2827","1.38","19.98","178","1637","697","792","19.98","58","469","180","267","5618.54","9.44",,"19.98","28","162","47","2024-03-31"
"Retirement Gifts For Men Women 2024 - Retired Gifts For Men, Women - Retirement Party Decorations - Fun Retirement Gifts For Women, Men, Retired People, Coworkers, Friends - 20 Oz Tumbler","B09XXP5V2W","Kitchen","442626",,"21.98","13092","202950","155647","5729","1.29","21.98","174","2601","2046","1804","21.98","59","821","616","583","12659.12","10.18",,"21.98","23","290","181","2024-03-31"
"NewEleven Retirement Gifts For Men Women - Retired Gifts For Women, Men - Retirement Party Decorations - Fun Retirement Gifts For Women, Men, Retired People, Coworkers, Friends - 20 Oz Tumbler","B09YCTFXYV","Kitchen","104044",,"16.98","1447","35425","45972","1467","1.41","16.98","31","512","648","386","16.98","10","147","157","133","2531.12","9.07",,"16.98","1","61","44","2024-03-31"
"NewEleven Coworker Leaving Gifts - Farewell Gifts, Going Away Gift For Coworker - New Job Gifts, Goodbye Gifts, Good Luck Gifts For Coworkers, Friends, Boss, Men, Women - 20 Oz Tumbler","B09ZYBDMZ1","Kitchen","4765",,"21.98","76","2054","1869","43","0.9","21.98","0","18","16","6","23.98","0","2","3","2","47.96","4.65",,"23.98","0","0","2","2024-03-31"
"NewEleven Coworker Leaving Gifts - Farewell Gifts, Going Away Gift For Coworker - New Job, Goodbye, Good Luck Gifts For Coworkers, Colleagues, Boss, Men, Women, Friends - 20 Oz Tumbler","B09ZYCD6GX","Kitchen","8005",,"19.98","147","3267","3269","76","0.95","19.98","0","29","34","15","19.98","0","4","9","8","163.84","10.53",,"19.98","0","1","6","2024-03-31"
"NewEleven Gifts for Women - Birthday Gifts for Women, Mom, Her - Thank You Gifts, Inspirational Gifts for Women, Best Friend, Sister, Mom, Wife, Aunt, Her, Daughter, Coworker - Lavender Candle 8oz","B0B1T794ZP","Home","8645",,"9.98","62","555","1801","93","1.08","9.98","3","3","17","21","9.98","2","2","3","6","59.88","6.45",,"9.98","1","0","1","2024-03-31"
"NewEleven House Warming Gifts New Home - Best, Funny Housewarming Presents for New Home, First Home, New Apartment, Housewarming Decoration Party - Lavender Candle 8Oz","B0B2JFV9YP","Home","1108",,"18.98","2","143","506","5","0.45","18.98","0","1","4","0",,"0","0","0","0","0.0","0.0",,,"0","0","0","2024-03-31"
"NewEleven Birthday Gifts For Women - Inspirational Gifts For Women, Mom, Wife, Friend - Thank You Gifts, Appreciation Gifts, Graduation Gifts For Women, Nurse, Teacher, Coworker - 12 Oz Tumbler","B0B2WCM31Q","Kitchen","15",,"9.99","0","0","0","0","0.0",,"0","0","0","0",,"0","0","0","0","0.0",,,,"0","0","0","2024-03-31"
"NewEleven Retirement Gifts For Women 2024 - Happy Retirement Gifts - Coworker Leaving Gifts, Farewell Gifts, Goodbye Gifts For Coworkers, Friends - 12 Oz Tumbler","B0B2WGL9ZW","Kitchen","8730",,"19.98","137","3548","3529","76","0.87","19.98","1","33","28","13","19.98","0","7","6","4","79.92","5.26",,"19.98","0","3","1","2024-03-31"
"NewEleven 40th Birthday Gifts For Men, Women - 1982 40th Birthday Decorations For Men, Women - Gifts for Women Turning 40-40 Year Old Gifts For Husband, Wife, Dad, Mom - 16 Oz Coffee Glass","B0B425H79X","Kitchen","44",,"9.99","0","0","4","1","2.27","9.99","0","0","0","0",,"0","0","0","0","0.0","0.0",,,"0","0","0","2024-03-31"
"NewEleven 62nd Birthday Gifts For Women - Vintage 1962 62nd Birthday Decorations For Women - Best 62 Year Old Gifts Ideas For Wife, Mom, Grandma, Friends - 22 Oz Wine Glass","B0B4WQMS2D","Kitchen","1474",,"23.98","0","7","119","26","1.76","23.98","0","0","2","9","23.98","0","0","2","2","47.96","7.69",,"23.98","0","0","1","2024-03-31"
"NewEleven Gifts for Mom, Women, Wife - Unique Birthday Gifts for Mom, Mother, Wife, New Mom, Bonus Mom, Pregnant Mom - Funny Gifts Ideas for Mom - Candle 8 0z","B0B5RJWDFX","Home","56128",,"11.98","376","8288","24964","403","0.72","11.98","1","73","186","99","11.98","1","19","51","33","403.33","8.19",,"11.98","0","8","19","2024-03-31"
"Birthday Gifts for Women - Best Friend Giftss, Funny Unique Gag Gifts for Women, Her, Bestie, BFF, Sister - Going Away Gifts for Coworker, Long Distance Friendship Presents - Lavender Candle 8 Oz","B0B5T5DP6Y","Home","247",,"16.98","3","20","75","2","0.81","16.98","0","0","1","1","16.98","0","0","0","0","0.0","0.0",,,"0","0","0","2024-03-31"
"NewEleven Gifts for Women Friendship - Funny Gifts for Friends Female - Unique Friendship Gifts for Women, Friend, Female, Bestie, BFF, Soul Sister, Work Bestie - Lavender Candle 8Oz","B0B5T79Y6M","Home","4828",,"16.98","0","191","2246","36","0.75","16.98","0","3","15","3","16.98","0","0","3","1","16.98","2.78",,"16.98","0","0","1","2024-03-31"
"NewEleven Get Well Soon Gifts for Women – Thinking of You, After Surgery, Sorry for Your Loss, Condolence, Divorce, Cancer Gifts for Women, Men, Sister, Best Friend - Lavender Candle 8 Oz","B0B5XHNWN4","Home","3029",,"9.98","4","183","1119","23","0.76","9.98","0","3","8","8","9.98","0","1","3","3","29.94","13.04",,"9.98","0","0","1","2024-03-31"
"NewEleven Gifts For Women - Birthday Gifts For Women, Mom, Her - Thank You Gifts, Inspirational Gifts For Women, Best Friend, Sister, Mom, Wife, Aunt, Her, Daughter, Coworker, Employee - 20 Oz Tumbler","B0B68YP7N8","Kitchen","1685",,"19.98","9","174","555","12","0.71","19.98","0","2","3","0",,"0","0","0","0","0.0","0.0",,,"0","0","0","2024-03-31"
"NewEleven 50th Birthday Gifts For Women - 1974 50th Birthday Decorations For Women - Gifts For Women Turning 50-50 Year Old Gifts For Women, Mom, Wife, Friends - 12 Oz Wine Tumbler","B0B69126RL","Kitchen","674",,"16.98","1","28","263","8","1.19","16.98","0","0","5","4","16.98","0","0","4","2","33.96","25.0",,"16.98","0","0","2","2024-03-31"
"NewEleven 30th Birthday Gifts For Her - 30th Birthday Decorations For Women Her - 30 Birthday Idea Presents For Women, Her, Wife, Daughter, Girlfriend, Friends, Sisters - 12 Oz Tumbler","B0B69QP6DS","Kitchen","9674",,"16.98","158","3556","4216","91","0.94","16.98","5","32","37","48","16.98","4","21","15","15","248.7","16.48",,"16.98","1","4","7","2024-03-31"
"NewEleven Gifts For Grandma - Grandma Gifts From Granddaughter, Grandson - Unique Birthday Present Ideas For Grandma, Nana, Gigi, Mimi, Grammy From Grandchildren, Grandchild - 20 Oz Tumbler","B0B6BSDKB1","Kitchen","30590",,"12.98","78","3196","14088","450","1.47","12.98","1","40","188","102","12.98","1","14","42","33","443.32","7.33",,"12.98","0","8","14","2024-03-31"
"NewEleven Mothers Day Gifts For Grandma - Grandma Gifts From Granddaughter, Grandson - Unique Present Ideas For Grandma, Nana, Gigi, Mimi, Grammy From Grandchildren, Grandchild - 20 Oz Tumbler","B0B6BTRYHC","Kitchen","489",,"22.98","4","89","237","10","2.04","22.98","0","1","5","3","22.98","0","0","3","0","0.0","0.0",,,"0","0","0","2024-03-31"
"NewEleven Mothers Day Gifts For Grandma - Grandma Gifts From Granddaughter, Grandson - Unique Present Ideas For Grandma, Nana, Gigi, Mimi, Grammy From Grandchildren, Grandchild - 20 Oz Tumbler","B0B6BTSHMG","Kitchen","667",,"22.98","4","75","321","9","1.35","22.98","0","1","4","2","12.98","0","0","2","0","0.0","0.0",,,"0","0","0","2024-03-31"
"NewEleven Mothers Day Gifts For Grandma - Grandma Gifts From Granddaughter, Grandson - Unique Present Ideas For Grandma, Nana, Gigi, Mimi, Grammy From Grandchildren, Grandchild - 20 Oz Tumbler","B0B6BWG66J","Kitchen","463",,"22.98","0","46","178","10","2.16","22.98","0","0","4","0",,"0","0","0","0","0.0","0.0",,,"0","0","0","2024-03-31"
"NewEleven Anniversary for Her Him Gifts - Funny Cute Birthday Presents for Men, Women, Boyfriend, Girlfriend, Wife, Husband, Fiance, Best Friend - Lavender Candle 8 Oz","B0B6FLPLFM","Home","2593",,"9.98","13","290","1165","25","0.96","9.98","0","5","13","3","9.98","0","1","1","1","9.98","4.0",,"9.98","0","1","0","2024-03-31"
"NewEleven Retirement Gifts for Women Men 2024 - Best, Funny Farewell, Goodbye, Retiring Gifts for Coworkers, Friends, Retired People, Teacher, Boss - Lavender Candle 8 Oz","B0B6FQ1KXG","Home","1875",,"9.98","23","410","877","26","1.39","9.98","0","3","9","6","9.98","0","0","3","2","29.94","7.69",,"9.98","0","0","1","2024-03-31"
"NewEleven Gifts for Women Friendship - Funny Gifts for Friends Female - Unique Friendship Gifts for Women, Friend, Female, Bestie, BFF, Soul Sister, Work Bestie - Lavender Candle 8 Oz","B0B6FR26NT","Home","528",,"16.98","10","68","234","4","0.76","16.98","0","0","2","1","16.98","0","0","1","0","0.0","0.0",,,"0","0","0","2024-03-31"
"NewEleven Gifts for Women Friendship - Funny Gifts for Friends Female - Unique Friendship Gifts for Women, Friend, Female, Bestie, BFF, Soul Sister, Work Bestie - Lavender Candle 8oz","B0B6FX8JQW","Home","291",,"9.98","0","23","154","4","1.37","9.98","0","0","3","0",,"0","0","0","0","0.0","0.0",,,"0","0","0","2024-03-31"
"NewEleven Gifts for Sister from Sister, Brother - Unique Birthday Present for Sister, Soul Sister, Big Sister, Little Sister, Sister in Law, Sibling - Lavender Candle 8 Oz","B0B7HV2LGY","Home","1491",,"9.98","9","101","350","32","2.15","9.98","0","4","9","7","9.98","0","1","1","1","9.98","3.13",,"9.98","0","0","1","2024-03-31"
"NewEleven 40th Birthday Gifts For Women - 40th Birthday Decorations For Women, Her - Best 40 Year Old Gifts Ideas For Wife, Mom, Friends, Sister - Turning 40 Presents For Female - 12 Oz Tumbler","B0B7M62T24","Kitchen","86600",,"9.99","1341","29766","37283","770","0.89","9.99","19","283","324","431","9.99","14","164","178","149","1738.21","19.35",,"9.99","5","69","56","2024-03-31"
"NewEleven 50th Birthday Gifts For Men Women - 1974 50th Birthday Decorations For Men Women - Gifts For Women Turning 50-50 Year Old Gifts For Men, Women, Mom, Dad, Wife, Husband - 20 Oz Tumbler","B0B7N8PWN3","Kitchen","9274",,"16.98","209","4400","3350","74","0.8","16.98","5","41","17","23","16.98","4","13","5","5","80.9","6.76",,"16.98","1","3","0","2024-03-31"
"NewEleven 32nd Birthday Gifts For Her - Vintage 1992 32nd Birthday Decorations For Her - Best 32 Year Old Gifts Ideas For Wife, Friends, Sister, Her - 22 Oz Wine Glass","B0B8D1RZRF","Kitchen","188",,"23.98","0","8","52","3","1.6","23.98","0","0","0","1","23.98","0","0","0","1","23.98","33.33",,"23.98","0","0","0","2024-03-31"
"NewEleven 23rd Birthday Gifts for Her - Vintage 2001 23rd Birthday Decorations For Her - Best 23 Year Old Bday Gifts Idea For Women, Friends, Daughter, Sister - 22 Oz Wine Glass","B0B8D46PLX","Kitchen","1590",,"16.98","0","60","604","44","2.77","16.98","0","2","22","15","16.98","0","2","8","4","67.92","9.09",,"16.98","0","0","1","2024-03-31"
"NewEleven Gifts for Dad, Men, Husband - Gifts for Dad from Daughter, Son, Kids - Best Birthday Gifts for Dad, Father, New Dad, Step Dad, Bonus Dad - Funny Gag Gifts Ideas for Dad - Cedar Candle 8 Oz","B0B9MZH5KG","Home","673",,"9.99","6","58","263","5","0.74","9.99","0","1","2","0",,"0","0","0","0","0.0","0.0",,,"0","0","0","2024-03-31"
"NewEleven Coworker Leaving Gifts - Farewell Gifts, Going Away Gift For Coworker - New Job Gifts, Goodbye Gifts, Good Luck Gifts For Coworkers, Friends, Boss, Men, Women - 20 Oz Tumbler","B0B9RHZGFG","Kitchen","3391",,"21.98","99","1143","1446","42","1.24","21.98","2","11","20","4","23.98","0","1","0","1","23.98","2.38",,"23.98","0","1","0","2024-03-31"
"NewEleven Retirement Gifts For Women 2024 - Happy Retirement Gifts - Coworker Leaving Gifts, Farewell Gifts, Goodbye Gifts For Coworkers, Friends - 12 Oz Tumbler","B0B9RLH8RV","Kitchen","4275",,"16.98","142","2091","1424","43","1.01","16.98","2","19","14","9","16.98","1","4","3","3","53.94","6.98",,"16.98","0","2","1","2024-03-31"
"NewEleven Gifts For Women Friendship - Funny Gifts For Friends Female - Unique Friendship Gifts For Women, Friend, Female, Bestie, Bff, Soul Sister, Work Bestie – 16 Oz Coffee Glass","B0B9SC1JMN","Kitchen","133402",,"17.98","3493","52379","48408","1159","0.87","15.98","41","436","419","366","15.98","10","148","117","81","1410.3","6.99",,"15.98","3","42","21","2024-03-31"
"NewEleven Bridal Shower Gifts - Wedding Gifts For Bride - Bride To Be, Bachelorette Gifts, Engagement Gifts For Women - Bride Gifts For Bride To Be, Fiancee, Wifey, Her - 16 Oz Coffee Glass","B0B9SCJVV7","Kitchen","237519",,"9.99","2487","74183","106222","2297","0.97","9.99","29","690","1041","1200","9.99","12","395","521","309","3179.52","13.45",,"9.99","4","124","127","2024-03-31"
"NewEleven Mothers Day Gifts For Mom - Unique Birthday Gifts For Mom, Mother, Wife, New Mom, Bonus Mom, Pregnant Mom - 16 Oz Coffee Glass","B0B9SF2R4R","Kitchen","143510",,"14.99","2358","54718","60380","1100","0.77","14.99","16","411","464","436","14.99","6","168","185","110","1733.84","10.0",,"14.99","1","51","49","2024-03-31"
"NewEleven Gifts For Women - Birthday Gifts For Women, Mom, Her - Inspirational Gifts For Women, Best Friend, Sister, Mom, Wife, Aunt, Her, Daughter, Coworker, Employee - 16 Oz Coffee Glass","B0B9SGJGSV","Kitchen","1028",,"27.98","0","5","76","9","0.88","27.98","0","0","0","0",,"0","0","0","0","0.0","0.0",,,"0","0","0","2024-03-31"
"NewEleven Congratulations Gifts For Women - New Job Gifts For Coworkers, Friends - Graduation Encouragement Motivational Inspirational Gifts For Women, Her, Best Friend- 16 Oz Coffee Glass","B0B9SKGQWF","Kitchen","123290",,"15.98","1894","49744","55426","1004","0.81","15.98","19","411","447","299","15.98","6","135","130","103","1911.72","10.26",,"15.98","3","48","45","2024-03-31"
"NewEleven Mothers Day Gifts For Mom - Unique Birthday Gifts For Mom, Mother, Wife, New Mom, Bonus Mom, Pregnant Mom - 16 Oz Coffee Glass","B0BC8QLF1R","Kitchen","14683",,"13.98","239","5054","6067","175","1.19","13.98","6","54","67","50","13.98","1","15","18","11","149.78","6.29",,"13.98","1","4","3","2024-03-31"
"NewEleven Gifts For Wife From Husband - Romantic Anniversary Wedding Gifts For Wife, Her From Husband - Best Presents Idea For Wife, Women - 16 Oz Coffee Glass","B0BC8RQ4NG","Kitchen","36192",,"9.99","970","16700","13072","305","0.84","9.99","7","148","101","114","9.99","3","62","35","47","469.53","15.41",,"9.99","2","26","12","2024-03-31"
"NewEleven Mothers Day Gifts For Aunt From Niece, Nephew - Cool Gifts For Aunt, New Aunt, Auntie, Sister - Aunt Birthday Gift, Aunt Announcement, Promoted To Aunt, Best Aunt Ever - 16 Oz Coffee Glass","B0BC8SB3Y4","Kitchen","164961",,"16.98","2187","63146","73039","1059","0.64","16.98","9","419","476","403","16.98","4","167","179","134","2311.05","12.65",,"16.98","2","63","55","2024-03-31"
"NewEleven Gifts For Mom - Gifts For Mom From Daughter, Son, Kids - Unique Birthday Gifts For Mom, Mother, Wife, New Mom, Bonus Mom, Pregnant Mom - Funny Gifts Ideas For Mom - 22 Oz Wine Glass","B0BC8TKH8X","Kitchen","4210",,"14.98","8","618","1851","51","1.21","14.98","0","5","27","12","14.98","0","3","5","5","74.9","9.8",,"14.98","0","2","2","2024-03-31"
"NewEleven Mothers Day Gifts For Sister From Sister, Brother - Unique Birthday Present For Sister, Soul Sister, Big Sister, Little Sister, Sister In Law, Sibling, Bestie - 16 Oz Coffee Glass","B0BC8WBYW7","Kitchen","11226",,"14.98","119","2978","5078","104","0.93","14.98","0","29","49","39","14.98","0","15","15","16","239.68","15.38",,"14.98","0","6","7","2024-03-31"
"NewEleven Gifts For Wife, Her - Wife Gifts From Husband - Gifts For Her - Wife Gift Ideas For Women, Bride To Be, Fiancee, Wifey - 16 Oz Coffee Glass","B0BDLH8KX3","Kitchen","366122",,"14.98","14650","185804","118401","2819","0.77","14.98","120","1445","918","1213","14.98","58","606","393","274","4261.29","9.72",,"14.98","13","159","73","2024-03-31"
"NewEleven 21st Birthday Gifts For Women, Her - 2003 21st Birthday Decorations For Her - 21st Birthday Ideas For Women, Her, Daughter, Sister, Best Friends - 16 Coffee Glass","B0BHVNXBS6","Kitchen","77459",,"17.98","1171","26865","34227","534","0.69","17.98","9","197","239","227","17.98","4","84","92","51","952.94","9.55",,"17.98","0","20","21","2024-03-31"
"NewEleven Cute Glass Coffee Cups With Lids And Straw – Aesthetic Cups – Iced Coffee Cup, Coffee Tumbler, Glass Tumbler – Cute Gifts For Women, Coffee Lover - 16 Oz Coffee Glass","B0BHVNXNYL","Kitchen","29356",,"9.99","262","3910","5504","395","1.35","9.99","7","51","74","123","9.99","5","16","25","16","179.82","4.05",,"9.99","1","4","4","2024-03-31"
"NewEleven Gifts For Women - Birthday Gifts For Women, Mom, Her - Inspirational Gifts For Women, Best Friend, Sister, Mom, Wife, Aunt, Her, Daughter, Coworker, Employee - 16 Oz Coffee Glass","B0BHVYX576","Kitchen","28210",,"13.98","159","8325","12969","282","1.0","13.98","0","101","126","62","9.98","0","25","24","20","265.54","7.09",,"9.98","0","12","3","2024-03-31"
"NewEleven Mother Day Gift For Mom - Gifts For Mom From Daughter, Son, Kids - Unique Birthday Gifts For Mom, New Mom, Bonus Mom, Pregnant Mom - Funny Gifts Ideas For Mom - 16 Oz Coffee Glass","B0BHWDNYVL","Kitchen","26519",,"17.98","372","8800","11240","176","0.66","17.98","1","47","84","34","17.98","0","13","18","10","185.8","5.68",,"17.98","0","5","5","2024-03-31"
"NewEleven Mothers Day Gifts For Mom - Unique Birthday Gifts For Mom, Mother, Wife, New Mom, Bonus Mom, Pregnant Mom - 16 Oz Coffee Glass","B0BHWKY43D","Kitchen","53154",,"9.99","726","18011","19731","548","1.03","9.99","2","155","219","208","9.99","0","64","86","67","665.09","12.23",,"9.99","0","21","29","2024-03-31"
"NewEleven Gifts for Dad, Men, Husband - Gifts for Dad from Daughter, Son, Kids - Best Birthday Gifts for Dad, Father, New Dad, Step Dad, Bonus Dad - Funny Gag Gifts Ideas for Dad - 8 Oz Cedar Candle","B0BKL8FYZJ","Home","12963",,"9.99","86","3303","7238","89","0.69","9.99","2","17","55","27","9.99","0","8","16","10","117.87","11.24",,"9.99","0","3","6","2024-03-31"
"NewEleven 30th Birthday Gifts For Her Women - 1993 30th Birthday Decorations For Women - 30 Year Old Gifts Idea For Women, Friends, Sister - 16 Oz Coffee Glass - 16 Oz Coffee Glass","B0BP67M8BD","Kitchen","441",,"9.98","0","63","158","4","0.91","9.98","0","0","2","0",,"0","0","0","0","0.0","0.0",,,"0","0","0","2024-03-31"
"NewEleven 41st Birthday Gifts For Women - Funny 41 Year Old Gifts Ideas For Wife, Mom, Best Friends, Sister - 16 Oz Coffee Glass","B0BP7QTHL6","Kitchen","3054",,"9.98","1","111","529","45","1.47","9.98","0","4","5","8","9.98","0","1","3","2","19.96","4.44",,"9.98","0","0","1","2024-03-31"
"NewEleven Mothers Day Gifts For Sister From Sister, Brother - Unique Birthday Present For Sister, Soul Sister, Big Sister, Little Sister, Sister In Law, Sibling, Bestie - 16 Oz Coffee Glass","B0BPXZJSW1","Kitchen","49702",,"14.98","454","15778","21501","570","1.15","14.98","2","156","236","135","14.98","0","39","53","34","559.28","5.96",,"14.98","0","15","13","2024-03-31"
"NewEleven Birthday Gifts for Women Friendship - Funny Gifts for Friends Female - Unique Friendship Gifts for Women, Friend, Female, Bestie, BFF, Soul Sister, Work Bestie - Lavender Candle 8 Oz","B0BQLHVXNN","Home","6474",,"18.98","72","1772","2853","56","0.86","18.98","0","24","23","15","18.98","0","7","5","4","75.92","7.14",,"18.98","0","3","0","2024-03-31"
"51th Birthday Gifts For Women, Her - Vintage 1973 51th Birthday Decorations For Women - Best 51 Year Old Gifts Ideas For Wife, Mom, Sister, Friends - Turning 51 Presents For Female - 22 Oz Wine Glass","B0BR3MWM32","Kitchen","24296",,"14.98","121","4336","9765","269","1.11","14.98","1","44","112","89","14.98","0","15","46","25","374.5","9.29",,"14.98","0","1","17","2024-03-31"
"NewEleven Gifts For Women Friendship - Funny Gifts For Friends Female - Unique Friendship Gifts For Women, Friend, Female, Bestie, Bff, Soul Sister, Work Bestie – 16 Oz Coffee Glass","B0BRB5SPYZ","Kitchen","49406",,"15.98","551","12530","23908","324","0.66","15.98","9","75","153","91","14.98","2","26","41","28","512.36","8.64",,"14.98","1","9","14","2024-03-31"
"NewEleven 30th Birthday Gifts For Her Him - 1994 30th Birthday Decorations for Women, Men - 30 Year Old Gifts Idea for Best Friend, BFF, Sister, Brother - 16 Oz Coffee Glass","B0BRB6C2YB","Kitchen","14064",,"9.99","289","4926","5731","203","1.44","9.99","8","59","91","101","9.99","7","30","48","36","365.57","17.73",,"7.99","1","10","21","2024-03-31"
"NewEleven Mothers Day Gifts For Sister From Sister, Brother - Unique Birthday Present For Sister, Soul Sister, Big Sister, Little Sister, Sister In Law, Sibling, Bestie - 16 Oz Coffee Glass","B0BRB6J55H","Kitchen","10586",,"16.98","82","3716","4589","125","1.18","16.98","2","40","59","20","16.98","1","7","7","4","63.92","3.2",,"16.98","0","2","1","2024-03-31"
"NewEleven 40th Birthday Gifts For Women - Funny 40 Year Old Gifts Ideas For Wife, Mom, Best Friends, Sister - 16 Oz Coffee Glass","B0BRB6M62N","Kitchen","10946",,"7.99","324","4341","3740","153","1.4","7.99","4","69","53","74","7.99","2","33","26","31","307.67","20.26",,"7.99","0","12","12","2024-03-31"
"NewEleven Coworker Leaving Gifts - Farewell Gifts, Going Away Gift For Coworker - New Job Gifts, Goodbye Gifts, Good Luck Gifts For Coworkers, Friends, Boss, Women – 16 Oz Coffee Glass","B0BRB6NJCT","Kitchen","464351",,"19.98","16243","246498","149917","7566","1.63","19.98","278","3968","2464","1262","19.98","58","722","365","397","7407.23","5.25",,"16.98","30","247","94","2024-03-31"
"NewEleven Gifts For Sister From Sister, Brother - Unique Birthday Present For Sister, Soul Sister, Big Sister, Little Sister, Sister In Law, Sibling, Bestie - 16 Oz Coffee Glass","B0BRCBT14P","Kitchen","8942",,"16.98","29","1535","4680","91","1.02","16.98","0","15","51","11","16.98","0","1","6","1","16.98","1.1",,"16.98","0","0","0","2024-03-31"
"NewEleven Bridal Shower Gifts - Wedding Gifts For Bride - Bride To Be, Bachelorette Gifts, Engagement Gifts For Women - Bride Gifts For Bride To Be, Fiancee, Wifey, Her - 16 Oz Coffee Glass","B0BRCCZLL8","Kitchen","314307",,"18.98","6365","127391","128228","1969","0.63","18.98","44","761","869","718","18.98","16","279","330","154","2926.98","7.82",,"18.98","4","67","74","2024-03-31"
"NewEleven Gifts For Women Friendship - Funny Gifts For Friends Female - Unique Friendship Gifts For Women, Friend, Female, Bestie, Bff, Soul Sister, Work Bestie - 16 Oz Coffee Glass","B0BRCDZRSP","Kitchen","69057",,"17.98","1202","29779","27861","708","1.03","15.98","15","345","239","320","15.98","4","154","118","89","1340.08","12.57",,"11.98","2","52","26","2024-03-31"
"NewEleven Bridal Shower Gifts - Wedding Gifts For Bride - Bride To Be, Bachelorette Gifts, Engagement Gifts For Women - Bride Gifts For Bride To Be, Fiancee, Wifey, Her - 16 Oz Coffee Glass","B0BRCF697N","Kitchen","127151",,"16.98","1787","44021","58209","819","0.64","16.98","16","325","338","341","16.98","7","151","123","64","1071.7","7.81",,"16.98","2","38","17","2024-03-31"
"NewEleven Funny Gifts For Her, Women - Sarcastic Gifts For Women, Friends - Funny Joke Birthday Gifts For Her, Women, Best Friend, Sister, Coworkers - 16 Oz Coffee Glass","B0BRCFCDFS","Kitchen","5901",,"16.98","90","1716","2733","76","1.29","9.99","0","25","28","25","9.99","0","7","11","4","46.95","5.26",,"9.99","0","2","2","2024-03-31"
"NewEleven Mothers Day Gifts For Dog Lovers, Dog Owners, Dog Mama, Dog Mom, Fur Mama - Dog Mom Gifts For Women - Cute Funny Gifts For Women, Best Friend, Girlfriend - 16 Oz Coffee Glass","B0BRCG7S9H","Kitchen","233330",,"16.98","5646","100297","92903","1510","0.65","16.98","47","652","582","648","16.98","30","285","238","141","2417.08","9.34",,"16.98","11","86","35","2024-03-31"
"NewEleven Mothers Day Gifts For Cat Mom, Cat Lover, Cat Lady - Cat Gifts For Women - Cute Cat Stuff, Cat Themed Gifts For Women - Cute Funny Gifts For Her, Women, Best Friend - 16 Oz Coffee Glass","B0BRCJ5VYH","Kitchen","343844",,"17.98","5430","122057","148134","2599","0.76","17.98","45","876","1165","1064","17.98","24","368","469","218","3785.58","8.39",,"17.98","6","108","76","2024-03-31"
"NewEleven Mothers Day Gifts For Aunt From Niece, Nephew - Cool Gifts For Aunt, New Aunt, Auntie, Sister - Aunt Birthday Gift, Aunt Announcement, Promoted To Aunt, Best Aunt Ever - 16 Oz Coffee Glass","B0BYCRH528","Kitchen","16957",,"16.98","186","4543","7029","134","0.79","16.98","1","33","55","52","16.98","1","17","13","10","161.68","7.46",,"16.98","1","4","1","2024-03-31"
"NewEleven Mothers Day Gifts For Sister From Sister, Brother - Unique Birthday Present For Sister, Soul Sister, Big Sister, Little Sister, Sister In Law, Sibling, Bestie - 16 Oz Coffee Glass","B0BYCSHGYX","Kitchen","4077",,"16.98","69","1203","1801","31","0.76","16.98","1","6","12","6","14.98","0","2","1","0","0.0","0.0",,,"0","0","0","2024-03-31"
"NewEleven Mothers Day Gifts For Aunt From Niece, Nephew - Cool Gifts For Aunt, New Aunt, Auntie, Sister - Aunt Birthday Gift, Aunt Announcement, Promoted To Aunt, Best Aunt Ever - 16 Oz Coffee Glass","B0BYCT1SRJ","Kitchen","888042",,"21.98","38216","409685","286029","7233","0.81","21.98","334","3348","2354","2635","21.98","126","1242","864","636","14931.57","8.79",,"21.98","35","359","168","2024-03-31"
"NewEleven Gifts For Women, Her - Daily Reminder, Mental Health Gifts - Inspirational Gifts For Women, Best Friend, Sister, Mom, Wife, Aunt, Her, Daughter, Coworker - 16 Oz Coffee Glass","B0BYDBPSBQ","Kitchen","92536",,"19.98","4587","44237","29546","1715","1.85","19.98","96","835","542","372","19.98","16","191","116","75","1648.28","4.37",,"19.98","1","41","22","2024-03-31"
"NewEleven Gifts For Nurse - Nurse Gifts For Women - Nurse Appreciation Gifts For Nurses, Nursing Student, Nurse Practitioner, Registered Nurse - RN Gifts For Nurses Women - 16 Oz Coffee Glass","B0BYDBW7PH","Kitchen","36192",,"16.98","533","11496","15283","302","0.83","16.98","4","101","130","99","16.98","0","35","46","24","407.52","7.95",,"16.98","0","10","12","2024-03-31"
"NewEleven Gifts For Women - Birthday Gifts For Women, Mom, Her - Inspirational Gifts For Women, Best Friend, Sister, Mom, Wife, Aunt, Her, Daughter, Coworker, Employee - 16 Oz Coffee Glass","B0BYDC9VC8","Kitchen","2545",,"9.99","42","988","1097","38","1.49","9.99","1","11","22","6","9.99","0","1","4","2","26.97","5.26",,"9.99","0","0","2","2024-03-31"
"NewEleven Gifts For Book Lovers - Book Lovers Gifts For Women - Bookish Gifts for Readers, Librarians, Bookaholics, Bookworms - Birthday Gifts For Women, Her, Best Friend – 16 Oz Coffee Glass","B0BYDDFNBD","Kitchen","780474",,"19.98","21343","355143","261630","6551","0.84","19.98","174","2761","2281","2809","19.98","75","1204","976","474","9474.24","7.24",,"19.98","19","261","143","2024-03-31"
"NewEleven Funny Gifts For Her, Women - Sarcastic Gifts For Women, Friends - Funny Joke Birthday Gifts For Her, Women, Best Friend, Sister, Coworkers - 16 Oz Coffee Glass","B0BYDDYBYW","Kitchen","51004",,"19.98","622","13023","19380","384","0.75","19.98","8","90","167","132","19.98","4","31","54","31","636.36","8.07",,"19.98","1","6","15","2024-03-31"
"NewEleven Birthday Gifts For Women - Hello Gorgeous Gifts For Boss Lady, Women, Coworker, Friends - Gifts For Female Friends, Boss Lady - 16 Oz Coffee Glass","B0BYDG9D83","Kitchen","3975",,"16.98","31","812","2005","49","1.23","16.98","0","10","21","20","16.98","0","5","8","3","50.94","6.12",,"16.98","0","1","2","2024-03-31"
"NewEleven Gifts for Women Friendship - Funny Gifts for Friends Female - Unique Friendship Gifts for Women, Friend, Female, Bestie, BFF, Soul Sister, Work Bestie - Lavender Candle 8 Oz","B0BYHP62T5","Home","6610",,"18.98","28","993","3047","77","1.16","18.98","0","13","44","12","18.98","0","2","5","5","94.9","6.49",,"18.98","0","1","2","2024-03-31"
"Coworker Leaving Gifts - Farewell Gifts, Going Away Gift For Coworker - New Job, Goodbye, Good Luck Gifts For Coworkers, Colleagues, Boss, Work Bestie, Women, Friends - 16 Oz Coffee Glass","B0BZVBXMSH","Kitchen","104555",,"17.98","1505","42244","45086","1301","1.24","17.98","21","554","560","292","17.98","5","153","111","100","1765.96","7.69",,"17.98","3","55","35","2024-03-31"
"NewEleven Gifts for Women Friendship - Funny Gifts for Friends Female - Unique Friendship Gifts for Women, Friend, Female, Bestie, BFF, Soul Sister, Work Bestie - Lavender Candle 8 Oz","B0BZW5PRZF","Home","2968",,"9.99","4","239","607","44","1.48","9.99","0","3","9","8","9.99","0","2","1","3","29.97","6.82",,"9.99","0","1","0","2024-03-31"
"NewEleven Gifts for Women Friendship - Funny Gifts for Friends Female - Unique Friendship Gifts for Women, Friend, Female, Bestie, BFF, Soul Sister, Work Bestie - Lavender Candle 8 Oz","B0BZW79FM9","Home","825",,"9.99","13","214","327","6","0.73","9.99","0","2","1","3","9.99","0","2","0","0","0.0","0.0",,,"0","0","0","2024-03-31"
"NewEleven Birthday Gifts For Women - Inspirational Gifts For Women, Sister, Friend - Thank You Gifts, Appreciation Gifts, Graduation Gifts - 16 Oz Coffee Glass","B0C148LHY5","Kitchen","655",,"14.98","9","166","232","7","1.07","14.98","0","2","2","0",,"0","0","0","0","0.0","0.0",,,"0","0","0","2024-03-31"
"NewEleven Cute Glass Coffee Cups With Lids And Straw – Aesthetic Cups – Iced Coffee Cup, Coffee Tumbler, Glass Tumbler – Cute Gifts For Women, Coffee Lover - 16 Oz Coffee Glass","B0C1BS7BV8","Kitchen","4569",,"19.98","34","739","1083","114","2.5","19.98","0","11","22","25","19.98","0","5","5","0","0.0","0.0",,,"0","0","0","2024-03-31"
"NewEleven Cute Glass Coffee Cups With Lids And Straw – Aesthetic Cups – Iced Coffee Cup, Coffee Tumbler, Glass Tumbler – Gifts For Women, Coffee Lover - 16 Oz Coffee Glass","B0C1BWJM89","Kitchen","46631",,"23.98","266","11753","23313","517","1.11","23.98","5","125","271","112","23.98","0","29","59","6","147.86","1.16",,"19.98","0","4","2","2024-03-31"
"NewEleven Cute Glass Coffee Cups With Lids And Straw – Aesthetic Cups – Iced Coffee Cup, Coffee Tumbler, Glass Tumbler – Gifts For Women, Coffee Lover - 16 Oz Coffee Glass","B0C1BX851W","Kitchen","9518",,"19.98","69","1530","4116","145","1.52","19.98","1","30","52","43","19.98","0","7","23","9","179.82","6.21",,"19.98","0","5","3","2024-03-31"
"NewEleven Cute Glass Coffee Cups With Lids And Straw – Aesthetic Cups – Iced Coffee Cup, Coffee Tumbler, Glass Tumbler – Gifts For Women, Coffee Lover - 16 Oz Coffee Glass","B0C1BYB4SH","Kitchen","81590",,"19.98","3283","40325","26947","1311","1.61","19.98","54","652","434","241","19.98","11","132","57","35","609.3","2.67",,"14.98","1","23","10","2024-03-31"
"NewEleven Cute Glass Coffee Cups With Lids And Straw – Aesthetic Cups – Iced Coffee Cup, Coffee Tumbler, Glass Tumbler – Gifts For Women, Coffee Lover - 16 Oz Coffee Glass","B0C1C1F4M4","Kitchen","80364",,"23.98","1087","26813","35419","883","1.1","23.98","9","271","403","117","23.98","0","36","57","16","338.68","1.81",,"23.98","0","8","5","2024-03-31"
"Housewarming Gifts For Women - House Warming Gifts New Home - Housewarming Gift, New House Gifts, First Apartment, New Home - Funny Gift Ideas For Housewarming - 16 Oz Coffee Glass","B0C1SJBGYP","Kitchen","8881",,"9.98","173","2030","3302","73","0.82","9.98","1","16","32","27","5.99","0","6","10","13","103.81","17.81",,"5.99","0","5","5","2024-03-31"
"NewEleve Gifts For New Mom - Postpartum Gifts, Pregnancy Gifts For First Time Mom, Expecting Mom, Mom To Be, Pregnant Mom, After Birth Women - 16 Oz Coffee Glass","B0C1SN5WVQ","Kitchen","1376",,"9.99","0","0","13","16","1.16","9.99","0","0","1","2","9.99","0","0","1","2","19.98","12.5",,"9.99","0","0","1","2024-03-31"
"Birthday Gifts For Dad From Daughter, Son, Kids - Gift For Dad, New Dad, Husband, Men - Funny Present Idea, Beer gifts For Father, Husband, Bonus Dad From Daughter, Son, Wife - Big Grip Beer Stein","B0C1TCXBJS","Kitchen","18408",,"13.98","292","6338","7094","189","1.03","13.98","2","70","74","44","13.98","0","17","19","8","121.83","4.23",,"13.98","0","5","1","2024-03-31"
"NewEleven Sloth Gifts For Women - Sloth Gifts, Sloth Stuff For Sloth Lovers - Cute Funny Birthday Gifts For Women, Best Friend, Sister, Daughter, Coworker - 16 Oz Coffee Glass","B0C23XHCN1","Kitchen","57905",,"19.98","609","13535","28971","757","1.31","19.98","7","174","380","263","19.98","4","60","130","44","873.12","5.81",,"19.98","0","14","23","2024-03-31"
"NewEleven Penguin Gifts For Women - Penguin Gifts, Penguin Stuff For Penguin Lovers - Cute Funny Birthday Gifts For Women, Best Friend, Sister, Daughter, Coworker - 16 Oz Coffee Glass","B0C23Y5ZYH","Kitchen","37813",,"19.98","104","5873","17357","369","0.98","19.98","2","48","166","138","19.98","1","15","61","23","470.52","6.23",,"19.98","0","3","12","2024-03-31"
"NewEleven 30th Birthday Gifts For Her Women - 1994 30th Birthday Decorations For Women - 30 Year Old Gifts Idea For Women, Friends, Sister - 16 Oz Coffee Glass - 16 Oz Coffee Glass","B0C23Z96SX","Kitchen","43813",,"15.98","514","11229","22018","371","0.85","15.98","3","91","201","135","15.98","1","42","65","37","539.28","9.97",,"15.98","0","16","17","2024-03-31"
"NewEleven Cow Gifts For Women - Cow Gifts, Cow Stuff For Cow Lovers - Cute Funny Birthday Gifts For Women, Best Friend, Sister, Daughter, Coworker - 16 Oz Coffee Glass","B0C242DYT4","Kitchen","47006",,"19.98","580","12316","20315","521","1.11","19.98","8","147","216","183","19.98","3","47","79","29","549.42","5.57",,"19.98","1","8","11","2024-03-31"
"NewEleven 50th Birthday Gifts for Men Women - Vintage 1973 50th Birthday Decorations for Men Women - 50 Year Old Gifts for Men, Women, Mom, Dad, Wife, Husband - Retro Trucker Hat (Black)","B0C2C4J7Y1","Apparel","8634",,"14.98","0","146","1174","123","1.42","14.98","0","1","13","14","14.98","0","0","2","7","104.86","5.69",,"14.98","0","0","1","2024-03-31"
"Coworker Leaving Gifts - Farewell Gifts, Going Away Gift For Coworker - New Job, Goodbye, Good Luck Gifts For Coworkers, Colleagues, Boss, Work Bestie, Women, Friends - 16 Oz Coffee Glass","B0C2TBXN53","Kitchen","11770",,"15.98","373","5578","4287","136","1.16","15.98","7","72","36","29","11.98","2","15","5","7","79.88","5.15",,"11.98","0","5","2","2024-03-31"
"NewEleven Retirement Gifts For Women 2024 For Coworker, Friends, Tearcher, Nurse, Work Bestie - Divorce Gifts For Women - Farewell Gifts, Coworker Gifts, Divorce Gifts - 16 Oz Coffee Glass","B0C2TJY1XL","Kitchen","44394",,"16.98","484","8814","22318","533","1.2","16.98","7","115","254","156","16.98","5","35","75","34","577.32","6.38",,"16.98","3","13","15","2024-03-31"
"NewEleven Retirement Gifts For Women 2024 - Happy Retirement Party Decorations - Coworker Leaving Gifts, Farewell Gifts, Goodbye Gifts For Coworkers, Friends - 20 Oz Tumbler","B0C3CW184G","Kitchen","22339",,"19.98","696","10214","8209","304","1.36","19.98","17","133","110","66","19.98","3","33","22","22","435.56","7.24",,"19.98","2","14","4","2024-03-31"
"NewEleven Gifts For Women Friendship - Funny Gifts For Friends Female - Unique Friendship Gifts For Women, Friend, Female, Bestie, Bff, Soul Sister, Work Bestie - 20 Oz Tumbler","B0C3CWNMC4","Kitchen","8064",,"25.98","103","2458","3647","36","0.45","25.98","1","12","18","3","25.98","0","0","2","0","0.0","0.0",,,"0","0","0","2024-03-31"
"NewEleven Gifts For Women Friendship - Funny Gifts For Friends Female - Unique Friendship Gifts For Women, Friend, Female, Bestie, Bff, Soul Sister, Work Bestie - 20 Oz Tumbler","B0C3CYSR24","Kitchen","10397",,"25.98","48","2156","5171","59","0.57","25.98","0","12","27","13","25.98","0","1","7","4","103.92","6.78",,"25.98","0","0","2","2024-03-31"
"NewEleven Gifts For Women Friendship - Funny Gifts For Friends Female - Unique Friendship Gifts For Women, Friend, Female, Bestie, Bff, Soul Sister, Work Bestie - 20 Oz Tumbler","B0C3D324P3","Kitchen","11792",,"25.98","85","2784","5833","111","0.94","25.98","1","23","61","23","25.98","0","8","10","7","181.86","6.31",,"25.98","0","3","3","2024-03-31"
"NewEleven Gifts for Dad, Men, Husband - Gifts for Dad from Daughter, Son, Kids - Best Birthday Gifts for Dad, Father, New Dad, Step Dad, Bonus Dad - Funny Gag Gifts Ideas for Dad - Black Trucker Hat","B0C5C9RV2V","Apparel","16782",,"9.99","23","1283","5255","82","0.49","9.99","0","13","34","15","9.99","0","0","8","6","59.94","7.32",,"9.99","0","0","4","2024-03-31"
"NewEleven Gifts for Dad from Daughter, Son, Kids - Fathers Day Giftss for Dad, Grandpa, New Dad, Papa, Husband (Papaw)","B0C5C9VHMK","Apparel","2697",,"9.99","0","156","656","38","1.41","9.99","0","2","6","7","9.99","0","1","2","1","9.99","2.63",,"9.99","0","0","0","2024-03-31"
"NewEleven Gifts for Dad, Men, Husband - New Dad Gifts for Men from Wife, Friends - Best Gifts for New Dad, First Time Dad, New Parents, Expectant Dad, Dad to Be - Black Trucker Hat","B0C5CCB86Q","Apparel","8820",,"9.99","0","596","3059","43","0.49","9.99","0","6","14","2","9.99","0","0","1","0","0.0","0.0",,,"0","0","0","2024-03-31"
"NewEleven Gifts for Uncle from Niece, Nephew - Funny Uncle Gifts, Uncle Birthday Gifts - Best Uncle Ever Present for Uncle, New Uncle, Funcle, Uncle Announcement - Trucker Hat","B0C5CDG435","Apparel","15740",,"9.99","3","353","3409","111","0.71","9.99","0","6","28","21","9.99","0","3","8","7","69.93","6.31",,"9.99","0","2","2","2024-03-31"
"NewEleven Gifts for Dad, Men, Husband - Gifts for Dad from Daughter, Son, Kids - Best Birthday Gifts for Dad, Father, New Dad, Step Dad, Bonus Dad - Funny Gag Gifts Ideas for Dad - Black Trucker Hat","B0C5CF12F1","Apparel","138",,"9.99","0","0","8","0","0.0",,"0","0","0","0",,"0","0","0","0","0.0",,,,"0","0","0","2024-03-31"
"NewEleven Congratulations Gifts For Women - 2024 Graduation Gifts For Her, Farewell Gifts, Going Away Gifts, Moving Away Gifts For Friends - New Beginnings Gifts For Women, Her - 16 Oz Coffee Glass","B0C5J3BKGW","Kitchen","107975",,"15.98","2311","52024","41860","802","0.74","15.98","23","393","306","194","15.98","6","97","76","48","899.92","5.99",,"15.98","1","27","18","2024-03-31"
"NewEleven 30th Birthday Gifts For Men Women - Vintage 1993 30th Birthday Decorations For Men Women - 30 Year Old Gifts for Men, Women, Friends, Sister, Brother - 20 Oz Beer Can Glass","B0C5J67SPG","Kitchen","4886",,"6.07","0","14","70","26","0.53","6.07","0","1","1","3","5.62","0","0","0","0","0.0","0.0",,,"0","0","0","2024-03-31"
"NewEleven 50th Birthday Gifts For Men Women - Vintage 1973 50th Birthday Decorations For Men Women - 50 Year Old Gifts for Men, Women, Mom, Dad, Wife, Husband - 20 Oz Beer Can Glass","B0C5J7B5C5","Kitchen","2671",,"27.98","0","90","438","8","0.3","12.98","0","0","0","1",,"0","0","0","0","0.0","0.0",,,"0","0","0","2024-03-31"
"NewEleven 40th Birthday Gifts For Men Women - Vintage 1983 40th Birthday Decorations For Men Women - 40 Year Old Gifts for Men, Women, Mom, Dad, Wife, Husband - 20 Oz Beer Can Glass","B0C5J95LN2","Kitchen","2489",,"27.98","4","199","533","8","0.32","12.98","0","1","4","1","12.98","0","0","1","1","12.98","12.5",,"12.98","0","0","1","2024-03-31"
"NewEleven Retirement Gifts For Women 2024 - Happy Retirement Party Decorations - Coworker Leaving Gifts, Farewell Gifts, Goodbye Gifts For Coworkers, Friends - 20 Oz Tumbler","B0C5JDHHTK","Kitchen","19232",,"14.98","188","4940","9797","256","1.33","14.98","4","64","122","79","14.98","1","20","38","25","389.5","9.77",,"14.98","1","4","12","2024-03-31"
"NewEleven Gifts for Dad, Men, Husband - Gifts for Dad from Daughter, Son, Kids - Best Birthday Gifts for Dad, Father, New Dad, Step Dad, Bonus Dad - Funny Gag Gifts Ideas for Dad - 8 Oz Cedar Candle","B0C5XNHX5K","Home","63954",,"11.98","703","22645","28665","295","0.46","11.98","5","110","132","61","11.98","0","33","20","29","373.42","9.83",,"11.98","0","18","10","2024-03-31"
"NewEleven Gifts for Dad, Men, Husband - Gifts for Dad from Daughter, Son, Kids - Best Birthday Gifts for Dad, Father, New Dad, Step Dad, Bonus Dad - Funny Gag Gifts Ideas for Dad - 8 Oz Cedar Candle","B0C5XPM2YZ","Home","65651",,"13.98","175","6052","26220","338","0.51","13.98","1","40","147","94","13.98","0","16","39","23","289.62","6.8",,"13.98","0","6","10","2024-03-31"
"NewEleven 40th Birthday Gifts for Men Women - Vintage 1983 50th Birthday Decorations Men Women - Retro Trucker Hat (1983 Black White)","B0C6DJ732K","Apparel","5653",,"14.98","12","308","1848","59","1.04","14.98","0","1","15","8","14.98","0","0","2","4","89.88","6.78",,"14.98","0","0","1","2024-03-31"
"NewEleven 30th Birthday Gifts for Men Women - Vintage 1993 30th Birthday Decorations Men Women - Retro Trucker Hat (1993 Black)","B0C6DJDMBT","Apparel","3770",,"15.98","5","184","914","49","1.3","14.98","0","4","12","0",,"0","0","0","0","0.0","0.0",,,"0","0","0","2024-03-31"
"NewEleven 60th Birthday Gifts for Men Women - Vintage 1963 50th Birthday Decorations Men Women - Retro Trucker Hat (1963 Black White)","B0C6DJWKT4","Toys","1840",,"21.98","6","160","676","21","1.14","21.98","0","2","5","0",,"0","0","0","0","0.0","0.0",,,"0","0","0","2024-03-31"
"NewEleven 30th Birthday Gifts for Men Women - Vintage 1993 50th Birthday Decorations Men Women - Retro Trucker Hat (1993 Black White)","B0C6DK13B7","Apparel","33",,"21.98","0","0","0","0","0.0",,"0","0","0","0",,"0","0","0","0","0.0",,,,"0","0","0","2024-03-31"
"NewEleven 60th Birthday Gifts for Men Women - Vintage 1963 50th Birthday Decorations Men Women - Retro Trucker Hat (1963 Black)","B0C6DKJ9HP","Apparel","936",,"21.98","1","90","387","14","1.5","21.98","0","2","4","0",,"0","0","0","0","0.0","0.0",,,"0","0","0","2024-03-31"
"NewEleven 40th Birthday Gifts for Men Women - Vintage 1983 50th Birthday Decorations Men Women - Retro Trucker Hat (1983 Black)","B0C6DL59L9","Apparel","9019",,"14.98","30","1037","4138","122","1.35","14.98","0","10","71","9","14.98","0","2","5","2","36.96","1.64",,"14.98","0","0","2","2024-03-31"
"NewEleven Mothers Day Gifts For Mom - Unique Birthday Gifts For Mom, Mother, Wife, New Mom, Bonus Mom, Pregnant Mom - 16 Oz Coffee Glass","B0C9BZRC4K","Kitchen","1366446",,"19.98","29536","424642","582281","11022","0.81","19.98","231","3374","4894","4258","19.98","93","1401","1875","1083","22991.74","9.83",,"19.98","26","423","461","2024-03-31"
"NewEleven Gifts For Teacher - Teacher Gifts For Women - Teacher Appreciation Gifts, Thank You Teacher Gifts, Teacher Retirement Gifts - End Of Year Teacher Gifts From Student - 16 Oz Coffee Glass","B0C9BZS6M8","Kitchen","22415",,"13.98","177","6406","10399","177","0.79","13.98","1","55","74","72","13.98","0","24","29","11","185.7","6.21",,"13.98","0","4","4","2024-03-31"
"NewEleven 30th Birthday Gifts For Her, Women - 1994 30th Birthday Decorations for Women, Her - 30 Year Old Gifts Idea for Best Friend, BFF, Sister- 16 Oz Coffee Glass","B0C9BZT9D8","Kitchen","46751",,"16.98","597","17250","20179","332","0.71","16.98","4","116","143","155","16.98","2","62","65","40","677.2","12.05",,"16.98","1","18","14","2024-03-31"
"Coworker Leaving Gifts - Farewell Gifts, Going Away Gift For Coworker - New Job, Goodbye, Good Luck Gifts For Coworkers, Colleagues, Boss, Work Bestie, Women, Friends - 16 Oz Coffee Glass","B0C9C2TTSR","Kitchen","21934",,"16.98","1466","11921","5526","152","0.69","16.98","16","80","35","46","16.98","8","23","10","20","339.6","13.16",,"16.98","5","7","5","2024-03-31"
"NewEleven Gifts For Women Friendship - Funny Gifts For Friends Female - Unique Friendship Gifts For Women, Friend, Female, Bestie, Bff, Soul Sister, Work Bestie - 16 Oz Coffee Glass","B0C9C3GQQ7","Kitchen","39032",,"17.98","125","4195","18952","209","0.54","17.98","0","25","99","54","17.98","0","3","26","8","359.6","3.83",,"17.98","0","0","7","2024-03-31"
"NewEleven Mothers Day Gifts For Sister From Sister, Brother - Unique Birthday Present For Sister, Soul Sister, Big Sister, Little Sister, Sister In Law, Sibling, Bestie - 16 Oz Coffee Glass","B0C9C5VX7S","Grocery","743308",,"18.98","32893","381316","234275","5034","0.68","18.98","256","2587","1585","1592","18.98","81","852","474","500","10305.66","9.93",,"18.98","34","290","127","2024-03-31"
"NewEleven Gifts For Teacher - Teacher Gifts For Women - Teacher Appreciation Gifts, Thank You Teacher Gifts, Teacher Retirement Gifts - End Of Year Teacher Gifts From Student - 16 Oz Coffee Glass","B0C9C5ZFTG","Kitchen","15991",,"13.98","120","3775","6607","156","0.98","13.98","1","44","66","63","13.98","0","19","25","18","265.62","11.54",,"13.98","0","4","9","2024-03-31"
"NewEleven Bridal Shower Gifts - Wedding Gifts For Bride - Bride Gifts For Bride To Be - Engagement Gifts, Bachelorette Gifts For Women, Her, Fiancee, Wifey - 16 Oz Coffee Glass","B0C9C65GXR","Kitchen","157694",,"16.98","1381","46582","69033","1011","0.64","16.98","8","312","439","419","16.98","6","141","181","97","1664.04","9.59",,"16.98","3","42","41","2024-03-31"
"NewEleven Mothers Day Gifts For Aunt From Niece, Nephew - Cool Gifts For Aunt, New Aunt, Auntie, Sister - Aunt Birthday Gift, Aunt Announcement, Promoted To Aunt, Best Aunt Ever - 20 Oz Tumbler…","B0C9D2PHMH","Kitchen","421606",,"19.98","14512","186812","140416","2461","0.58","19.98","80","1058","818","1073","19.98","40","484","330","284","6217.8","11.54",,"19.98","12","151","78","2024-03-31"
"NewEleven Glass Cups With Bamboo Lids and Straws For Coffee, Boba Tea, Smoothies, Cocktail, aesthetic cup (Color Changing)","B0CBJQHG8B","Kitchen","37313",,"19.98","493","10921","16628","620","1.66","19.98","5","184","275","153","19.98","3","49","58","15","296.7","2.42",,"19.98","0","5","5","2024-03-31"
"NewEleven Gifts For Coworker - Coworker Gifts For Women – Funny Gifts For Coworker, Friends, Work Bestie – Thoughtful Gifts, Appreciation Gifts For Coworker, Employee, Friends – 16 Oz Coffee Glass","B0CBJQZCFY","Kitchen","348341",,"17.98","10777","167470","119274","4310","1.24","17.98","134","2089","1448","1318","17.98","42","658","435","329","6460.23","7.63",,"17.98","10","190","95","2024-03-31"
"NewEleven Gifts For Nurse - Nurse Gifts For Women - Nurse Appreciation Gifts For Nurses, Nursing Student, Nurse Practitioner, Registered Nurse - RN Gifts For Nurses Women - 16 Oz Coffee Glass","B0CBJR253J","Kitchen","179380",,"17.98","5258","66039","71108","1447","0.81","17.98","50","536","580","553","17.98","17","211","211","92","1725.08","6.36",,"17.98","3","48","29","2024-03-31"
"NewEleven Mothers Day Gifts For Mom - Unique Birthday Gifts For Mom, Mother, Wife, New Mom, Bonus Mom, Pregnant Mom - 16 Oz Coffee Glass","B0CBJSYJJS","Kitchen","22163",,"19.98","1832","10174","6701","196","0.88","19.98","21","75","63","68","19.98","8","26","20","14","279.72","7.14",,"19.98","1","6","4","2024-03-31"
"NewEleven Mothers Day Gifts For Daughter - Birthday Gifts For Daughter From Mom, Dad, Godmother, Mother – Unique Gift Ideas For Grown Daughter, Daughter In Law, Bonus Daughter - 16 Oz Coffee Glass","B0CC5BG2JQ","Kitchen","11862",,"16.98","8","1145","3783","188","1.58","16.98","1","28","57","29","16.98","0","5","10","18","330.6","9.57",,"16.98","0","3","5","2024-03-31"
"NewEleven Mothers Day Gifts From Sister Gifts From Sister - Sister Birthday Gifts – Birthday Gift Ideas For Sister From Brother, Sister, Siblings - 16 Oz Coffee Glass","B0CCDLVFL5","Kitchen","12008",,"16.98","20","1032","4608","115","0.96","16.98","0","8","52","32","16.98","0","4","13","4","118.86","3.48",,"16.98","0","0","2","2024-03-31"
"NewEleven Gifts For Book Lovers - Teacher Gifts, Book Lovers Gifts For Women, Her, Friends - Bookshelf Cup, Bookish Gifts For Writers, Readers, Librarian, Bookworm – 16 Oz Coffee Glass","B0CCDLWRTD","Kitchen","209570",,"19.98","2125","79293","83915","2259","1.08","19.98","33","844","931","1009","19.98","16","406","405","200","4135.86","8.85",,"19.98","9","99","66","2024-03-31"
"NewEleven Coworker Leaving Gifts - Farewell Gifts, Going Away Gift For Coworker - New Job, Goodbye, Good Luck Gifts For Coworkers, Colleagues, Boss, Men, Women, Friends - 20 Oz Tumbler","B0CDLPSMGF","Kitchen","2020",,"19.98","6","26","301","19","0.94","19.98","0","0","4","4","19.98","0","0","2","1","19.98","5.26",,"19.98","0","0","1","2024-03-31"
"NewEleven Birthday Gifts For Women, Men - Inspirational Gifts, Thank You Gifts, Appreciation Gifts, Congratulation Gifts For Women, Men, Friend, Nurse, Teacher, Boss, Coworker – 20 Oz Tumbler","B0CDLQFJK6","Kitchen","12788",,"19.98","296","4360","5325","61","0.48","19.98","0","26","23","7","19.98","0","2","4","2","33.96","3.28",,"13.98","0","1","1","2024-03-31"
"NewEleven Gifts For Men, Women - Funny Gag Gifts Ideas For Dad, Mom, Grandpa, Grandma, Husband, Wife, Uncle, Him - 40th 50th 60th 70th 80th Birthday Gifts For Men Women – 20 Oz Tumbler","B0CDLQGPKC","Kitchen","1813646",,"21.98","58946","852883","621574","7718","0.43","21.98","313","3784","2537","2353","21.98","127","1264","677","889","17865.74","11.52",,"21.98","42","521","233","2024-03-31"
"NewEleven Gifts For Men, Women - Funny Gag Gifts Ideas For Dad, Mom, Grandpa, Grandma, Husband, Wife, Uncle, Him - 40th 50th 60th 70th 80th Birthday Gifts For Men Women – 20 Oz Tumbler","B0CDLQQR6L","Kitchen","840276",,"19.98","13147","237409","386143","4027","0.48","19.98","77","1193","1854","1380","19.98","31","465","605","455","9383.78","11.3",,"19.98","13","174","186","2024-03-31"
"NewEleven Coworker Leaving Gifts - Farewell Gifts, Going Away Gift For Coworker - New Job Gifts, Goodbye Gifts, Good Luck Gifts For Coworkers, Friends, Boss, Men, Women - 20 Oz Tumbler (Navy)","B0CDLSGXDY","Kitchen","6181",,"23.98","308","2727","2202","105","1.7","23.98","10","49","33","8","23.98","1","5","0","2","45.96","1.9",,"22.98","1","1","0","2024-03-31"
"NewEleven Gifts For Boss – Worlds Best Boss For Men – Cool Birthday Gifts, Farewell Gifts, Thank You Gifts For Boss, Manager, Leader, Coworker, Men, Male, Chaos Coordinator - 20 Oz Tumbler","B0CFQ2N5DF","Kitchen","9320",,"13.98","33","810","3588","190","2.04","13.98","0","24","71","56","13.98","0","5","25","17","237.66","8.95",,"13.98","0","1","9","2024-03-31"
"NewEleven Gifts For Women – Chaos Coordinator Gifts For Women, Boss, Manager, Coworker, Best Friend - Thank you, Appreciation, Inspirational Gifts For Teacher, Nurse, Social Worker – 20 Oz Tumbler","B0CFQ4CDD5","Kitchen","136283",,"19.98","4581","73068","41076","1414","1.04","19.98","63","796","381","378","19.98","14","225","101","98","2518.47","6.93",,"19.98","3","65","19","2024-03-31"
"NewEleven Gifts For Boss Lady – Boss Lady Gifts For Women – Birthday Gifts, Farewell Gifts, Thank You Gifts For Boss, Manager, Leader, Coworker, Women, Chaos Coordinator - 20 Oz Tumbler","B0CFQ5LVGV","Kitchen","1197",,"14.99","2","63","175","21","1.75","14.99","0","1","2","6","14.99","0","0","1","1","14.99","4.76",,"14.99","0","0","0","2024-03-31"
"NewEleven Gifts For Dad - Birthday Gifts For Dad From Daughter, Son, Kids - Husband Gifts - Unique Birthday Present Ideas For Father, Husband, New Dad, Bonus Dad From Daughter, Son - 20 Oz Tumbler","B0CG8N67SJ","Kitchen","1413370",,"23.98","68288","760759","402665","14868","1.05","23.98","633","7535","4620","3013","23.98","135","1613","866","998","23994.85","6.71",,"23.98","53","598","239","2024-03-31"
"NewEleven Mothers Day Gifts For Mom, Wife - Gifts For Mom From Daughter, Son, Kids - Unique Birthday Present Ideas For Mom, Mother, Wife, New Mom, Mother From Daughter, Son, Husband - 20 Oz Tumbler","B0CG8NHNWF","Kitchen","129273",,"18.98","5156","61818","41683","929","0.72","18.98","29","410","328","213","18.98","7","95","75","41","776.18","4.41",,"18.98","0","26","12","2024-03-31"
"NewEleven Mothers Day Gifts For Wife From Husband - Romantic Anniversary Wedding Gifts For Wife, Her From Husband - Best Presents Idea For Wife, Women - 20 Oz Tumbler","B0CHFDJGN6","Kitchen","171231",,"19.98","7744","69648","63861","1520","0.89","19.98","87","588","565","332","19.98","19","129","122","124","2318.5","8.16",,"19.98","7","48","51","2024-03-31"
"NewEleven Gifts For Book Lovers - Book Lovers Gifts For Women - Bookish Gifts for Readers, Librarians, Bookaholics, Bookworms - Birthday Gifts For Women, Her, Best Friend – 20 Oz Tumbler","B0CHFFN9KD","Kitchen","92006",,"19.98","1016","26254","40893","643","0.7","19.98","8","193","280","246","19.98","4","80","110","43","973.04","6.69",,"19.98","2","17","19","2024-03-31"
"NewEleven Garage Gifts For Dad, Men - Funny Birthday Gifts For Dad, Men, Car Guys - Unique Present Idea For Father, Papa, Husband, Uncle, Guys From Daughter, Son, Kids, Wife - 20 Oz Tumbler","B0CHJ1V1RR","Kitchen","163087",,"16.98","4647","59404","67641","974","0.6","16.98","53","405","358","251","16.98","9","112","92","81","1357.38","8.32",,"16.98","3","39","30","2024-03-31"
"NewEleven Gifts For Nurse - Nurse Gifts For Women - Nurse Appreciation Gifts For Nurses, Nursing Student, Nurse Practitioner, Registered Nurse - RN Gifts For Nurses Women - 20 Oz Tumbler","B0CHJ2B24X","Kitchen","9551",,"12.98","72","2909","4504","92","0.96","12.98","0","35","42","20","12.98","0","9","9","7","103.84","7.61",,"12.98","0","2","5","2024-03-31"
"NewEleven Mothers Day Gifts For Sister - Sister Birthday Gift Ideas – Unique Birthday Present For Sister From Brother, Sister, Sister In Law, Siblings, Soul Sister - 20 Oz Tumbler…","B0CHJ2KQ92","Kitchen","60822",,"14.98","195","6831","26887","399","0.66","14.98","2","36","187","145","14.98","2","19","79","36","629.18","9.02",,"14.98","0","4","18","2024-03-31"
"NewEleven Birthday Gifts For Coworker Women – Work Bestie Gifts For Women Friendship - Unique Present Ideas For Coworker Leaving, Going Away, Goodbye, Farewell Party – 20 Oz Tumbler","B0CHJ3W9SQ","Kitchen","321467",,"21.98","12347","164524","97436","5353","1.67","21.98","254","2675","1637","1581","21.98","76","849","440","360","8167.46","6.73",,"21.98","19","201","90","2024-03-31"
"NewEleven Gifts For Mom - Birthday Gifts For Mom From Daughter, Son, Kids – Wife Gifts – Unique Birthday Present Ideas For Mom, New Mom, Mom To Be, Wife From Daughter, Son, Husband - 20 Oz Tumbler","B0CHJ3YLP9","Kitchen","4164",,"25.98","11","224","1211","22","0.53","25.98","0","1","6","8","25.98","0","0","1","1","25.98","4.55",,"25.98","0","0","0","2024-03-31"
"NewEleven Mothers Day Gifts For Mom, New Mom – 2024 Pregnancy Gifts For First Time Mom, Pregnant Mom, Expecting Mom, Mom To Be, Mama, Mommy To Be - 16 Oz Coffee Glass","B0CJ2BCCG3","Kitchen","61523",,"16.98","2029","30192","20616","761","1.24","16.98","28","386","245","281","16.98","20","141","82","94","1629.08","12.35",,"16.98","10","54","19","2024-03-31"
"NewEleven Godmother Proposal Gifts - Will You Be My Godmother From GodChild - Birthday Gifts, Pregnancy Announcement Gifts For God Mother, Godmom, Godparents - 16 Oz Coffee Glass","B0CJ2CKDR8","Kitchen","93956",,"21.98","6256","48465","19344","1086","1.16","21.98","62","516","216","503","21.98","31","272","94","113","2549.68","10.41",,"21.98","7","75","22","2024-03-31"
"NewEleven Mothers Day Gifts For Aunt From Niece, Nephew - Cool Gifts For Aunt, New Aunt, Auntie, Sister - Aunt Birthday Gift, Aunt Announcement, Promoted To Aunt, Best Aunt Ever - 16 Oz Coffee Glass","B0CJ2CNDQT","Kitchen","165634",,"19.98","6280","78448","54490","1705","1.03","19.98","70","776","565","578","19.98","24","275","177","130","2931.0","7.62",,"19.98","7","70","35","2024-03-31"
"NewEleven 40th Birthday Gifts For Women - 1984 40th Birthday Decorations For Women - 40 Year Old Gifts For Her, Women, Mom, Wife, Sister, Friends - 16 Oz Coffee Glass","B0CJ2D7DZJ","Kitchen","4",,"16.98","0","0","0","1","25.0","16.98","0","0","0","0",,"0","0","0","0","0.0","0.0",,,"0","0","0","2024-03-31"
"NewEleven Gifts For Dad - Cool Dad Gifts From Daughter - Unique Birthday Present Ideas For Dad, Father, Husband, Bonus Dad, Step Dad, New Dad From Daughter, Daughter In Law - 20 Oz Tumbler","B0CJLF7CW6","Kitchen","466396",,"19.98","15489","227292","157575","3235","0.69","19.98","104","1539","1103","968","19.98","30","491","308","334","6779.3","10.32",,"19.98","15","198","85","2024-03-31"
"Aunt Gifts – Birthday Gifts For Aunt From Niece, Nephew, Auntie Gifts Tote Bag","B0CJLGYNFX","Apparel","99801",,"16.98","397","18228","45191","1088","1.09","16.98","7","237","511","346","16.98","1","78","160","94","1804.02","8.64",,"16.98","0","26","37","2024-03-31"
"NewEleven Gifts For Dad - Cool Dad Gifts From Daughter - Unique Birthday Present Ideas For Dad, Father, Husband, Bonus Dad, Step Dad, New Dad From Daughter, Daughter In Law - 20 Oz Tumbler","B0CJLM3SV5","Kitchen","89068",,"19.98","2788","40199","33094","531","0.6","19.98","15","222","216","164","19.98","5","58","74","51","994.98","9.6",,"17.98","1","17","20","2024-03-31"
"NewEleven Sister Gifts – Birthday Gifts For Sister From Brother, Sister Tote Bag","B0CJLNJYVQ","Apparel","103647",,"19.98","97","8098","44349","702","0.68","19.98","0","70","312","152","19.98","0","16","68","42","1147.86","5.98",,"19.98","0","7","20","2024-03-31"
"Gifts For Mom From Daughter, Son, Kids - Birthday Gifts For Mom - Mom Gifts - Best Birthday Gifts Ideas For Mom, New Mom, Baby Essentials, Daily Use","B0CJLNQD3T","Apparel","354007",,"19.98","1412","83308","163724","2943","0.83","19.98","10","759","1371","766","19.98","4","185","369","189","3817.2","6.42",,"19.98","2","51","75","2024-03-31"
"NewEleven Mothers Day Gifts For Mom - Birthday Gifts For Mom From Daughter, Son, Kids, Husband - Wife Gifts - Unique Present Ideas For Mom, Mother In Law, Wife, New Mom - 20 Oz Tumbler","B0CJX4XSXB","Kitchen","199243",,"21.98","11290","106009","53692","1374","0.69","21.98","79","711","381","335","21.98","20","167","91","83","1702.32","6.04",,"21.98","6","47","18","2024-03-31"
"NewEleven Gifts For Grandpa - Grandpa Gifts From Granddaughter, Grandson - Unique Birthday Present Ideas For Grandfather, New Grandpa, Promoted To Grandpa, Grandchildren, Grandkids - 20 Oz Tumbler","B0CKYJ8WLN","Kitchen","117968",,"19.98","713","29453","54606","1131","0.96","19.98","7","257","517","274","19.98","2","55","141","73","1479.52","6.45",,"19.98","1","19","34","2024-03-31"
"2024 Gifts For New Mom – Pregnancy Gifts For First Time Mom, Pregnant Mom, Expecting Mom, Mom To Be, Mommy To Be - 16 Oz Coffee Glass","B0CKYKPBNV","Kitchen","322702",,"19.98","3766","81548","134982","3262","1.01","19.98","33","789","1435","1317","19.98","14","365","578","288","5814.18","8.83",,"19.98","3","89","129","2024-03-31"
"NewEleven Mothers Day Gifts for Mom from Daughter, Son, Kids - Funny Mom Gifts - Best Birthday Gifts Ideas for Mom, Mother, Wife, New Mom, Bonus Mom from Daughter, Son, Husband - 8 Oz Candle","B0CKYKT79X","Home","131242",,"9.99","8314","69428","38353","750","0.57","7.99","42","375","225","235","4.99","11","114","81","72","685.79","9.6",,"4.99","4","43","21","2024-03-31"
"NewEleven Birthday Gifts For Women, Men - Inspirational Gifts, Thank You Gifts, Appreciation Gifts, Congratulation Gifts For Women, Men, Friend, Nurse, Teacher, Boss, Coworker - 20 Oz Tumbler","B0CKYL86S1","Kitchen","2",,"19.98","0","0","0","0","0.0",,"0","0","0","0",,"0","0","0","0","0.0",,,,"0","0","0","2024-03-31"
"NewEleven Birthday Gifts For Men Women – Funny Gag Gifts Ideas For Dad, Mom, Grandpa, Grandma, Husband, Wife, Uncle, Him 40th 50th 60th 70th 80th From Daughter, Son, Friends – Beer Mug","B0CKYM1F5V","Kitchen","2",,"19.98","0","0","0","0","0.0",,"0","0","0","0",,"0","0","0","0","0.0",,,,"0","0","0","2024-03-31"
"NewEleven Birthday Gifts For Men Women – Funny Gag Gifts Ideas For Dad, Mom, Grandpa, Grandma, Husband, Wife, Uncle, Him 40th 50th 60th 70th 80th From Daughter, Son, Friends – Beer Mug","B0CKYM1MK5","Kitchen","2",,"19.98","0","0","0","0","0.0",,"0","0","0","0",,"0","0","0","0","0.0",,,,"0","0","0","2024-03-31"
"NewEleven 30th Birthday Gifts For Her Women - 1994 30th Birthday Decorations For Women - 30 Year Old Gifts Idea For Women, Friends, Sister - 16 Oz Coffee Glass","B0CKYM9HQW","Kitchen","719772",,"22.98","30822","374235","216094","11789","1.64","22.98","496","5918","3786","2876","22.98","123","1533","854","912","20912.3","7.74",,"22.98","33","536","258","2024-03-31"
"NewEleven Gifts For Book Lovers - Book Lovers Gifts For Women, Her, Friends - Book Accessories, Bookish Gifts For Writers, Readers, Librarian, Bookaholic, Bookworm – 16 Oz Coffee Glass","B0CKYMNV39","Kitchen","75301",,"19.98","1735","31688","28054","865","1.15","19.98","20","357","349","315","19.98","6","127","130","53","1098.9","6.13",,"19.98","1","27","18","2024-03-31"
"NewEleven Mothers Day Gifts For Aunt From Niece, Nephew - Funny Auntie Gifts For Aunt, New Aunt, Sister - Aunt Birthday Gift, Aunt Announcement, Promoted To Aunt, Best Aunt Ever - 16 Oz Coffee Glass","B0CKYMTG4J","Kitchen","45356",,"19.98","777","16371","18585","487","1.07","19.98","10","170","206","107","19.98","3","38","42","20","419.58","4.11",,"19.98","0","6","7","2024-03-31"
"NewEleven 40th Birthday Gifts For Women, Her - 1984 40th Birthday Decorations For Women - 40 Year Old Gifts For Her, Women, Mom, Wife, Sister, Friends - 16 Oz Coffee Glass","B0CKYN27VS","Kitchen","899616",,"21.98","33831","436891","287577","12077","1.34","21.98","457","5783","3981","3640","21.98","159","1840","1140","1190","27158.3","9.85",,"21.98","62","687","322","2024-03-31"
"NewEleven Gifts For Men, Women - Funny Gag Gifts Ideas For Dad, Mom, Grandpa, Grandma, Husband, Wife, Uncle, Him - 40th 50th 60th 70th 80th Birthday Gifts For Men Women – 20 Oz Tumbler","B0CLYRNFBT","Kitchen","9274",,"19.98","277","4276","3133","52","0.56","19.98","2","23","20","13","19.98","1","9","3","2","39.96","3.85",,"19.98","0","2","0","2024-03-31"
"NewEleven Gifts For Men, Women - Funny Gag Gifts Ideas For Dad, Mom, Grandpa, Grandma, Husband, Wife, Uncle, Him - 40th 50th 60th 70th 80th Birthday Gifts For Men Women – 20 Oz Tumbler","B0CLYSGX7Q","Kitchen","6774",,"19.98","279","3337","2046","27","0.4","19.98","1","7","9","8","19.98","0","3","1","5","119.88","18.52",,"19.98","0","1","0","2024-03-31"
"NewEleven 50th Birthday Gifts For Her, Women - Vintage 1974 50th Birthday Decorations For Women - 50 Year Old Present Ideas For Wife, Mom, Grandma, Aunt, Friends, Female - 16 Oz Wine Glass","B0CM5QBW1Z","Kitchen","195770",,"23.98","5773","97336","65585","1730","0.88","23.98","54","802","669","542","23.98","18","260","200","174","3968.5","10.06",,"23.98","9","89","61","2024-03-31"
"NewEleven Gifts For Dad - Birthday Gifts For Dad From Daughter - Husband Gifts - Unique Birthday Present Ideas For Father, Husband, New Dad, Bonus Dad From Daughter - 20 Oz Tumbler Black","B0CM5R5BDX","Kitchen","33334",,"19.98","384","7766","16372","299","0.9","19.98","2","71","150","75","19.98","1","23","36","22","443.56","7.36",,"19.98","0","10","10","2024-03-31"
"NewEleven Gifts For Dad - Birthday Gifts For Dad From Daughter, Son, Kids - Husband Gifts - Unique Birthday Present Ideas For Father, Husband, New Dad, Bonus Dad From Daughter, Son - 20 Oz Tumbler","B0CM5RJ8VD","Kitchen","129907",,"24.98","4698","62612","42547","1007","0.78","23.98","35","459","352","228","23.98","7","112","79","62","1467.76","6.16",,"23.98","1","35","23","2024-03-31"
"NewEleven 40th Birthday Gifts for Women Men - 40 Year Old Gifts for Men, Women, Mom, Dad, Wife, Husband - Retro Trucker Hat","B0CM5RLDXX","Apparel","95551",,"23.98","2352","33466","36562","867","0.91","23.98","32","314","336","257","23.98","9","102","101","95","2677.78","10.96",,"23.98","4","43","38","2024-03-31"
"NewEleven Gifts For Dad - Birthday Gifts For Dad From Daughter - Husband Gifts - Unique Birthday Present Ideas For Father, Husband, New Dad, Bonus Dad From Daughter - 20 Oz Tumbler Navy","B0CM5RY3QS","Kitchen","73908",,"19.98","1061","27778","30202","561","0.76","19.98","6","190","234","120","19.98","3","42","45","40","805.2","7.13",,"19.98","1","16","12","2024-03-31"
"NewEleven 60th Birthday Gifts For Women, Her - Vintage 1964 60th Birthday Decorations For Women - 60 Year Old Present Ideas For Wife, Mom, Grandma, Friends, Female - 16 Oz Wine Glass","B0CM5SQT4T","Kitchen","198034",,"23.98","5053","101017","65489","2116","1.07","23.98","59","1100","706","713","23.98","25","383","222","221","5167.5","10.44",,"23.98","7","120","65","2024-03-31"
"NewEleven 50th Birthday Gifts for Women Men - 50th Birthday Gifts for Her, Him, Mom, Dad, Wife, Husband - Retro Trucker Hat","B0CM5T2F1V","Apparel","236800",,"23.98","2441","49941","123859","1608","0.68","23.98","32","367","763","540","23.98","12","135","258","220","6778.16","13.68",,"23.98","6","53","116","2024-03-31"
"Brother And Sister Gifts Bundle – Christmas, Birthday Day Gifts For Brother, Sister From Big Brother, Little Brother, Sister, Little Sister – Funny Unique Gifts For Brother, Sister From Sibling, Soul","B0CMTT4B2X","Kitchen","71",,"38.96","0","0","0","0","0.0",,"0","0","0","0",,"0","0","0","0","0.0",,,,"0","0","0","2024-03-31"
"Brother And Sister Gifts Bundle – Christmas, Birthday Day Gifts For Brother, Sister From Big Brother, Little Brother, Sister, Little Sister – Funny Unique Gifts For Brother, Sister From Sibling, Soul","B0CMWDBYR5","Kitchen","114",,,"0","0","0","3","2.63",,"0","0","0","0",,"0","0","0","0","0.0","0.0",,,"0","0","0","2024-03-31"
"NewEleven 40th Birthday Gifts For Men Women - 1984 40th Birthday Decorations For Men Women - Gifts For Men Women Turning 40-40 Year Old Gifts For Men, Women, Mom, Dad, Wife, Husband - 20 Oz Tumbler","B0CN8ZK2X8","Kitchen","117708",,"22.98","1446","39240","54750","505","0.43","22.98","6","150","234","164","22.98","4","51","73","49","1191.0","9.7",,"22.98","1","18","20","2024-03-31"
"NewEleven 60th Birthday Gifts For Men Women - 1964 60th Birthday Decorations For Men Women - Gifts For Men Women Turning 60-60 Year Old Gifts For Men, Women, Mom, Dad, Wife, Husband - 20 Oz Tumbler","B0CN8ZP46N","Kitchen","407489",,"22.98","17201","192380","129895","3657","0.9","22.98","167","1658","1176","1291","22.98","69","628","383","518","12500.3","14.16",,"22.98","25","277","147","2024-03-31"
"NewEleven Christmas Gifts For Brother From Sister, Brother - Gifts For Brother - Best Birthday Gifts For Brother, Big Brother, Little Brother, Siblings, Brother In Law, Men - 20 Oz Tumbler Navy","B0CN926PG1","Kitchen","45270",,"21.98","1339","16168","17798","236","0.52","21.98","7","89","90","71","21.98","4","32","23","18","458.58","7.63",,"21.98","1","7","9","2024-03-31"
"NewEleven 40th Birthday Gifts For Men Women - 1984 40th Birthday Decorations For Men Women - Gifts For Men Women Turning 40-40 Year Old Gifts For Men, Women, Mom, Dad, Wife, Husband - 20 Oz Tumbler","B0CN92WPN9","Kitchen","484320",,"21.98","16260","218884","171765","3817","0.79","21.98","124","1749","1340","1501","21.98","47","712","524","549","12578.94","14.38",,"21.98","20","276","185","2024-03-31"
"NewEleven 50th Birthday Gifts For Men Women - 1974 50th Birthday Decorations For Men Women - Gifts For Men Women Turning 50-50 Year Old Gifts For Men, Women, Mom, Dad, Wife, Husband - 20 Oz Tumbler","B0CN93621G","Kitchen","84952",,"24.98","732","14677","40566","587","0.69","24.98","2","110","315","227","24.98","0","53","110","71","1767.54","12.1",,"24.98","0","25","35","2024-03-31"
"NewEleven 60th Birthday Gifts For Men Women - 1964 60th Birthday Decorations For Men Women - Gifts For Men Women Turning 60-60 Year Old Gifts For Men, Women, Mom, Dad, Wife, Husband - 20 Oz Tumbler","B0CN93CWYD","Kitchen","40761",,"22.98","394","8801","20089","265","0.65","22.98","1","61","126","92","22.98","1","22","49","28","669.44","10.57",,"22.98","1","11","12","2024-03-31"
"NewEleven 50th Birthday Gifts For Men Women - 1974 50th Birthday Decorations For Men Women - Gifts For Men Women Turning 50-50 Year Old Gifts For Men, Women, Mom, Dad, Wife, Husband - 20 Oz Tumbler","B0CN93LZ5M","Kitchen","590569",,"22.98","25479","295320","176997","5560","0.94","22.98","238","2776","1621","2231","22.98","108","1183","632","904","21269.46","16.26",,"22.98","56","518","240","2024-03-31"
"NewEleven Garage Gifts For Dad, Men - Funny Birthday Gifts For Dad, Men, Car Guys - Unique Present Idea For Father, Papa, Husband, Uncle, Guys From Daughter, Son, Kids, Wife - 20 Oz Tumbler","B0CNTFTNT9","Kitchen","23158",,"19.98","375","6280","9619","193","0.83","19.98","5","44","90","22","19.98","2","5","8","4","99.9","2.07",,"19.98","1","3","0","2024-03-31"
"NewEleven Mothers Day Gifts For Grandma - Grandma Gifts From Granddaughter, Grandson - Birthday Gifts For Grandma, Nana, Gigi, Mimi, Grammy From Grandchildren, Grandchild - 20 Oz Tumbler","B0CQ2K12H3","Kitchen","259079",,"19.98","12173","146285","72173","2389","0.92","16.98","123","1328","659","649","16.98","36","384","164","213","3940.68","8.92",,"16.98","11","131","51","2024-03-31"
"NewEleven Gifts For Grandpa - Grandpa Gifts From Granddaughter, Grandson - Unique Birthday Present Ideas For Grandfather, New Grandpa, Promoted To Grandpa, Grandchildren - 20 Oz Tumbler","B0CQ4X98YF","Kitchen","51727",,"16.98","695","9989","28316","416","0.8","16.98","13","92","210","109","16.98","4","25","55","39","692.22","9.38",,"16.98","2","13","16","2024-03-31"
"NewEleven Mothers Day Gifts For Aunt - Aunt Gifts From Niece, Nephew - Birthday Gifts For Aunt, New Aunt, Auntie, To Be Aunt, Aunt Announcement, Promoted To Aunt - 16 Oz Coffee Glass","B0CQJZP6TK","Kitchen","92067",,"17.98","4065","48852","27559","1209","1.31","17.98","44","647","372","460","17.98","13","238","155","133","2577.14","11.0",,"17.98","4","80","33","2024-03-31"
"NewEleven Personalized Monogrammed Gifts For Women – Customized Birthday Gifts For Women, Friends, Girls - Initial Gifts For Her A - 16 Oz Coffee Glass","B0CQK23761","Kitchen","47274",,"16.98","1304","20704","19549","192","0.41","16.98","9","89","73","20","16.98","1","7","11","2","33.96","1.04",,"16.98","1","0","1","2024-03-31"
"NewEleven Personalized Monogrammed Gifts For Women – Customized Birthday Gifts For Women, Friends, Girls - Initial Gifts For Her C - 16 Oz Coffee Glass","B0CQK3CW58","Kitchen","25485",,"16.98","461","10462","11037","152","0.6","16.98","2","65","68","10","16.98","0","8","2","1","16.98","0.66",,"16.98","0","1","0","2024-03-31"
"NewEleven Personalized Monogrammed Gifts For Women – Customized Birthday Gifts For Women, Friends, Girls - Initial Gifts For Her E - 16 Oz Coffee Glass","B0CQK47G5M","Kitchen","8165",,"16.98","1","1507","4415","31","0.38","16.98","0","9","14","1","16.98","0","1","0","0","0.0","0.0",,,"0","0","0","2024-03-31"
"NewEleven Personalized Monogrammed Gifts For Women – Customized Birthday Gifts For Women, Friends, Girls - Initial Gifts For Her H - 16 Oz Coffee Glass","B0CQK48FLS","Kitchen","4958",,"16.98","86","1906","2104","20","0.4","16.98","0","7","10","1","16.98","0","1","0","0","0.0","0.0",,,"0","0","0","2024-03-31"
"NewEleven Personalized Monogrammed Gifts For Women – Customized Birthday Gifts For Women, Friends, Girls - Initial Gifts For Her M - 16 Oz Coffee Glass","B0CQK4HVXN","Kitchen","11686",,"16.98","387","5176","4738","74","0.63","16.98","0","25","37","5","16.98","0","1","3","1","16.98","1.35",,"16.98","0","1","0","2024-03-31"
"NewEleven Personalized Monogrammed Gifts For Women – Customized Birthday Gifts For Women, Friends, Girls - Initial Gifts For Her G - 16 Oz Coffee Glass","B0CQK4MG56","Kitchen","37508",,"16.98","532","14922","17112","195","0.52","16.98","3","88","92","11","16.98","0","3","8","1","16.98","0.51",,"16.98","0","1","0","2024-03-31"
"NewEleven Personalized Monogrammed Gifts For Women – Customized Birthday Gifts For Women, Friends, Girls - Initial Gifts For Her L - 16 Oz Coffee Glass","B0CQK4MJLY","Kitchen","36773",,"16.98","688","12659","17892","207","0.56","16.98","7","68","104","26","16.98","1","9","14","2","33.96","0.97",,"16.98","0","1","1","2024-03-31"
"NewEleven Personalized Monogrammed Gifts For Women – Customized Birthday Gifts For Women, Friends, Girls - Initial Gifts For Her J - 16 Oz Coffee Glass","B0CQK4V7V5","Kitchen","56617",,"16.98","583","16094","29373","335","0.59","16.98","1","109","164","29","16.98","0","8","16","5","101.88","1.49",,"16.98","0","1","3","2024-03-31"
"NewEleven Personalized Monogrammed Gifts For Women – Customized Birthday Gifts For Women, Friends, Girls - Initial Gifts For Her R - 16 Oz Coffee Glass","B0CQK5D45V","Kitchen","15732",,"16.98","695","8337","4710","88","0.56","16.98","2","50","26","5","16.98","0","3","1","2","33.96","2.27",,"16.98","0","2","0","2024-03-31"
"NewEleven Personalized Monogrammed Gifts For Women – Customized Birthday Gifts For Women, Friends, Girls - Initial Gifts For Her N - 16 Oz Coffee Glass","B0CQK5GYMJ","Kitchen","14298",,"16.98","221","6020","6081","60","0.42","16.98","3","25","25","4","16.98","0","2","2","2","33.96","3.33",,"16.98","0","1","1","2024-03-31"
"NewEleven Personalized Monogrammed Gifts For Women – Customized Birthday Gifts For Women, Friends, Girls - Initial Gifts For Her K - 16 Oz Coffee Glass","B0CQK5M4FJ","Kitchen","101743",,"16.98","3468","45876","38535","717","0.7","16.98","31","340","249","93","16.98","5","46","28","17","288.66","2.37",,"16.98","2","9","5","2024-03-31"
"NewEleven Personalized Monogrammed Gifts For Women – Customized Birthday Gifts For Women, Friends, Girls - Initial Gifts For Her T - 16 Oz Coffee Glass","B0CQK5PVTV","Kitchen","4195",,"16.98","47","1538","1737","11","0.26","16.98","0","6","4","0",,"0","0","0","0","0.0","0.0",,,"0","0","0","2024-03-31"
"NewEleven Personalized Monogrammed Gifts For Women – Customized Birthday Gifts For Women, Friends, Girls - Initial Gifts For Her D - 16 Oz Coffee Glass","B0CQK5V9G1","Kitchen","30219",,"16.98","546","11456","13953","167","0.55","16.98","2","66","82","11","16.98","0","4","7","1","16.98","0.6",,"16.98","0","1","0","2024-03-31"
"NewEleven Personalized Monogrammed Gifts For Women – Customized Birthday Gifts For Women, Friends, Girls - Initial Gifts For Her S - 16 Oz Coffee Glass","B0CQK626Z6","Kitchen","30760",,"16.98","499","9599","15803","175","0.57","16.98","7","62","78","16","16.98","0","6","5","3","50.94","1.71",,"16.98","0","2","1","2024-03-31"
"NewEleven Personalized Monogrammed Gifts For Women – Customized Birthday Gifts For Women, Friends, Girls - Initial Gifts For Her B - 16 Oz Coffee Glass","B0CQK6DPGH","Kitchen","30901",,"16.98","736","12970","12632","226","0.73","16.98","3","104","81","19","16.98","0","5","12","1","16.98","0.44",,"16.98","0","0","1","2024-03-31"
"NewEleven Gifts For Men, Birthday Gifts For Men, Funny Gifts For Dad, Husband, Grandpa, Uncle, Old Men - Cool Gifts For Dad From Daughter, Son– 20 Oz Tumbler","B0CRDBWL19","Kitchen","14577",,"19.98","276","5813","6320","61","0.42","19.98","2","25","25","12","19.98","0","6","5","3","55.94","4.92",,"17.98","0","2","1","2024-03-31"
"NewEleven 40th Birthday Gifts For Women Men - 40th Birthday Decorations For Men Women - 1984 Gifts For Men Women Turning 40-40-Year-Old Gifts For Mom, Dad, Wife, Husband - 20 Oz Tumbler","B0CRDCNJ39","Kitchen","15675",,"19.98","707","6263","6687","96","0.61","19.98","6","30","44","28","19.98","2","7","12","10","194.8","10.42",,"19.98","0","4","4","2024-03-31"
"NewEleven Gifts For Men, Birthday Gifts For Men, Funny Gifts For Dad, Husband, Grandpa, Uncle, Old Men - Cool Gifts For Dad From Daughter, Son– 20 Oz Tumbler","B0CRDFWF44","Kitchen","486046",,"19.98","13973","226141","184864","2763","0.57","19.98","97","1248","1078","730","19.98","31","359","265","223","4705.22","8.07",,"19.98","13","124","72","2024-03-31"
"NewEleven Best Friend Gift For Women - Birthday Gifts for Women Friendship - Unique Friendship Gifts For Women, Friend, Bestie, Bff, Soul Sister, Work Bestie - 16 Oz Coffee Glass","B0CRKQR2KF","Kitchen","19098",,"16.98","142","7202","8402","275","1.44","16.98","3","113","105","66","16.98","0","28","25","16","305.64","5.82",,"16.98","0","6","6","2024-03-31"
"NewEleven Mothers Day Gifts For Grandma - Grandma Birthday Gifts, Gifts for Grandma From Granddaughter Grandson - Presents For Grandma, Nana, Gigi, Mimi, Grammy, New Grandma - 20 Oz Tumbler","B0CRKR75LJ","Kitchen","162772",,"16.98","7633","94159","43293","1360","0.84","16.98","66","787","362","289","16.98","17","162","76","110","1902.78","8.09",,"16.98","7","70","27","2024-03-31"
"NewEleven Mothers Day Gifts For Wife From Husband - Romantic Anniversary Wedding Gifts For Wife, Her From Husband - Best Presents Idea For Wife, Women - 16 Oz Coffee Glass","B0CRKRWNGZ","Kitchen","119885",,"16.98","7641","69052","28582","1028","0.86","16.98","58","604","253","268","16.98","16","155","68","124","2167.73","12.06",,"16.98","11","76","23","2024-03-31"
"NewEleven Gifts For Grandpa - Grandpa Birthday Gifts From Granddaughter, Grandson - Unique Birthday Present Ideas For Grandfather, New Grandpa, Promoted To Grandpa - 20 Oz Tumbler Navy","B0CRKT6RVB","Kitchen","87472",,"19.98","4642","46166","26289","758","0.87","19.98","35","397","225","202","16.98","12","115","49","69","1270.62","9.1",,"16.98","3","46","14","2024-03-31"
"NewEleven Gifts For Dad, Men - Funny Birthday Gifts For Dad, Husband - Present Idea For Father, New Dad, Papa, Bonus Dad, Husband, Uncle, Guys From Daughter, Son, Kids, Wife - 20 Oz Tumbler","B0CRKZBFDF","Kitchen","211616",,"19.98","7941","115614","66021","1370","0.65","19.98","60","706","441","264","19.98","16","138","77","74","1384.5","5.4",,"16.98","5","47","14","2024-03-31"
"NewEleven Boy Mom Gifts For Mom, New Mom - Mothers Day Gifts For a Mom of Boys, Pregnant Mom, Expecting Mom, Mama, Mom To Be, Mommy To Be - 16 Oz Coffee Glass","B0CRVTN11L","Kitchen","178749",,"21.98","5393","89304","56855","2018","1.13","21.98","43","1069","639","862","21.98","24","469","271","228","4851.42","11.3",,"21.98","6","150","49","2024-03-31"
"NewEleven Gifts For Brother From Sister, Brother - Gifts For Brother - Best Birthday Gifts For Men, Brother, Big Brother, Little Brother, Siblings, Brother In Law - 20 Oz Tumbler Navy…","B0CSPCS8SF","Kitchen","1021",,"19.98","57","509","338","1","0.1","16.98","0","1","0","0",,"0","0","0","0","0.0","0.0",,,"0","0","0","2024-03-31"
"NewEleven Gifts For Brother From Sister, Brother - Gifts For Brother - Birthday Gifts For Men, Brother, Big Brother, Little Brother, Siblings, Brother In Law - 20 Oz Tumbler Black…","B0CSPDT7PB","Kitchen","91145",,"19.98","3005","32828","37818","998","1.09","19.98","37","347","413","164","19.98","6","55","65","38","720.24","3.81",,"19.98","1","18","16","2024-03-31"
"NewEleven Birthday Gifts For Women, Men - Inspirational Gifts, Thank You Gifts, Appreciation Gifts, Congratulation Gifts For Women, Men, Friend, Nurse, Teacher, Boss, Coworker – 20 Oz Tumbler","B0CSPJ6QVP","Kitchen","12553",,"19.98","404","7233","3629","50","0.4","19.98","1","28","15","8","19.98","0","7","0","3","59.94","6.0",,"19.98","0","3","0","2024-03-31"
"NewEleven Gifts For Women - Funny Gag Gifts Ideas For Mom, Grandma, Wife, Her, Sister, Coworker - 40th 50th 60th 70th 80th Birthday Gifts For Women – 20 Oz Tumbler","B0CT8JTMF8","Kitchen","7157",,"19.98","182","2881","2869","35","0.49","19.98","1","16","12","9","19.98","0","8","1","3","59.94","8.57",,"19.98","0","3","0","2024-03-31"
"NewEleven 80th Birthday Gifts For Men Women - 1944 80th Birthday Decorations For Men Women - Gifts For Men Women Turning 80-80 Year Old Gifts For Men, Women - 20 Oz Tumbler","B0CT8N6CSJ","Kitchen","89254",,"19.98","3674","48904","24168","569","0.64","19.98","24","311","166","167","19.98","6","106","43","73","1498.54","12.83",,"19.98","4","48","19","2024-03-31"
"NewEleven 70th Birthday Gifts For Men Women - 1954 70th Birthday Decorations For Men Women - Gifts For Men Women Turning 70-70 Year Old Gifts For Men, Women - 20 Oz Tumbler","B0CT8NQBN5","Kitchen","93303",,"19.98","3883","51986","26874","692","0.74","19.98","30","400","182","269","19.98","11","155","67","110","2347.72","15.9",,"19.98","4","68","28","2024-03-31"
"NewEleven Gifts For Sister From Sister, Brother - Unique Birthday Present For Sister, Soul Sister, Big Sister, Little Sister, Sister In Law, Sibling, Bestie - 16 Oz Coffee Glass","B0CW9PRMCJ","Kitchen","4",,"19.98","0","0","0","0","0.0",,"0","0","0","0",,"0","0","0","0","0.0",,,,"0","0","0","2024-03-31"
"NewEleven Retirement Gifts For Women 2024 - Happy Retirement Party Decorations - Coworker Leaving Gifts, Farewell Gifts, Goodbye Gifts For Coworkers, Friends - 16 Oz Wine Glass","B0CWNTN1JN","Kitchen","1",,,"0","0","0","0","0.0",,"0","0","0","0",,"0","0","0","0","0.0",,,,"0","0","0","2024-03-31"
"NewEleven Gifts For Aunt From Niece, Nephew - Cool Gifts For Aunt, New Aunt, Auntie, Sister - Aunt Birthday Gift, Aunt Announcement, Promoted To Aunt, Best Aunt Ever Mothers Day - 20 Oz Tumbler","B0CWTR4RFZ","Kitchen","32",,"19.98","0","0","0","0","0.0",,"0","0","0","0",,"0","0","0","0","0.0",,,,"0","0","0","2024-03-31"
"NewEleven Gifts For Grandpa - Grandpa Birthday Gifts From Granddaughter, Grandson - Unique Birthday Present Ideas For Grandfather, New Grandpa, Promoted To Grandpa - 14 Oz Tumbler Navy","B0CXXCSPC2","Kitchen","15",,"24.98","0","0","0","0","0.0",,"0","0","0","0",,"0","0","0","0","0.0",,,,"0","0","0","2024-03-31"
"NewEleven Gifts For Dad, Men - Funny Birthday Gifts For Dad, Husband - Gift Idea For Father, New Dad, Bonus Dad, Husband, Uncle From Daughter, Son Stainless Steel Travel Mug with Lid - 14 Oz Tumbler","B0CXXG46HR","Kitchen","8",,"19.98","0","0","0","0","0.0",,"0","0","0","0",,"0","0","0","0","0.0",,,,"0","0","0","2024-03-31"
"NewEleven Dad Gifts From Daughter Son - Fishing Gifts For Men, Dad, Fathers Day Cup Gifts For Fisherman, Father - Birthday Gifts For Dad, Men, Husband - 20 Oz Tumbler","B0CY4MC1GJ","Kitchen","335",,"18.98","19","9","213","1","0.3","18.98","0","0","0","1","18.98","0","0","0","0","0.0","0.0",,,"0","0","0","2024-03-31"
