Reporting Range=["Quarterly"],Select year=["2024"],Select quarter=["3"],Brand=["NEWELEVEN"]
"ASIN title",ASIN,Category,"Impressions: Impressions","Impressions: Rating (Median)","Impressions: Price (Median)","Impressions: Same-Day Shipping Speed","Impressions: 1D Shipping Speed","Impressions: 2D Shipping Speed","Clicks: Clicks","Clicks: Click Rate (CTR)","Clicks: Price (Median)","Clicks: Same-Day Shipping Speed","Clicks: 1D Shipping Speed","Clicks: 2D Shipping Speed","Cart Adds: Cart Adds","Cart Adds: Price (Median)","Cart Adds: Same-Day Shipping Speed","Cart Adds: 1D Shipping Speed","Cart Adds: 2D Shipping Speed","Purchases: Purchases","Purchases: Search Traffic Sales","Purchases: Conversion Rate %","Purchases: Rating (Median)","Purchases: Price (Median)","Purchases: Same-Day Shipping Speed","Purchases: 1D Shipping Speed","Purchases: 2D Shipping Speed","Reporting Date"
"gvds25982","B07W5KH9PJ","Kitchen","89",,,"0","0","0","0","0.0",,"0","0","0","0",,"0","0","0","0","0.0",,,,"0","0","0","2024-09-30"
"Gifts for Mom from Daughter, Son, Kids - Mothers Day Gifts for Mom, Women, Wife - Funny Best Birthday Gifts Ideas for Mom, Mother, Wife, New Mom, Bonus Mom, Mom to Be, Mother in Law - 12 Oz Tumbler","B07Y7ZQ265","Kitchen","115168",,"16.98","5211","69134","23875","860","0.75","16.98","40","512","168","299","16.98","20","186","49","81","1361.78","9.42",,"16.98","8","56","10","2024-09-30"
"30th Birthday Gifts for Women - 1990 30th Birthday Decorations for Her - Talk Thirty to Me Dirty 30 Gifts for Her, Best Friend, Wife, Daughter, Girlfriend - 12 oz Wine Tumbler","B085DT7SXL","Kitchen","124",,"43.99","0","0","0","0","0.0",,"0","0","0","0",,"0","0","0","0","0.0",,,,"0","0","0","2024-09-30"
"Gifts for Dad from Daughter, Son, Kids - Birthday Gifts for Dad, New Dad - Fathers Day Gift for Dad, Husband, Men - Best Dad Bday Present Idea for a Father, Men, Him - Dad Mug, 20 Oz Tumbler","B088GX79HT","Kitchen","33176",,"18.98","610","10377","11149","234","0.71","18.98","6","84","65","75","18.98","2","28","19","23","424.54","9.83",,"18.98","2","9","6","2024-09-30"
"40th Birthday Gifts Women - 1984 40th Birthday Decorations for Women - Gifts for Women Turning 40-40 Year Old Gifts for Her, Wife, Mom, Friends - 12 Oz Wine Tumbler","B089QFK8NV","Kitchen","219",,"40.63","0","0","0","0","0.0",,"0","0","0","0",,"0","0","0","0","0.0",,,,"0","0","0","2024-09-30"
"50th Birthday Gifts for Women - 1974 50th Birthday Decorations for Women - Gifts for Women Turning 50 - Mothers Day Gifts 50 Year Old Gifts for Women, Mom, Wife - 12 oz Wine Tumbler","B089QFYLFB","Kitchen","39912",,"24.98","1339","24182","9231","426","1.07","24.98","14","266","98","218","24.98","8","132","60","52","1304.96","12.21",,"24.98","0","29","20","2024-09-30"
"NewEleven Fathers Day Gift For Men, Dad, Husband, Him - Aprons For Men With Pockets - Funny Gifts For Men, Dad, Husband, Boyfriend, Him, Brother, Uncle - Grill Cooking BBQ Kitchen Chef Apron","B08CDFWN1Q","Apparel","965",,"38.48","0","0","0","10","1.04","35.99","0","0","0","1","35.99","0","0","0","0","0.0","0.0",,,"0","0","0","2024-09-30"
"gvds34559","B08R8NVFHH","Kitchen","8",,"41.94","0","0","0","0","0.0",,"0","0","0","0",,"0","0","0","0","0.0",,,,"0","0","0","2024-09-30"
"gvds28439","B08R8P65YM","Kitchen","1",,"30.16","0","0","0","0","0.0",,"0","0","0","0",,"0","0","0","0","0.0",,,,"0","0","0","2024-09-30"
"60th Birthday Gifts for Women - 1964 60th Birthday Decorations for Women - Birthday Gifts for 60 Year Old Woman - 60 Years Old Gifts Ideas for Women Turning 60, Mom, Wife, Friends- 12 oz Wine Tumbler","B08R8PXYL6","Kitchen","1775",,"43.85","0","0","0","9","0.51","43.85","0","0","0","4","43.85","0","0","0","1","43.85","11.11",,"43.85","0","0","0","2024-09-30"
"40th Birthday Gifts for Men, Women - 1984 40th Birthday Decorations for Men, Women - Gifts for Women Turning 40-40 Year Old Gifts for Men, Him, Her, Husband, Wife, Dad, Mom, Friends - 20 Oz Tumbler","B08R8R2LQF","Kitchen","92859",,"19.98","3744","48918","21239","754","0.81","19.98","35","407","148","335","19.98","13","184","66","97","2143.06","12.86",,"19.98","4","60","16","2024-09-30"
"NewEleven Bridal Shower Gifts - Wedding Gifts For Bride - Bride To Be, Bachelorette Gifts, Engagement Gifts For Women - Bride Gifts For Bride To Be, Fiancee, Wifey, Her - 12 Oz Tumbler","B08R8R7T36","Kitchen","217",,"29.98","0","73","50","5","2.3","29.98","0","2","2","3","29.98","0","1","1","2","59.96","40.0",,"29.98","0","1","0","2024-09-30"
"Retirement Gifts For Men Women 2023 - Retired Gifts For Women, Men - Retirement Party Decorations - Fun Retirement Gifts For Women, Men, Retired People, Coworkers, Friends - 12 Oz Tumbler (Rose gold)","B08R8SSBWV","Kitchen","19",,,"0","0","0","0","0.0",,"0","0","0","0",,"0","0","0","0","0.0",,,,"0","0","0","2024-09-30"
"50th Birthday Gifts for Women Men - 1973 50th Birthday Decorations for Men Women - Gifts for Women Turning 50-50 Year Old Gifts for Women, Men, Mom, Dad, Husband, Wife - 20 Oz Tumbler","B08R8SW1NM","Kitchen","1629",,"44.37","20","621","299","22","1.35","44.37","1","4","5","4","44.37","1","2","1","2","83.37","9.09",,"39.0","0","1","1","2024-09-30"
"NewEleven Coworker Leaving Gifts - Farewell Gifts, Going Away Gift For Coworker - New Job, Goodbye, Good Luck Gifts For Coworkers, Colleagues, Boss, Men, Women, Friends - 20 Oz Tumbler","B08Y8RZRHG","Kitchen","43",,"54.53","0","0","0","0","0.0",,"0","0","0","0",,"0","0","0","0","0.0",,,,"0","0","0","2024-09-30"
"NewEleven Mothers Day Gifts For Mom - Gifts For Mom From Daughter, Son, Kids - Unique Birthday Gifts For Mom, Mother, Wife, New Mom, Bonus Mom, Pregnant Mom - Funny Gifts Ideas For Mom - 20 Oz Tumbler","B08ZKX6YK9","Kitchen","742",,"36.79","0","0","0","5","0.67","36.22","0","0","0","0",,"0","0","0","0","0.0","0.0",,,"0","0","0","2024-09-30"
"Gifts for Dad from Daughter, Son, Kids - Birthday Gifts for Dad, New Dad - Fathers Day Gift for Dad, Husband, Men - Best Dad Bday Present Idea for a Father, Men, Him - Dad Mug, 20 Oz Tumbler","B08ZKZ1FJK","Kitchen","11408",,"24.98","86","2069","2216","59","0.52","24.98","1","21","7","16","24.98","0","5","5","2","49.96","3.39",,"24.98","0","1","1","2024-09-30"
"NewEleven Retirement Gifts for Women 2024 - Happy Retirement Gifts - Coworker Leaving Gifts, Farewell Gifts, Goodbye Gifts for Coworkers, Friends - 12 Oz Tumbler","B08ZRWW1W4","Kitchen","148358",,"21.98","7627","83402","34017","1192","0.8","21.98","63","665","284","497","21.98","28","270","122","132","3056.34","11.07",,"21.98","7","79","30","2024-09-30"
"NewEleven Fathers Day Gift For Men, Dad, Husband, Him - Aprons For Men With Pockets - Funny Gifts For Men, Dad, Husband, Boyfriend, Him, Brother, Uncle - Grill Cooking BBQ Kitchen Chef Apron","B08ZYGT8SH","Apparel","30635",,"14.98","555","10186","11192","398","1.3","14.98","9","135","147","101","14.98","6","40","31","33","688.18","8.29",,"14.98","4","14","9","2024-09-30"
"NewEleven Aprons For Men With Pockets - Gifts For Men, Dad - Birthday Gifts for Men, Dad, Husband, Boyfriend, Him - Grill Cooking BBQ Kitchen Chef Apron","B091F4PHBQ","Apparel","49975",,"15.98","1440","25935","13040","646","1.29","15.98","16","325","166","144","15.98","6","67","37","50","821.76","7.74",,"15.98","3","20","11","2024-09-30"
"Funny Aprons For Men With Pockets - Gifts For Boyfriend, Husband - Husband Gifts From Wife - Birthday Gifts For Husband, Men, Him, Boyfriend, Fiance, Friends - Grill Cooking Bbq Kitchen Chef Apron","B091F544N7","Apparel","69614",,"15.98","1878","33701","19542","1205","1.73","15.98","21","564","359","234","15.98","5","115","68","85","1364.68","7.05",,"15.98","2","44","24","2024-09-30"
"NewEleven Coworker Leaving Gifts - Farewell Gifts, Going Away Gift For Coworker - New Job, Goodbye, Good Luck Gifts For Coworkers, Colleagues, Boss, Men, Women, Friends - 20 Oz Tumbler","B092HNBJT6","Kitchen","48",,"54.09","0","0","0","0","0.0",,"0","0","0","0",,"0","0","0","0","0.0",,,,"0","0","0","2024-09-30"
"NewEleven Gifts For Grandpa - Grandpa Gifts From Granddaughter, Grandson - Birthday Present Ideas For Grandfather, New Grandpa, Promoted To Grandpa, Grandchildren, Grandkid - 20 Oz Tumbler","B094CFGN42","Kitchen","12817",,"19.98","132","5736","2887","98","0.76","19.98","1","48","17","34","19.98","1","18","6","13","283.7","13.27",,"19.98","0","9","1","2024-09-30"
"NewEleven Retirement Gifts For Women 2024 - Happy Retirement Gifts - Coworker Leaving Gifts, Farewell Gifts, Goodbye Gifts For Coworkers, Friends - 20 Oz Tumbler","B095S16WV3","Kitchen","27",,"47.07","0","0","0","0","0.0",,"0","0","0","0",,"0","0","0","0","0.0",,,,"0","0","0","2024-09-30"
"Retirement Gifts For Men Women 2023 - Retired Gifts For Women, Men - Retirement Party Decorations - Fun Retirement Gifts For Women, Men, Retired People, Coworkers, Friends - 20 Oz Tumbler","B095S1818R","Kitchen","29",,"54.28","0","0","0","0","0.0",,"0","0","0","0",,"0","0","0","0","0.0",,,,"0","0","0","2024-09-30"
"NewEleven Gifts For Men, Women - Fathers Day Gift For Men, Dad, Husband, Friend - Thank You Gifts, Appreciation Gifts, Graduation Gifts For Men, Nurse, Teacher, Boss, Coworker - 20 Oz Tumbler","B0978WGWY4","Kitchen","1326",,"39.44","4","73","49","8","0.6","39.8","0","0","1","1","39.8","0","0","0","0","0.0","0.0",,,"0","0","0","2024-09-30"
"NewEleven Gifts for Brother - Brother Gifts from Sister, Brother - Big Brother Gifts, Little Brother Gifts - Birthday Gifts for Brothers from Sisters, Brother, Siblings - 20 Oz Tumbler","B09792XF8F","Kitchen","61737",,"16.98","2949","36068","13584","882","1.43","16.98","44","504","195","422","16.98","22","240","87","125","2234.56","14.17",,"16.98","9","68","27","2024-09-30"
"NewEleven Mothers Day Gifts For Mom - Gifts For Mom From Daughter, Son, Kids - Unique Birthday Gifts For Mom, Mother, Wife, New Mom, Bonus Mom, Pregnant Mom - Funny Gifts Ideas For Mom - 20 Oz Tumbler","B097B9H21P","Kitchen","79948",,"18.98","3746","48335","17112","905","1.13","18.98","46","571","166","188","18.98","6","122","39","50","967.98","5.52",,"18.98","2","30","15","2024-09-30"
"NewEleven Gifts for Dad from Daughter, Son, Kids - Birthday Gift for Dad, Husband, Men - Best Present Idea for Father, Husband, Bonus Dad from Daughter, Son, Wife - 20 Oz Tumbler","B097B9SY89","Kitchen","49673",,"15.98","1298","25869","12744","580","1.17","15.98","15","297","147","150","15.98","5","75","38","40","696.2","6.9",,"15.98","1","20","9","2024-09-30"
"NewEleven Uncle Gifts - Gifts for Uncle from Niece, Nephew - Uncle Birthday Gifts - Best Gifts for New Uncle, Funcle, Uncle Announcement - 20 Oz Tumbler","B097H6PJCN","Kitchen","1118",,"45.16","1","85","50","11","0.98","45.16","0","0","1","2","27.98","0","0","1","0","0.0","0.0",,,"0","0","0","2024-09-30"
"Replacement Lid For 20 Oz NewEleven Tumbler - Pack of 2 lids","B0995JRMHP","Home","84",,"41.47","0","0","0","0","0.0",,"0","0","0","0",,"0","0","0","0","0.0",,,,"0","0","0","2024-09-30"
"NewEleven Bride To Be Gifts For Her - Wedding Gifts For Bride - Bridal Shower Gift, Bachelorette Gifts For Bride - Engagement Gifts For Women - Bridal Gifts For Bride To Be, Fiancee - 20 Oz Tumbler","B09B9PKM9M","Kitchen","130",,"29.98","0","90","24","3","2.31","29.98","0","2","1","1","29.98","0","0","1","0","0.0","0.0",,,"0","0","0","2024-09-30"
"30th Birthday Gifts For Her - 1992 30th Birthday Decorations For Women Her - 30 Year Old Gifts, 30 Birthday Idea Presents For Women, Her, Wife, Daughter, Girlfriend, Friends, Sisters - 20 Oz Tumbler","B09S8KNXQK","Kitchen","3",,"47.72","0","0","0","0","0.0",,"0","0","0","0",,"0","0","0","0","0.0",,,,"0","0","0","2024-09-30"
"gvds67959","B09S9PGL4T","Kitchen","28",,"73.43","0","0","0","0","0.0",,"0","0","0","0",,"0","0","0","0","0.0",,,,"0","0","0","2024-09-30"
"Birthday Gifts for Women - Mothers Day Gifts, Thank You Gifts, Women Gifts, Graduation Gifts for Women, Best Friend, Sister, Mom, Wife, Aunt, Her, Daughter, Coworker, Employee - 20 Oz Tumbler","B09TT1GGMM","Kitchen","809",,"22.98","0","1","133","4","0.49","22.98","0","0","1","2","22.98","0","0","0","0","0.0","0.0",,,"0","0","0","2024-09-30"
"Coworker Leaving Gifts - Farewell Gifts, Going Away Gift For Coworker - New Job, Goodbye, Good Luck Gifts For Coworkers, Colleagues, Boss, Men, Women, Friends - 20 Oz Tumbler","B09XDFF8FF","Kitchen","100932",,"19.98","4551","60645","22513","2173","2.15","19.98","87","1281","481","496","19.98","23","310","90","182","4217.16","8.38",,"19.98","14","115","34","2024-09-30"
"NewEleven Retirement Gifts For Women 2024 - Happy Retirement Party Decorations - Coworker Leaving Gifts, Farewell Gifts, Goodbye Gifts For Coworkers, Friends - 20 Oz Tumbler","B09XDFLNR8","Kitchen","36",,"52.54","0","0","0","0","0.0",,"0","0","0","0",,"0","0","0","0","0.0",,,,"0","0","0","2024-09-30"
"gvds24393","B09XXP5V2W","Kitchen","79",,"66.53","0","0","0","0","0.0",,"0","0","0","0",,"0","0","0","0","0.0",,,,"0","0","0","2024-09-30"
"gvds24392","B09YCTFXYV","Kitchen","28",,"59.96","0","0","0","1","3.57","59.96","0","0","0","0",,"0","0","0","0","0.0","0.0",,,"0","0","0","2024-09-30"
"gvds24542","B09ZYBDMZ1","Kitchen","23",,"57.99","0","0","0","0","0.0",,"0","0","0","0",,"0","0","0","0","0.0",,,,"0","0","0","2024-09-30"
"gvds25520","B09ZYCD6GX","Kitchen","26",,"59.93","0","0","0","0","0.0",,"0","0","0","0",,"0","0","0","0","0.0",,,,"0","0","0","2024-09-30"
"QWSAvsss2653","B0B176NPZ1","Kitchen","36",,"53.89","0","0","0","0","0.0",,"0","0","0","0",,"0","0","0","0","0.0",,,,"0","0","0","2024-09-30"
"Retirement Gifts For Women 2022 - Retired Gifts For Women - Female Retirement Gifts - Coworker Leaving Gifts, Farewell Gifts, Goodbye Gift For Women, Colleagues, Coworkers, Friends - 12Oz Wine Tumbler","B0B2WGL9ZW","Kitchen","40",,"53.36","0","0","0","0","0.0",,"0","0","0","0",,"0","0","0","0","0.0",,,,"0","0","0","2024-09-30"
"Birthday Gifts for Women - Best Friend Giftss, Funny Unique Gag Gifts for Women, Her, Bestie, BFF, Sister - Going Away Gifts for Coworker, Long Distance Friendship Presents - Lavender Candle 8 Oz","B0B5T5DP6Y","Home","1349",,"7.99","25","453","283","34","2.52","7.99","1","10","8","11","7.99","0","3","2","4","55.93","11.76",,"7.99","0","2","1","2024-09-30"
"gvdf13441","B0B68YP7N8","Kitchen","9",,"87.86","0","0","0","0","0.0",,"0","0","0","0",,"0","0","0","0","0.0",,,,"0","0","0","2024-09-30"
"NewEleven 30th Birthday Gifts For Her - 30th Birthday Decorations For Women Her - 30 Birthday Idea Presents For Women, Her, Wife, Daughter, Girlfriend, Friends, Sisters - 12 Oz Tumbler","B0B69QP6DS","Kitchen","23",,"38.71","0","0","0","0","0.0",,"0","0","0","0",,"0","0","0","0","0.0",,,,"0","0","0","2024-09-30"
"NewEleven Gifts For Grandma - Grandma Gifts From Granddaughter, Grandson - Unique Birthday Present Ideas For Grandma, Nana, Gigi, Mimi, Grammy From Grandchildren, Grandchild - 20 Oz Tumbler","B0B6BSDKB1","Kitchen","5",,"52.09","0","0","0","0","0.0",,"0","0","0","0",,"0","0","0","0","0.0",,,,"0","0","0","2024-09-30"
"NewEleven Gifts For Grandma - Grandma Gifts From Granddaughter, Grandson - Unique Present Ideas For Grandma, Nana, Gigi, Mimi, Grammy From Grandchildren, Grandchild - 20 Oz Tumbler","B0B6BTRYHC","Kitchen","9",,"54.26","0","0","0","0","0.0",,"0","0","0","0",,"0","0","0","0","0.0",,,,"0","0","0","2024-09-30"
"NewEleven Mothers Day Gifts For Grandma - Grandma Gifts From Granddaughter, Grandson - Unique Present Ideas For Grandma, Nana, Gigi, Mimi, Grammy From Grandchildren, Grandchild - 20 Oz Tumbler","B0B6BTSHMG","Kitchen","2",,"131.07","0","0","0","0","0.0",,"0","0","0","0",,"0","0","0","0","0.0",,,,"0","0","0","2024-09-30"
"NewEleven Gifts For Grandma - Grandma Gifts From Granddaughter, Grandson - Unique Present Ideas For Grandma, Nana, Gigi, Mimi, Grammy From Grandchildren, Grandchild - 20 Oz Tumbler","B0B6BWG66J","Kitchen","4",,"155.3","0","0","0","0","0.0",,"0","0","0","0",,"0","0","0","0","0.0",,,,"0","0","0","2024-09-30"
"Birthday Gifts for Women, Men - Best Friend Giftss for Women - Friendship Gifts for Women Friends, Sisters Gifts from Sister - Birthday Candles Gifts for Women, Best Friend, BFF - Lavender Candle 8oz","B0B6FX8JQW","Home","9",,"155.94","0","0","0","0","0.0",,"0","0","0","0",,"0","0","0","0","0.0",,,,"0","0","0","2024-09-30"
"Sister Gifts from Sister - Birthday Gifts for Sister - Best Funny Unique Bday Presents for Big Sister, Little Sister, Sister in Law, Sibling, Best Friend, Bestie, Women - Lavender Candle 8 Oz","B0B7HV2LGY","Home","10",,"194.09","0","0","0","1","10.0","307.31","0","0","0","0",,"0","0","0","0","0.0","0.0",,,"0","0","0","2024-09-30"
"NewEleven 50th Birthday Gifts For Men Women - 1974 50th Birthday Decorations For Men Women - Gifts For Women Turning 50-50 Year Old Gifts For Men, Women, Mom, Dad, Wife, Husband - 20 Oz Tumbler","B0B7N8PWN3","Kitchen","34",,"57.75","0","0","0","0","0.0",,"0","0","0","0",,"0","0","0","0","0.0",,,,"0","0","0","2024-09-30"
"Coworker Leaving Gifts - Farewell Gifts, Going Away Gift For Coworker - New Job, Goodbye, Good Luck Gifts For Coworkers, Colleagues, Boss, Men, Women, Friends - 20 Oz Tumbler","B0B9RHZGFG","Kitchen","24",,"63.43","0","0","0","0","0.0",,"0","0","0","0",,"0","0","0","0","0.0",,,,"0","0","0","2024-09-30"
"NewEleven Retirement Gifts For Women 2024 - Happy Retirement Gifts - Coworker Leaving Gifts, Farewell Gifts, Goodbye Gifts For Coworkers, Friends - 12 Oz Tumbler","B0B9RLH8RV","Kitchen","22",,"52.31","0","0","0","0","0.0",,"0","0","0","0",,"0","0","0","0","0.0",,,,"0","0","0","2024-09-30"
"NewEleven Gifts For Women Friendship - Funny Gifts For Friends Female - Unique Friendship Gifts For Women, Friend, Female, Bestie, Bff, Soul Sister, Work Bestie – 16 Oz Coffee Glass","B0B9SC1JMN","Kitchen","240",,"47.2","0","0","0","2","0.83","38.53","0","0","0","0",,"0","0","0","0","0.0","0.0",,,"0","0","0","2024-09-30"
"NewEleven Mothers Day Gifts for Mom - Unique Birthday Gifts for Mom, Mother, Wife, New Mom, Bonus Mom, Pregnant Mom - 16 Oz Coffee Glass","B0B9SF2R4R","Kitchen","327",,"34.79","0","0","0","2","0.61","31.86","0","0","0","0",,"0","0","0","0","0.0","0.0",,,"0","0","0","2024-09-30"
"Congratulations Gifts, Graduation Gifts, Inspirational Gifts For Women, Best Friend, Sister, Mom, Wife, Aunt, Her, Daughter - Moving Away Gifts, New Job Promotion For Coworker, Employee - Coffee Glass","B0B9SKGQWF","Kitchen","9",,"33.07","0","0","0","0","0.0",,"0","0","0","0",,"0","0","0","0","0.0",,,,"0","0","0","2024-09-30"
"Gifts For Mom From Daughter, Son, Kids - Christmas Gifts For Mom, Women, Wife - Best Birthday Gifts For Mom, Mother, Wife, New Mom, Bonus Mom, Mothers In Law From Daughter, Son - 16 Oz Coffee Glass","B0BC8QLF1R","Kitchen","10",,"118.0","0","0","0","0","0.0",,"0","0","0","0",,"0","0","0","0","0.0",,,,"0","0","0","2024-09-30"
"NewEleven Gifts For Wife From Husband - Romantic Anniversary Wedding Gifts For Wife, Her From Husband - 16 Oz Coffee Glass","B0BC8RQ4NG","Kitchen","2",,,"0","0","0","0","0.0",,"0","0","0","0",,"0","0","0","0","0.0",,,,"0","0","0","2024-09-30"
"NewEleven Gifts For Aunt From Niece, Nephew - Cool Gifts For Aunt, New Aunt, Auntie, Sister - Aunt Birthday Gift, Aunt Announcement, Promoted To Aunt, Best Aunt Ever - 16 Oz Coffee Glass","B0BC8SB3Y4","Kitchen","1303",,"37.05","0","0","0","5","0.38","37.05","0","0","0","1","28.84","0","0","0","0","0.0","0.0",,,"0","0","0","2024-09-30"
"Gifts For Mom From Daughter, Son - Birthday Gifts For Mom - Mothers Day Gifts For Mom, Wife, Women - Funny Birthday Presents From Daughter, Son, Husband, New Mom, Pregnant Mom - Wine Glass","B0BC8TKH8X","Kitchen","4",,"41.2","0","0","0","0","0.0",,"0","0","0","0",,"0","0","0","0","0.0",,,,"0","0","0","2024-09-30"
"Sister Gifts From Sister, Brother - Birthday Gifts For Sister - Best Funny Unique Bday Presents For Big Sister, Little Sister, Sister In Law, Sibling, Best Friend, Bestie, Women - Coffee Glass","B0BC8WBYW7","Kitchen","46",,"47.55","0","0","0","0","0.0",,"0","0","0","0",,"0","0","0","0","0.0",,,,"0","0","0","2024-09-30"
"NewEleven Gifts For Wife, Her - Wife Gifts From Husband - Gifts For Her - Wife Gifts Ideas For Women, Bride To Be, Fiancee, Wifey - 16 Oz Coffee Glass","B0BDLH8KX3","Kitchen","2878",,"43.65","16","885","534","24","0.83","43.65","0","8","5","5","45.9","0","4","1","2","89.55","8.33",,"43.65","0","1","1","2024-09-30"
"21st Birthday Gifts For Her - 2002 21st Birthday Decorations For Her - Best 21 Year Old Bday Gifts Idea For Women, Best Friends, Daughter, Sister - Finally 21 Present For Female - 16 Oz Coffee Glass","B0BHVNXBS6","Kitchen","16",,"47.55","0","0","0","0","0.0",,"0","0","0","0",,"0","0","0","0","0.0",,,,"0","0","0","2024-09-30"
"NewEleven Iced Coffee Cup With Bamboo Lids And Glass Straws For Boba, Smoothie, Cocktail - 16 Oz Coffee Glass","B0BHVNXNYL","Kitchen","85",,"42.25","0","0","0","0","0.0",,"0","0","0","0",,"0","0","0","0","0.0",,,,"0","0","0","2024-09-30"
"Birthday Gifts For Women - Thank You Gifts, Women Gifts, Graduation Gifts, Inspirational Gifts For Women, Best Friend, Sister, Mom, Wife, Aunt, Her, Daughter, Coworker, Employee - 16 Oz Coffee Glass","B0BHVYX576","Kitchen","3",,"62.63","0","0","0","0","0.0",,"0","0","0","0",,"0","0","0","0","0.0",,,,"0","0","0","2024-09-30"
"NewEleven Mother Day Gift for Mom - Gifts for Mom from Daughter, Son, Kids - Unique Birthday Gifts for Mom, New Mom, Bonus Mom, Pregnant Mom - Funny Gifts Ideas for Mom - 16 Oz Coffee Glass","B0BHWDNYVL","Kitchen","14190",,"19.98","239","6683","4021","200","1.41","19.98","4","81","66","41","19.98","1","18","11","9","179.82","4.5",,"19.98","0","6","0","2024-09-30"
"Christmas Gifts for Mom - Gifts for Mom from Daughter, Son, Kids - Unique Birthday Gifts for Mom, Mother, Wife, New Mom, Bonus Mom, Pregnant Mom - Funny Gifts Ideas for Mom - 16 Oz Coffee Glass","B0BHWKY43D","Kitchen","110",,"54.12","0","0","0","2","1.82","54.12","0","0","0","0",,"0","0","0","0","0.0","0.0",,,"0","0","0","2024-09-30"
"Sister Gifts From Sister, Brother - Birthday Gifts For Sister - Best Funny Unique Bday Presents For Big Sister, Little Sister, Sister In Law, Sibling, Best Friend, Bestie, Women - 16 Oz Coffee Glass","B0BPXZJSW1","Kitchen","43",,"47.83","0","0","0","0","0.0",,"0","0","0","0",,"0","0","0","0","0.0",,,,"0","0","0","2024-09-30"
"Christmas Gifts For Women - Best Friend Birthday Gifts For Women – Female Friendship Gifts, Sisters Gifts From Sister - Funny Bday Presents Unique Gifts For Her, BFF, Bestie - 16 Oz Coffee Glass","B0BRB5SPYZ","Kitchen","25",,"47.55","0","0","0","0","0.0",,"0","0","0","0",,"0","0","0","0","0.0",,,,"0","0","0","2024-09-30"
"Sister Gifts From Sister, Brother - Birthday Gifts For Sister - Best Funny Unique Bday Presents For Big Sister, Little Sister, Sister In Law, Sibling, Best Friend, Bestie, Women - 16 Oz Coffee Glass","B0BRB6J55H","Kitchen","42",,"49.4","0","0","0","0","0.0",,"0","0","0","0",,"0","0","0","0","0.0",,,,"0","0","0","2024-09-30"
"NewEleven Coworker Leaving Gifts - Farewell Gifts, Going Away Gift For Coworker - New Job Gifts, Goodbye Gifts, Good Luck Gifts For Coworkers, Friends, Boss, Women – 16 Oz Coffee Glass","B0BRB6NJCT","Kitchen","26",,"57.82","0","0","0","1","3.85","58.25","0","0","0","1","58.25","0","0","0","0","0.0","0.0",,,"0","0","0","2024-09-30"
"Sister Gifts From Sister, Brother - Birthday Gifts For Sister - Best Funny Unique Bday Presents For Big Sister, Little Sister, Sister In Law, Sibling, Best Friend, Bestie, Women - 16 Oz Coffee Glass","B0BRCBT14P","Kitchen","60",,"47.55","0","0","0","0","0.0",,"0","0","0","0",,"0","0","0","0","0.0",,,,"0","0","0","2024-09-30"
"Bride To Be Gifts For Her - Wedding Gifts For Bride - Bridal Shower Engagement Gifts For Women - Bachelorette Gifts For Bride, Fiancee, Wifey - Bachelorette Party Decorations - 16 Oz Coffee Glass","B0BRCCZLL8","Kitchen","54",,"51.17","0","0","0","0","0.0",,"0","0","0","0",,"0","0","0","0","0.0",,,,"0","0","0","2024-09-30"
"NewEleven Gifts For Women Friendship - Funny Gifts For Friends Female - Unique Friendship Gifts For Women, Friend, Female, Bestie, Bff, Soul Sister, Work Bestie - 16 Oz Coffee Glass","B0BRCDZRSP","Kitchen","5",,"43.05","0","0","0","0","0.0",,"0","0","0","0",,"0","0","0","0","0.0",,,,"0","0","0","2024-09-30"
"NewEleven Dog Mom Gifts For Women - Dog Lovers Gifts For Women, Dog Owners, Dog Mama, Dog Mom, Fur Mama - Cute Funny Birthday Gifts For Women, Best Friend, Girlfriend, Coworker - 16 Oz Coffee Glass","B0BRCG7S9H","Kitchen","30",,"47.55","0","0","0","0","0.0",,"0","0","0","0",,"0","0","0","0","0.0",,,,"0","0","0","2024-09-30"
"gvds30072","B0BRCJ5VYH","Kitchen","46",,"47.55","0","0","0","1","2.17","47.55","0","0","0","0",,"0","0","0","0","0.0","0.0",,,"0","0","0","2024-09-30"
"NewEleven Mothers Day Gifts For Sister From Sister, Brother - Unique Birthday Present For Sister, Soul Sister, Big Sister, Little Sister, Sister In Law, Sibling, Bestie - 16 Oz Coffee Glass","B0BYCSHGYX","Kitchen","135",,"20.98","0","0","0","2","1.48","20.98","0","0","0","0",,"0","0","0","0","0.0","0.0",,,"0","0","0","2024-09-30"
"gvds35842","B0BYCT1SRJ","Kitchen","149370",,"20.98","5896","92030","30527","1541","1.03","20.98","57","960","312","751","20.98","25","448","159","153","3986.2","9.93",,"20.98","5","95","31","2024-09-30"
"gvds83586","B0BYDBPSBQ","Kitchen","1581",,"32.98","0","0","252","53","3.35","22.98","0","0","10","17","22.98","0","0","2","1","32.98","1.89",,"32.98","0","0","0","2024-09-30"
"NewEleven Nurse Gifts For Women - Gifts for Nurses, Nursing Student, Nurse Practitioner, Registered Nurse - Nurse Gifts For Birthday, Appreciation Week, Graduation - 16 Oz Coffee Glass","B0BYDBW7PH","Kitchen","7",,"45.29","0","0","0","0","0.0",,"0","0","0","0",,"0","0","0","0","0.0",,,,"0","0","0","2024-09-30"
"NewEleven Birthday Gifts For Women - Thank You Gifts, Graduation Gifts, Inspirational Gifts For Women, Best Friend, Sister, Mom, Wife, Aunt, Her, Daughter, Coworker, Employee - 16 Oz Coffee Glass","B0BYDC9VC8","Kitchen","52",,"39.49","0","0","0","0","0.0",,"0","0","0","0",,"0","0","0","0","0.0",,,,"0","0","0","2024-09-30"
"NewEleven Gifts For Book Lovers - Book Lovers Gifts For Women - Bookish Gifts for Readers, Librarians, Bookaholics, Bookworms - Birthday Gifts For Women, Her, Best Friend – 16 Oz Coffee Glass","B0BYDDFNBD","Kitchen","35024",,"24.98","1312","20075","8045","572","1.63","24.98","14","330","139","288","24.98","6","170","63","49","1219.02","8.57",,"24.98","2","33","8","2024-09-30"
"NewEleven Funny Gifts For Her, Women - Sarcastic Gifts For Women, Friends - Funny Joke Birthday Gifts For Her, Women, Best Friend, Sister, Coworkers - 16 Oz Coffee Glass","B0BYDDYBYW","Kitchen","82",,"32.98","0","0","9","0","0.0",,"0","0","0","0",,"0","0","0","0","0.0",,,,"0","0","0","2024-09-30"
"Coworker Leaving Gifts - Farewell Gifts, Going Away Gift For Coworker - New Job, Goodbye, Good Luck Gifts For Coworkers, Colleagues, Boss, Work Bestie, Women, Friends - 16 Oz Coffee Glass","B0BZVBXMSH","Kitchen","6",,"51.95","0","0","0","0","0.0",,"0","0","0","0",,"0","0","0","0","0.0",,,,"0","0","0","2024-09-30"
"Birthday Gifts For Women - Best Friend Giftss for Women – Female Friendship Gifts, Sisters Gifts From Sister - Funny Bday Presents Unique Gifts For Her, BFF, Bestie, Soul Sister - Lavender Candle 8 Oz","B0BZW79FM9","Home","5",,,"0","0","0","0","0.0",,"0","0","0","0",,"0","0","0","0","0.0",,,,"0","0","0","2024-09-30"
"NewEleven Cute Glass Coffee Cups With Lids And Straw – Aesthetic Cups – Iced Coffee Cup, Coffee Tumbler, Glass Tumbler – Cute Gifts For Women, Coffee Lover - 16 Oz Coffee Glass","B0C1BS7BV8","Kitchen","89",,"45.63","0","0","0","1","1.12","43.74","0","0","0","0",,"0","0","0","0","0.0","0.0",,,"0","0","0","2024-09-30"
"NewEleven Iced Coffee Cup With Bamboo Lids And Glass Straws For Boba, Smoothie, Cocktail - 16 Oz Coffee Glass","B0C1BWJM89","Kitchen","20",,"158.89","0","0","0","0","0.0",,"0","0","0","0",,"0","0","0","0","0.0",,,,"0","0","0","2024-09-30"
"NewEleven Iced Coffee Cup With Bamboo Lids And Glass Straws For Boba, Smoothie, Cocktail - 16 Oz Coffee Glass","B0C1BX851W","Kitchen","67",,"45.74","0","0","0","0","0.0",,"0","0","0","0",,"0","0","0","0","0.0",,,,"0","0","0","2024-09-30"
"NewEleven Iced Coffee Cup With Bamboo Lids And Glass Straws For Boba, Smoothie, Cocktail - 16 Oz Coffee Glass","B0C1BYB4SH","Kitchen","80",,"47.55","0","0","0","1","1.25","47.2","0","0","0","0",,"0","0","0","0","0.0","0.0",,,"0","0","0","2024-09-30"
"NewEleven Bridesmaid Gifts - Bridesmaid Proposal Gifts, Bridal Shower Decorations Gift - Iced Coffee Cup With Bamboo Lids And Glass Straws For Boba, Smoothie, Cocktail - 16 Oz Coffee Glass","B0C1C1F4M4","Kitchen","23",,"47.55","0","0","0","0","0.0",,"0","0","0","0",,"0","0","0","0","0.0",,,,"0","0","0","2024-09-30"
"NewEleven Sloth Gifts For Women - Sloth Gifts, Sloth Stuff For Sloth Lovers - Cute Funny Birthday Gifts For Women, Best Friend, Sister, Daughter, Coworker - 16 Oz Coffee Glass","B0C23XHCN1","Kitchen","49",,"45.29","0","0","0","2","4.08","45.29","0","0","0","0",,"0","0","0","0","0.0","0.0",,,"0","0","0","2024-09-30"
"NewEleven Penguin Gifts For Women - Penguin Gifts, Penguin Stuff For Penguin Lovers - Cute Funny Birthday Gifts For Women, Best Friend, Sister, Daughter, Coworker - 16 Oz Coffee Glass","B0C23Y5ZYH","Kitchen","21",,"45.29","0","0","0","0","0.0",,"0","0","0","0",,"0","0","0","0","0.0",,,,"0","0","0","2024-09-30"
"NewEleven 30th Birthday Gifts For Her Women - 1994 30th Birthday Decorations For Women - 30 Year Old Gifts Idea For Women, Friends, Sister - 16 Oz Coffee Glass - 16 Oz Coffee Glass","B0C23Z96SX","Kitchen","19",,"25.98","0","0","0","0","0.0",,"0","0","0","0",,"0","0","0","0","0.0",,,,"0","0","0","2024-09-30"
"NewEleven Cow Gifts For Women - Cow Gifts, Cow Stuff For Cow Lovers - Cute Funny Birthday Gifts For Women, Best Friend, Sister, Daughter, Coworker - 16 Oz Coffee Glass","B0C242DYT4","Kitchen","17",,"47.55","0","0","0","0","0.0",,"0","0","0","0",,"0","0","0","0","0.0",,,,"0","0","0","2024-09-30"
"Coworker Leaving Gifts - Farewell Gifts, Going Away Gift For Coworker - New Job, Goodbye, Good Luck Gifts For Coworkers, Colleagues, Boss, Work Bestie, Women, Friends - 16 Oz Coffee Glass","B0C2TBXN53","Kitchen","18",,"36.27","0","0","0","0","0.0",,"0","0","0","0",,"0","0","0","0","0.0",,,,"0","0","0","2024-09-30"
"NewEleven Gifts For Coworker - Coworker Gifts For Women – Funny Gifts For Coworker, Friends, Work Bestie – Thoughtful Gifts, Appreciation Gifts For Coworker, Employee, Friends – 16 Oz Coffee Glass","B0C2TJY1XL","Kitchen","34",,"43.05","0","0","0","0","0.0",,"0","0","0","0",,"0","0","0","0","0.0",,,,"0","0","0","2024-09-30"
"Retirement Gifts For Men Women 2023 - Retired Gifts For Men, Women - Retirement Party Decorations - Fun Retirement Gifts For Women, Men, Retired People, Coworkers, Friends - 20 Oz Tumbler","B0C3CW184G","Kitchen","37",,"54.66","0","0","0","1","2.7","60.21","0","0","0","0",,"0","0","0","0","0.0","0.0",,,"0","0","0","2024-09-30"
"NewEleven Gifts For Women Friendship - Funny Gifts For Friends Female - Unique Friendship Gifts For Women, Friend, Female, Bestie, Bff, Soul Sister, Work Bestie - 20 Oz Tumbler","B0C3CWNMC4","Kitchen","12",,"72.44","0","0","0","0","0.0",,"0","0","0","0",,"0","0","0","0","0.0",,,,"0","0","0","2024-09-30"
"NewEleven Graduation Gifts for Her - Congratulations Gifts for Women - Good Luck, Leaving Job, New Job, Promotion, Going Away Gifts for Friends, Coworker, Daughter, BFF, Teacher - 16 Oz Coffee Glass","B0C5J3BKGW","Kitchen","5",,"43.02","0","0","0","0","0.0",,"0","0","0","0",,"0","0","0","0","0.0",,,,"0","0","0","2024-09-30"
"NewEleven Gifts for Mom - Unique Birthday Gifts for Mom, Mother, Wife, New Mom, Bonus Mom, Pregnant Mom - 16 Oz Coffee Glass","B0C9BZRC4K","Kitchen","188245",,"19.98","4056","102743","48577","1828","0.97","19.98","32","971","487","739","19.98","14","398","173","116","2530.62","6.35",,"19.98","1","68","30","2024-09-30"
"NewEleven 30th Birthday Gifts For Her - 1993 30th Birthday Decorations For Her - 30 Year Old Gifts, 30 Birthday Idea Presents For Women, Friends, Sister - 16 Oz Coffee Beer Can Glass","B0C9BZT9D8","Kitchen","12",,"49.66","0","0","0","0","0.0",,"0","0","0","0",,"0","0","0","0","0.0",,,,"0","0","0","2024-09-30"
"Coworker Leaving Gifts - Farewell Gifts, Going Away Gift For Coworker - New Job, Goodbye, Good Luck Gifts For Coworkers, Colleagues, Boss, Work Bestie, Women, Friends - 16 Oz Coffee Glass","B0C9C2TTSR","Kitchen","78",,"22.98","0","0","10","0","0.0",,"0","0","0","0",,"0","0","0","0","0.0",,,,"0","0","0","2024-09-30"
"Christmas Gifts For Sister From Sister, Brother - Unique Birthday Present For Sister, Soul Sister, Big Sister, Little Sister, Sister In Law, Sibling, Bestie, bff - 16 Oz Coffee Glass","B0C9C3GQQ7","Kitchen","56",,"39.47","0","0","0","0","0.0",,"0","0","0","0",,"0","0","0","0","0.0",,,,"0","0","0","2024-09-30"
"NewEleven Gifts For Sister From Sister, Brother - Unique Birthday Present For Sister, Soul Sister, Big Sister, Little Sister, Sister In Law, Sibling, Bestie - 16 Oz Coffee Glass","B0C9C5VX7S","Grocery","43",,"51.45","0","0","0","1","2.33","47.2","0","0","0","0",,"0","0","0","0","0.0","0.0",,,"0","0","0","2024-09-30"
"NewEleven Teacher Appreciation Gifts, Best Teacher Gifts for Women, Funny Teacher Gifts, Birthday Gifts for Teachers - 16Oz Coffee Glass","B0C9C5ZFTG","Kitchen","16",,"47.2","0","0","0","0","0.0",,"0","0","0","0",,"0","0","0","0","0.0",,,,"0","0","0","2024-09-30"
"gvds26746","B0C9D2PHMH","Kitchen","31798",,"15.98","1361","19208","6596","369","1.16","15.98","7","241","69","195","15.98","4","121","40","49","958.8","13.28",,"15.98","1","34","12","2024-09-30"
"NewEleven Care For Products Color Changing 16oz Coffee Glass with Bamboo Lid and Glass Straw | Iced Coffee Cup | Can Shaped Glass with Color Changing Flower Design","B0CBJQHG8B","Kitchen","19",,"66.73","0","0","0","0","0.0",,"0","0","0","0",,"0","0","0","0","0.0",,,,"0","0","0","2024-09-30"
"Coworker Leaving Gifts - Farewell Gifts, Going Away Gift For Coworker - New Job, Goodbye, Good Luck Gifts For Coworkers, Colleagues, Boss, Work Bestie, Women, Friends - 16 Oz Coffee Glass","B0CBJQZCFY","Kitchen","56",,"32.98","0","0","0","0","0.0",,"0","0","0","0",,"0","0","0","0","0.0",,,,"0","0","0","2024-09-30"
"NewEleven Nurse Gifts For Women - Nurse Accessories for Nurses, Nursing Student, Nurse Practitioner, Registered Nurse - Nurse Gifts For Birthday, Appreciation Week, Graduation - 16 Oz Coffee Glass","B0CBJR253J","Kitchen","41",,"32.98","0","0","0","0","0.0",,"0","0","0","0",,"0","0","0","0","0.0",,,,"0","0","0","2024-09-30"
"NewEleven Gifts For Mom From Daughter, Son - Mom Gifts - Birthday Gifts For Mom - Mothers Day Gifts For Mom, Wife, Women - Funny Birthday Presents From Daughter, Son, Husband - 16 Oz Coffee Glass","B0CBJSYJJS","Kitchen","19",,"51.19","0","0","0","1","5.26","51.19","0","0","0","0",,"0","0","0","0","0.0","0.0",,,"0","0","0","2024-09-30"
"Daughter Gift From Mom, Dad - Daughter Gifts, Gifts for Daughters from Mothers, Unique Birthday Gifts for Daughter, Grown Daughter Gift Ideas - 16 Oz Coffee Glass","B0CC5BG2JQ","Kitchen","7",,"51.71","0","0","0","0","0.0",,"0","0","0","0",,"0","0","0","0","0.0",,,,"0","0","0","2024-09-30"
"NewEleven Gifts For Book Lovers - Book Lovers Gifts For Women, Her, Friends - Book Accessories, Bookish Gifts For Writers, Readers, Librarian, Bookaholic, Bookworm – 16 Oz Coffee Glass","B0CCDLWRTD","Kitchen","1268",,"22.98","0","0","116","23","1.81","22.98","0","0","1","8","22.98","0","0","1","2","69.52","8.7",,"22.98","0","0","0","2024-09-30"
"NewEleven Birthday Gifts For Women, Men - Fathers Day Gift For Men, Dad, Husband, Friend - Thank You Gifts, Appreciation Gifts, Graduation Gifts For Men, Nurse, Teacher, Boss, Coworker – 20 Oz Tumbler","B0CDLQFJK6","Kitchen","7",,"68.76","0","0","0","0","0.0",,"0","0","0","0",,"0","0","0","0","0.0",,,,"0","0","0","2024-09-30"
"NewEleven Gifts for Men, Women - Funny Gag Gifts Ideas for Dad, Mom, Grandpa, Grandma, Husband, Wife, Uncle, Him - 40th 50th 60th 70th 80th Birthday Gifts for Men Women – 20 Oz Tumbler","B0CDLQGPKC","Kitchen","195054",,"16.98","11720","121644","36564","1233","0.63","16.98","55","771","246","503","16.98","23","319","97","146","2745.0","11.84",,"16.98","10","98","28","2024-09-30"
"NewEleven Gifts For Men, Women - Funny Gag Gifts Ideas For Dad, Mom, Grandpa, Grandma, Husband, Wife, Uncle, Him - 40th 50th 60th 70th 80th Birthday Gifts For Men Women – 20 Oz Tumbler","B0CDLQQR6L","Kitchen","21",,"53.99","0","0","0","0","0.0",,"0","0","0","0",,"0","0","0","0","0.0",,,,"0","0","0","2024-09-30"
"NewEleven Coworker Leaving Gifts - Farewell Gifts, Going Away Gift For Coworker - New Job Gifts, Goodbye Gifts, Good Luck Gifts For Coworkers, Friends, Boss, Men, Women - 20 Oz Tumbler (Navy)","B0CDLSGXDY","Kitchen","325",,"32.98","0","0","72","1","0.31","32.98","0","0","0","1","32.98","0","0","0","0","0.0","0.0",,,"0","0","0","2024-09-30"
"NewEleven Coworker Gifts For Women – Chaos Coordinator Gifts For Women, Men, Boss, Manager, Coworker - Thank you, Appreciation, Inspirational Gifts For Teacher, Nurse, Social Worker – 20 Oz Tumbler","B0CFQ4CDD5","Kitchen","13",,"47.01","0","0","0","0","0.0",,"0","0","0","0",,"0","0","0","0","0.0",,,,"0","0","0","2024-09-30"
"NewEleven Gifts For Dad - Birthday Gifts For Dad From Daughter, Son, Kids - Husband Gifts - Birthday Present Ideas For Father, Husband, New Dad, Bonus Dad From Daughter, Son - 20 Oz Tumbler","B0CG8N67SJ","Kitchen","47445",,"23.98","1141","26469","10439","619","1.3","23.98","12","332","148","137","23.98","4","68","36","34","825.32","5.49",,"23.98","2","22","6","2024-09-30"
"NewEleven Mothers Day Gifts for Mom, Wife - Gifts for Mom from Daughter, Son, Kids - Unique Birthday Present Ideas for Mom, Mother, Wife, New Mom, Mother from Daughter, Son, Husband - 20 Oz Tumbler","B0CG8NHNWF","Kitchen","37891",,"16.98","2264","24339","6493","554","1.46","16.98","27","351","101","178","16.98","10","111","33","59","1015.4","10.65",,"16.98","2","39","11","2024-09-30"
"Gifts For Wife From Husband - Wife Gifts, Birthday Gifts For Wife - Romantic Anniversary Wedding Gifts For Wife, Her From Husband - Best Bday Presents Ideas For Wife, Her, Women - 20 Oz Tumbler","B0CHFDJGN6","Kitchen","119",,"22.98","0","1","24","1","0.84","22.98","0","0","0","0",,"0","0","0","0","0.0","0.0",,,"0","0","0","2024-09-30"
"NewEleven Gifts For Book Lovers - Book Lovers Gifts For Women - Bookish Gifts for Readers, Librarians, Bookaholics, Bookworms - Birthday Gifts For Women, Her, Best Friend – 20 Oz Tumbler","B0CHFFN9KD","Kitchen","29",,"52.74","0","0","0","1","3.45","52.74","0","0","0","1","52.74","0","0","0","0","0.0","0.0",,,"0","0","0","2024-09-30"
"Gifts For Dad From Daughter, Son, Kids - Christmas Gifts For Dad, Men, Husband - Best Birthday Gifts For Dad, Father, New Dad, Step Dad, Bonus Dad - 20 Oz Tumbler","B0CHJ1V1RR","Kitchen","133",,"22.98","0","0","8","0","0.0",,"0","0","0","0",,"0","0","0","0","0.0",,,,"0","0","0","2024-09-30"
"Gifts For Nurse - Birthday Gifts For Nurse - Best Bday Presents For Mom, Mother, Wife, New Mom, Bonus Mom, Mama From Daughter, Son, Husband - 20 Oz Tumbler","B0CHJ2B24X","Kitchen","12",,"61.2","0","0","0","0","0.0",,"0","0","0","0",,"0","0","0","0","0.0",,,,"0","0","0","2024-09-30"
"Sister Gifts From Sister, Brother - Birthday Gifts For Sister - Best Funny Unique Bday Presents For Big Sister, Little Sister, Sister In Law, Sibling, Best Friend, Bestie, Women - 20Oz Tumbler","B0CHJ2KQ92","Kitchen","35",,"15.98","0","20","12","1","2.86","15.98","0","1","0","1","15.98","0","1","0","1","15.98","100.0",,"15.98","0","1","0","2024-09-30"
"NewEleven Coworker Gifts For Women – Chaos Coordinator Gifts For Women, Men, Boss, Manager, Coworker - Thank you, Appreciation, Inspirational Gifts For Teacher, Nurse, Social Worker – 20 Oz Tumbler","B0CHJ3W9SQ","Kitchen","9",,"79.41","0","0","0","0","0.0",,"0","0","0","0",,"0","0","0","0","0.0",,,,"0","0","0","2024-09-30"
"NewEleven Gifts For Mom, New Mom – 2024 Pregnancy Gifts For First Time Mom, Pregnant Mom, Expecting Mom, Mom To Be, Mama, Mommy To Be - 16 Oz Coffee Glass","B0CJ2BCCG3","Kitchen","193",,"19.79","0","0","0","0","0.0",,"0","0","0","0",,"0","0","0","0","0.0",,,,"0","0","0","2024-09-30"
"NewEleven Gifts For Mom From Daughter, Son, Kids - Birthday Gifts For Mom - Mom Gifts - Best Birthday Gifts Ideas For Mom, New Mom, Mom To Be - 16 Oz Coffee Glass","B0CJ2CKDR8","Kitchen","18",,"58.77","0","0","0","0","0.0",,"0","0","0","0",,"0","0","0","0","0.0",,,,"0","0","0","2024-09-30"
"Aunt Gifts - Gifts For Aunt From Niece, Nephew - Birthday Gifts For Aunt, New Aunt, Auntie - Godmother Gifts, Aunt Announcement, Promoted To Aunt - 16 Oz Coffee Glass","B0CJ2CNDQT","Kitchen","17",,"173.18","0","0","0","0","0.0",,"0","0","0","0",,"0","0","0","0","0.0",,,,"0","0","0","2024-09-30"
"NewEleven 30th Birthday Gifts For Women - 1994 30th Birthday Decorations For Women - 30 Year Old Gifts For Her, Women, Mom, Wife, Sister, Friends - 16 Oz Coffee Glass","B0CJ2CZF3B","Kitchen","43732",,"24.98","1771","28484","8282","429","0.98","24.98","16","288","80","209","24.98","8","153","32","46","1147.08","10.72",,"24.98","2","36","5","2024-09-30"
"NewEleven 40th Birthday Gifts For Women - 1984 40th Birthday Decorations For Women - 40 Year Old Gifts For Her, Women, Mom, Wife, Sister, Friends - 16 Oz Coffee Glass","B0CJ2D7DZJ","Kitchen","43747",,"22.98","1919","26484","9234","436","1.0","22.98","24","244","120","198","22.98","9","118","55","43","1103.04","9.86",,"22.98","2","27","11","2024-09-30"
"NewEleven Gifts For Dad - Cool Dad Gifts From Daughter - Unique Birthday Present Ideas For Dad, Father, Husband, Bonus Dad, Step Dad, New Dad From Daughter, Daughter In Law - 20 Oz Tumbler","B0CJLF7CW6","Kitchen","46",,"62.97","0","0","0","0","0.0",,"0","0","0","0",,"0","0","0","0","0.0",,,,"0","0","0","2024-09-30"
"Christmas Gifts For Aunt - Aunt Gifts From Niece, Nephew - Auntie Gifts - Birthday Gifts For Aunt, New Aunt, Auntie, Promoted To Aunt, Sister – Tote Bag, White, One Size","B0CJLGYNFX","Shoes","30",,"32.98","0","0","0","1","3.33","32.98","0","0","0","0",,"0","0","0","0","0.0","0.0",,,"0","0","0","2024-09-30"
"NewEleven Gifts For Dad - Cool Dad Gifts From Daughter - Unique Birthday Present Ideas For Dad, Father, Husband, Bonus Dad, Step Dad, New Dad From Daughter, Daughter In Law - 20 Oz Tumbler","B0CJLM3SV5","Kitchen","29086",,"24.98","1035","13952","6485","168","0.58","24.98","6","81","34","69","24.98","2","35","16","15","364.7","8.93",,"24.98","1","10","2","2024-09-30"
"NewEleven Mothers Day Gifts for Mom - Birthday Gifts for Mom from Daughter, Son, Kids, Husband - Wife Gifts - Unique Present Ideas for Mom, Mother in Law, Wife, New Mom - 20 Oz Tumbler","B0CJX4XSXB","Kitchen","10302",,"19.98","196","4932","2780","97","0.94","19.98","2","53","21","27","19.98","1","16","6","5","99.9","5.15",,"19.98","0","3","1","2024-09-30"
"Grandpa Gifts - Grandpa Birthday Gifts - Best Birthday Gifts For Papaw, Grandpa, Grandfather, New Grandpa, Promoted To Grandpa From Grandchildren, Grandkids - 20 Oz Tumbler","B0CKYJ8WLN","Kitchen","12",,"43.0","0","0","0","0","0.0",,"0","0","0","0",,"0","0","0","0","0.0",,,,"0","0","0","2024-09-30"
"NewEleven Gifts For New Mom 2024 – Pregnancy Gifts For First Time Mom, Pregnant Mom, Expecting Mom, Mom To Be, Mommy To Be - 16 Oz Coffee Glass","B0CKYKPBNV","Kitchen","22828",,"22.98","318","12451","6006","339","1.49","22.98","3","183","84","105","22.98","2","61","22","14","344.7","4.13",,"22.98","0","5","8","2024-09-30"
"Gifts for Mom from Daughter, Son - Birthday Gifts for Mom - Funny Birthday Cool Present for Mom, Wife, New Mom, Bonus Mom, Mother in Law, Mom to Be from Daughter, Son (Child Favorite Mom)","B0CKYKT79X","Home","86",,"31.95","0","0","0","1","1.16",,"0","0","0","0",,"0","0","0","0","0.0","0.0",,,"0","0","0","2024-09-30"
"NewEleven Birthday Gifts For Women, Men - Inspirational Gifts, Thank You Gifts, Appreciation Gifts, Congratulation Gifts For Women, Men, Friend, Nurse, Teacher, Boss, Coworker - 20 Oz Tumbler","B0CKYL86S1","Kitchen","19",,"52.93","0","0","0","0","0.0",,"0","0","0","0",,"0","0","0","0","0.0",,,,"0","0","0","2024-09-30"
"NewEleven Birthday Gifts For Men Women – Funny Gag Gifts Ideas For Dad, Mom, Grandpa, Grandma, Husband, Wife, Uncle, Him 40th 50th 60th 70th 80th From Daughter, Son, Friends – Beer Mug","B0CKYM1F5V","Kitchen","38",,"75.72","0","0","0","0","0.0",,"0","0","0","0",,"0","0","0","0","0.0",,,,"0","0","0","2024-09-30"
"NewEleven 30th Birthday Gifts For Women - 1994 30th Birthday Decorations For Women - 30 Year Old Gifts For Her, Women, Mom, Wife, Sister, Friends - 16 Oz Coffee Glass","B0CKYM9HQW","Kitchen","17",,"58.51","0","0","0","0","0.0",,"0","0","0","0",,"0","0","0","0","0.0",,,,"0","0","0","2024-09-30"
"NewEleven Gifts For Book Lovers - Teacher Gifts, Book Lovers Gifts For Women, Her, Friends - Bookshelf Cup, Bookish Gifts For Writers, Readers, Librarian, Bookworm – 16 Oz Coffee Glass","B0CKYMNV39","Kitchen","428",,"22.98","0","0","37","9","2.1","22.98","0","0","2","2","22.98","0","0","1","0","0.0","0.0",,,"0","0","0","2024-09-30"
"Aunt Gifts - Gifts For Aunt From Niece, Nephew - Birthday Gifts For Aunt, New Aunt, Auntie - Godmother Gifts, Aunt Announcement, Promoted To Aunt - 16 Oz Coffee Glass","B0CKYMTG4J","Kitchen","352",,"22.98","0","0","69","4","1.14","22.98","0","0","1","1","22.98","0","0","1","0","0.0","0.0",,,"0","0","0","2024-09-30"
"NewEleven 40th Birthday Gifts For Women - 1984 40th Birthday Decorations For Women - 40 Year Old Gifts For Her, Women, Mom, Wife, Sister, Friends - 16 Oz Coffee Glass","B0CKYN27VS","Kitchen","36",,"61.0","0","0","0","0","0.0",,"0","0","0","0",,"0","0","0","0","0.0",,,,"0","0","0","2024-09-30"
"NewEleven Gifts For Men, Women - Funny Gag Gifts Ideas For Dad, Mom, Grandpa, Grandma, Husband, Wife, Uncle, Him - 40th 50th 60th 70th 80th Birthday Gifts For Men Women – 20 Oz Tumbler","B0CLYRNFBT","Kitchen","36",,"41.02","0","0","0","0","0.0",,"0","0","0","0",,"0","0","0","0","0.0",,,,"0","0","0","2024-09-30"
"NewEleven Gifts For Men, Women - Funny Gag Gifts Ideas For Dad, Mom, Grandpa, Grandma, Husband, Wife, Uncle, Him - 40th 50th 60th 70th 80th Birthday Gifts For Men Women – 20 Oz Tumbler","B0CLYSGX7Q","Kitchen","72",,"41.84","0","0","0","1","1.39","52.8","0","0","0","0",,"0","0","0","0","0.0","0.0",,,"0","0","0","2024-09-30"
"50th Birthday Gifts For Women - Vintage 1974 50th Birthday Decorations For Women - Best 50 Year Old Gifts Ideas For Wife, Mom, Grandma, Friends - Turning 50 Presents For Female - 16 Oz Wine Glass","B0CM5QBW1Z","Kitchen","65",,"62.61","0","0","0","0","0.0",,"0","0","0","0",,"0","0","0","0","0.0",,,,"0","0","0","2024-09-30"
"NewEleven Fathers Day Gift For Dad - Birthday Gifts For Dad From Daughter - Husband Gifts - Unique Birthday Present Ideas For Father, Husband, New Dad, Bonus Dad From Daughter - 20 Oz Tumbler","B0CM5R5BDX","Kitchen","132",,"32.98","0","0","24","0","0.0",,"0","0","0","0",,"0","0","0","0","0.0",,,,"0","0","0","2024-09-30"
"NewEleven Gifts For Dad - Birthday Gifts For Dad From Daughter, Son, Kids - Husband Gifts - Birthday Present Ideas For Father, Husband, New Dad, Bonus Dad From Daughter, Son - 20 Oz Tumbler","B0CM5RJ8VD","Kitchen","92325",,"23.98","3745","52168","21013","1250","1.35","23.98","33","669","333","316","23.98","9","170","76","76","1858.46","6.08",,"23.98","2","49","12","2024-09-30"
"NewEleven Fathers Day Gift For Dad - Birthday Gifts For Dad From Daughter - Husband Gifts - Unique Birthday Present Ideas For Father, Husband, New Dad, Bonus Dad From Daughter - 20 Oz Tumbler","B0CM5RY3QS","Kitchen","2060",,"32.98","0","6","506","11","0.53","32.98","0","0","4","2","32.98","0","0","1","0","0.0","0.0",,,"0","0","0","2024-09-30"
"NewEleven 60th Birthday Gifts For Women, Her - Vintage 1964 60th Birthday Decorations For Women - 60 Year Old Present Ideas For Wife, Mom, Grandma, Friends, Female - 16 Oz Wine Glass","B0CM5SQT4T","Kitchen","54",,"58.51","0","0","0","0","0.0",,"0","0","0","0",,"0","0","0","0","0.0",,,,"0","0","0","2024-09-30"
"NewEleven 40th Birthday Gifts For Men Women - 1984 40th Birthday Decorations For Men Women - Turning 40-40 Year Old Gifts For Men, Women, Mom, Dad, Wife, Husband - 20 Oz Tumbler","B0CN8ZK2X8","Kitchen","117053",,"19.98","5140","68994","27172","1176","1.0","19.98","44","692","264","598","19.98","29","340","128","196","4352.02","16.67",,"19.98","6","123","41","2024-09-30"
"NewEleven 60th Birthday Gifts For Men Women - 1964 60th Birthday Decorations For Men Women - Turning 60-60 Year Old Gifts For Men, Women, Mom, Dad, Wife, Husband - 20 Oz Tumbler","B0CN8ZP46N","Kitchen","81022",,"24.98","2571","30265","26267","827","1.02","24.98","27","339","274","345","24.98","12","144","111","117","2976.34","14.15",,"24.98","8","52","31","2024-09-30"
"40th Birthday Gifts For Men Women - 1984 40th Birthday Decorations For Men Women - Gifts For Men Women Turning 40 - 40 Year Old Gifts For Men, Women, Mom, Dad, Wife, Husband - 20 Oz Tumbler Navy","B0CN92WPN9","Kitchen","68",,"62.7","0","0","0","1","1.47","60.21","0","0","0","0",,"0","0","0","0","0.0","0.0",,,"0","0","0","2024-09-30"
"NewEleven 50th Birthday Gifts for Men Women - 1974 50th Birthday Decorations for Men Women - Gifts for Men Women Turning 50-50 Year Old Gifts for Men, Women, Mom, Dad, Wife, Husband - 20 Oz Tumbler","B0CN93621G","Kitchen","224957",,"24.98","8647","133440","46653","2085","0.93","24.98","92","1179","458","867","24.98","35","476","200","314","8606.46","15.06",,"24.98","16","178","62","2024-09-30"
"NewEleven 60th Birthday Gifts For Men Women - 1964 60th Birthday Decorations For Men Women - Gifts For Men Women Turning 50-50 Year Old Gifts For Men, Women, Mom, Dad, Wife, Husband - 20 Oz Tumbler","B0CN93CWYD","Kitchen","36",,"60.21","0","0","0","0","0.0",,"0","0","0","0",,"0","0","0","0","0.0",,,,"0","0","0","2024-09-30"
"NewEleven 50th Birthday Gifts For Men Women - 1974 50th Birthday Decorations For Men Women - Gifts For Men Women Turning 50-50 Year Old Gifts For Men, Women, Mom, Dad, Wife, Husband - 20 Oz Tumbler","B0CN93LZ5M","Kitchen","66",,"55.07","0","0","0","1","1.52","54.34","0","0","0","0",,"0","0","0","0","0.0","0.0",,,"0","0","0","2024-09-30"
"NewEleven Mothers Day Gifts for Grandma - Grandma Gifts from Granddaughter, Grandson - Birthday Gifts for Grandma, Nana, Gigi, Mimi, Grammy from Grandchildren, Grandchild - 20 Oz Tumbler","B0CQ2K12H3","Kitchen","24897",,"16.98","1081","15476","5091","420","1.69","16.98","15","268","89","123","16.98","4","90","21","30","468.36","7.14",,"11.98","1","21","6","2024-09-30"
"NewEleven Gifts For Grandpa - Grandpa Gifts From Granddaughter, Grandson - Unique Birthday Present Ideas For Grandfather, New Grandpa, Promoted To Grandpa, Grandchildren - 20 Oz Tumbler","B0CQ4X98YF","Kitchen","15738",,"17.98","698","9094","3611","157","1.0","17.98","3","79","50","51","17.98","2","30","11","14","266.1","8.92",,"17.98","0","6","6","2024-09-30"
"Aunt Gifts - Gifts For Aunt From Niece, Nephew - Birthday Gifts For Aunt, New Aunt, Auntie, To Be Aunt, Aunt Announcement, Promoted To Aunt - 16 Oz Coffee Glass","B0CQJZP6TK","Kitchen","91",,"58.51","0","0","0","0","0.0",,"0","0","0","0",,"0","0","0","0","0.0",,,,"0","0","0","2024-09-30"
"NEWELEVEN Christmas Gifts for Mum, Wife from Daughter, Son, Kids, Husband - Mum Gifts - Unique Birthday Gifts for Mum, Mother, Wife, New Mum, Bonus Mum, Pregnant Mum - 20 Oz Tumbler","B0CQLL3M3G","Kitchen","1",,,"0","0","0","0","0.0",,"0","0","0","0",,"0","0","0","0","0.0",,,,"0","0","0","2024-09-30"
"NewEleven Birthday Gifts For Men Women – Funny Gag Gifts Ideas For Dad, Mom, Grandpa, Grandma, Husband, Wife, Uncle, Him 40th 50th 60th 70th 80th From Daughter, Son, Friends – 20 Oz Tumbler Navy","B0CRDBWL19","Kitchen","30",,"44.48","0","0","0","0","0.0",,"0","0","0","0",,"0","0","0","0","0.0",,,,"0","0","0","2024-09-30"
"NewEleven 40th Birthday Gifts For Women Men - 40th Birthday Decorations For Men Women - 1984 Gifts For Men Women Turning 40-40-Year-Old Gifts For Mom, Dad, Wife, Husband - 20 Oz Tumbler","B0CRDCNJ39","Kitchen","41",,"51.71","0","0","0","1","2.44","51.71","0","0","0","0",,"0","0","0","0","0.0","0.0",,,"0","0","0","2024-09-30"
"NewEleven Gifts For Men, Birthday Gifts For Men, Funny Gifts For Dad, Husband, Grandpa, Uncle, Old Men - Cool Gifts For Dad From Daughter, Son– 20 Oz Tumbler","B0CRDFWF44","Kitchen","117",,"20.35","3","29","21","3","2.56","20.35","1","0","1","1","20.35","0","0","0","0","0.0","0.0",,,"0","0","0","2024-09-30"
"NewEleven Best Friend Gift For Women - Birthday Gifts for Women Friendship - Unique Friendship Gifts For Women, Friend, Bestie, Bff, Soul Sister, Work Bestie - 16 Oz Coffee Glass","B0CRKQR2KF","Kitchen","24",,"49.4","0","0","0","0","0.0",,"0","0","0","0",,"0","0","0","0","0.0",,,,"0","0","0","2024-09-30"
"Christmas Gifts for Grandma - Grandma Gifts from Granddaughter, Grandson - Unique Birthday Present Ideas for Grandma, Nana, Gigi, Mimi, Grammy from Grandchildren, Grandchild - 20 Oz Tumbler","B0CRKR75LJ","Kitchen","13834",,"11.98","194","5647","2163","190","1.37","11.98","4","81","29","55","11.98","1","27","8","26","347.48","13.68",,"11.98","1","16","1","2024-09-30"
"NewEleven Gifts For Wife - Romantic Anniversary Gifts For Women, Wife - Birthday Gift Ideas For Wife From Husband - 16 Oz Coffee Glass","B0CRKRWNGZ","Kitchen","1",,"47.55","0","0","0","0","0.0",,"0","0","0","0",,"0","0","0","0","0.0",,,,"0","0","0","2024-09-30"
"NewEleven Boy Mom Gifts For Mom, New Mom - Gifts For a Mom of Boys, Pregnant Mom, Expecting Mom, Mama, Mom To Be, Mommy To Be - 16 Oz Coffee Glass","B0CRVTN11L","Kitchen","90497",,"22.98","3259","52664","20470","1087","1.2","22.98","43","651","233","569","22.98","25","329","121","99","2298.0","9.11",,"22.98","8","61","23","2024-09-30"
"NewEleven Gifts For Brother From Sister, Brother - Gifts For Brother - Best Birthday Gifts For Brother, Big Brother, Little Brother, Siblings, Brother In Law, Men - 20 Oz Tumbler Black","B0CSPDT7PB","Kitchen","4",,"47.64","0","0","0","0","0.0",,"0","0","0","0",,"0","0","0","0","0.0",,,,"0","0","0","2024-09-30"
"NewEleven Gifts For Women - Funny Gag Gifts Ideas For Mom, Grandma, Wife, Her, Sister, Coworker - 40th 50th 60th 70th 80th Birthday Gifts For Women – 20 Oz Tumbler","B0CT8JTMF8","Kitchen","60",,"46.72","0","0","0","0","0.0",,"0","0","0","0",,"0","0","0","0","0.0",,,,"0","0","0","2024-09-30"
"NewEleven 80th Birthday Gifts For Men Women - 1944 80th Birthday Decorations For Men Women - Gifts For Men Women Turning 80-80 Year Old Gifts For Men, Women - 20 Oz Tumbler Navy","B0CT8N6CSJ","Kitchen","10",,"59.93","0","0","0","1","10.0","59.93","0","0","0","1","59.93","0","0","0","0","0.0","0.0",,,"0","0","0","2024-09-30"
"NewEleven 70th Birthday Gifts For Men Women - 1954 70th Birthday Decorations For Men Women - Gifts For Men Women Turning 70-70 Year Old Gifts For Men, Women - 20 Oz Tumbler Navy","B0CT8NQBN5","Kitchen","35",,"56.38","0","0","0","0","0.0",,"0","0","0","0",,"0","0","0","0","0.0",,,,"0","0","0","2024-09-30"
"NewEleven Friendship Gifts for Women Friends, Best Friend Gift For Women, Birthday Gifts For Women Friendship, Friends, Female, Best Friend, Bestie, BFF - 16 Oz Coffee Glass","B0CW9PRMCJ","Kitchen","140",,"22.98","0","0","27","2","1.43","22.98","0","0","0","0",,"0","0","0","0","0.0","0.0",,,"0","0","0","2024-09-30"
"NewEleven Bridal Shower Gifts - Engagement Gift For Bride To Be - Wedding Gifts, Bachelorette Gifts For Bride, Women, Her, Fiancee, Wifey - 16 Oz Wine Glass","B0CWNTB4ZP","Kitchen","58",,"49.74","0","0","0","0","0.0",,"0","0","0","0",,"0","0","0","0","0.0",,,,"0","0","0","2024-09-30"
"NewEleven Retirement Gifts For Women 2024 - Happy Retirement Party Decorations - Coworker Leaving Gifts, Farewell Gifts, Goodbye Gifts For Coworkers, Friends - 16 Oz Wine Glass","B0CWNTN1JN","Kitchen","33",,"64.65","0","0","0","0","0.0",,"0","0","0","0",,"0","0","0","0","0.0",,,,"0","0","0","2024-09-30"
"NewEleven Mothers Day Gifts For Aunt From Niece, Nephew - Cool Gifts For Aunt, New Aunt, Auntie, Sister - Aunt Birthday Gift, Aunt Announcement, Promoted To Aunt, Best Aunt Ever - 20 Oz Tumbler","B0CWTR4RFZ","Kitchen","60",,"51.71","0","0","0","0","0.0",,"0","0","0","0",,"0","0","0","0","0.0",,,,"0","0","0","2024-09-30"
"NewEleven Gifts For Grandpa - Grandpa Birthday Gifts From Granddaughter, Grandson - Unique Birthday Present Ideas For Grandfather, New Grandpa, Promoted To Grandpa - 14 Oz Tumbler Navy","B0CXXCSPC2","Kitchen","47",,"22.98","0","0","12","0","0.0",,"0","0","0","0",,"0","0","0","0","0.0",,,,"0","0","0","2024-09-30"
"NewEleven Gifts For Dad, Men - Funny Birthday Gifts For Dad, Husband - Gift Idea For Father, New Dad, Bonus Dad, Husband, Uncle From Daughter, Son Stainless Steel Travel Mug with Lid - 14 Oz Tumbler","B0CXXG46HR","Kitchen","117",,"22.98","0","0","24","1","0.85","22.98","0","0","0","0",,"0","0","0","0","0.0","0.0",,,"0","0","0","2024-09-30"
"NewEleven 65th Birthday Gifts For Men Women - 1959 65th Birthday Decorations For Men Women - Gifts For Men Women Turning 65-65 Year Old Gifts For Men, Women, Mom, Dad, Wife, Husband - 20 Oz Tumbler","B0CXXGHSYH","Kitchen","295",,"59.93","0","0","0","1","0.34","59.93","0","0","0","1","59.93","0","0","0","0","0.0","0.0",,,"0","0","0","2024-09-30"
"NEWELEVEN Birthday Gifts For Coworker Women â€“ Work Bestie Gifts For Women Friendship - Unique Present Ideas For Coworker Leaving, Going Away, Goodbye, Farewell Party â€“ 16 Oz Coffee Glass","B0CXXJ751C","Kitchen","6143",,"27.59","0","2","1080","185","3.01","27.54","0","0","46","47","22.98","0","0","11","6","154.28","3.24",,"22.98","0","0","3","2024-09-30"
"NewEleven 50th Birthday Gifts For Women - 1974 50th Birthday Decorations For Women - Gifts For Women Turning 50-50 Year Old Gifts For Women - 20 Oz Tumbler","B0CXXM1YD1","Kitchen","20",,"58.77","0","0","0","0","0.0",,"0","0","0","0",,"0","0","0","0","0.0",,,,"0","0","0","2024-09-30"
"NewEleven 75th Birthday Gifts For Men Women - 1949 75th Birthday Decorations For Men Women - Gifts For Men Women Turning 75-75 Year Old Gifts For Men, Women - 20 Oz Tumbler","B0CXXN8G72","Kitchen","105",,"62.7","0","0","0","1","0.95","63.15","0","0","0","0",,"0","0","0","0","0.0","0.0",,,"0","0","0","2024-09-30"
"NewEleven Dad Gifts From Daughter Son - Fishing Gifts For Men, Fathers Day Mug Gifts For Fisherman, Dad - Birthday Gifts For Dad, Men, Husband - 20 Oz Tumbler","B0CY4MC1GJ","Kitchen","17",,"56.59","0","0","0","0","0.0",,"0","0","0","0",,"0","0","0","0","0.0",,,,"0","0","0","2024-09-30"
"NewEleven Gift For Men, Dad, Husband, Him - Aprons For Men With Pockets, What Happens Apron, One Size","B0CY4VFW91","Apparel","1",,,"0","0","0","0","0.0",,"0","0","0","0",,"0","0","0","0","0.0",,,,"0","0","0","2024-09-30"
"NewEleven 30th Birthday Gifts For Women - 30s Birthday Decorations For Women - 30 Year Old Gifts For Her, Women, Sister, Mom, Daughter, Best Friend - In My Thirties Era Glass - 16 Oz Coffee Glass","B0CYPT8HM7","Kitchen","183",,"55.56","0","0","0","1","0.55","55.56","0","0","0","0",,"0","0","0","0","0.0","0.0",,,"0","0","0","2024-09-30"
"NewEleven 40th Birthday Gifts For Women - 40s Birthday Decorations For Women - 40 Year Old Gifts For Her, Women, Sister, Mom, Daughter, Best Friend - In My Forties Era Glass - 16 Oz Coffee Glass","B0CYPWBV21","Kitchen","176",,"43.05","0","0","0","0","0.0",,"0","0","0","0",,"0","0","0","0","0.0",,,,"0","0","0","2024-09-30"
"NewEleven 40th Birthday Gifts For Women - 40th Birthday Decorations For Women, Her - Best 40 Year Old Gifts Ideas For Wife, Mom, Friends, Sister - Turning 40 Presents For Female - 12 Oz Tumbler","B0CYS94K31","Kitchen","28",,"57.99","0","0","0","0","0.0",,"0","0","0","0",,"0","0","0","0","0.0",,,,"0","0","0","2024-09-30"
"NewEleven Birthday Gifts for Women, Funny Gifts for Best Friend Women - My Last Nerve Candle - Unique Birthday Gifts for Women, Her, Mom, BFF, Sister - 16 Oz Candle","B0CYSGX6DF","Home","51",,"65.26","0","0","0","0","0.0",,"0","0","0","0",,"0","0","0","0","0.0",,,,"0","0","0","2024-09-30"
"50th Birthday Gifts for Men Women - 1974 50th Birthday Decorations for Men Women - Gifts for Men Women Turning 50-50 Year Old Gifts for Men, Women, Mom, Dad, Wife, Husband - 8 Oz Candle","B0CYSPFVG9","Home","17",,,"0","0","0","0","0.0",,"0","0","0","0",,"0","0","0","0","0.0",,,,"0","0","0","2024-09-30"
"NewEleven Bridal Shower Gifts - Wedding Gifts For Bride - Bride To Be, Bachelorette Party, Engagement Gifts For Women - Bride Gifts For Bride To Be, Fiancee, Wifey, Her - 16 Oz Coffee Glass","B0CYSTZG5R","Kitchen","64",,"43.05","0","0","0","0","0.0",,"0","0","0","0",,"0","0","0","0","0.0",,,,"0","0","0","2024-09-30"
"NewEleven Dad Gifts From Daughter Son - Fishing Gifts For Men, Dad, Fathers Day Cup Gifts For Fisherman, Father - Birthday Gifts For Dad, Men, Husband - 20 Oz Tumbler","B0CZDN36VK","Kitchen","28",,"51.71","0","0","0","0","0.0",,"0","0","0","0",,"0","0","0","0","0.0",,,,"0","0","0","2024-09-30"
"NewEleven Gifts for Men, Women - Funny Gag Gifts Ideas for Dad, Mom, Grandpa, Grandma, Husband, Wife, Uncle, Him - 40th 50th 60th 70th 80th Birthday Gifts for Men Women – Trucker Hat, 1974 Black","B0CZDP6TCN","Apparel","1",,,"0","0","0","0","0.0",,"0","0","0","0",,"0","0","0","0","0.0",,,,"0","0","0","2024-09-30"
"NewEleven Gifts For Book Lovers - Book Lovers Gifts For Women - Bookish Gifts for Readers, Librarians, Bookaholics, Bookworms - Birthday Gifts For Women, Her, Best Friend – 16 Oz Coffee Glass","B0CZDV6J3V","Kitchen","30",,"47.55","0","0","0","1","3.33","43.25","0","0","0","0",,"0","0","0","0","0.0","0.0",,,"0","0","0","2024-09-30"
"NewEleven 90th Birthday Gifts for Women Men - 9 0 Year Old Gifts for Men, Women, Mom, Dad, Wife, Husband - Retro Trucker Hat, 1974 Black White, One Size","B0CZLB14XY","Apparel","1",,,"0","0","0","0","0.0",,"0","0","0","0",,"0","0","0","0","0.0",,,,"0","0","0","2024-09-30"
"NewEleven Gifts For Nurse - Nurse Gifts For Women - Nurse Appreciation Gifts For Nurses, Nursing Student, Nurse Practitioner, Registered Nurse - RN Gifts For Nurses Women - 16 Oz Coffee Glass","B0D1GF81G8","Kitchen","16",,"78.41","0","0","0","0","0.0",,"0","0","0","0",,"0","0","0","0","0.0",,,,"0","0","0","2024-09-30"
"NewEleven 40th Birthday Gifts Women Men - 1984 40th Birthday Decorations For Men Women - Gifts For Men Women Turning 40-40 Year Old Gifts For Men, Women, Mom, Dad, Wife, Husband - 20 Oz Tumbler","B0D1GH6WJ6","Kitchen","65",,"58.77","0","0","0","0","0.0",,"0","0","0","0",,"0","0","0","0","0.0",,,,"0","0","0","2024-09-30"
"NewEleven Gifts For Teacher - Teacher Gifts For Women - Teacher Appreciation Gifts, Thank You Teacher Gifts, Teacher Retirement Gifts - End Of Year Teacher Gifts From Student - 16 Oz Coffee Glass","B0D1GHNG9D","Kitchen","14",,"60.7","0","0","0","0","0.0",,"0","0","0","0",,"0","0","0","0","0.0",,,,"0","0","0","2024-09-30"
"NewEleven Girl Mom Gifts For Mom, New Mom - Gifts For a Mom of Girls, Pregnant Mom, Expecting Mom, Mama, Mom To Be, Mommy To Be, First Time Mom - 16 Oz Coffee Glass","B0D1K731RT","Kitchen","10",,"58.77","0","0","0","0","0.0",,"0","0","0","0",,"0","0","0","0","0.0",,,,"0","0","0","2024-09-30"
"NewEleven 21st Birthday Gifts For Women, Her - 2003 21st Birthday Decorations For Her - 21st Birthday Ideas For Women, Her, Daughter, Sister, Best Friends - 16 Coffee Glass","B0D39T2MVK","Kitchen","7",,"74.61","0","0","0","0","0.0",,"0","0","0","0",,"0","0","0","0","0.0",,,,"0","0","0","2024-09-30"
"NewEleven Retirement Gift For Woman 2024 - Happy Retirement Gifts - Coworker Leaving Gifts, Farewell Gifts, Retirement Decorations, Farewell Goodbye Gifts For Coworkers, Friends - 16 Oz Wine Glass","B0D3HMQK45","Kitchen","20",,"82.86","0","0","0","0","0.0",,"0","0","0","0",,"0","0","0","0","0.0",,,,"0","0","0","2024-09-30"
"NewEleven Gifts For Wife From Husband - Romantic Anniversary Wedding Gifts For Wife, Her From Husband - Best Presents Idea For Wife, Women - 16 Oz Coffee Glass","B0D4QDCBRF","Kitchen","271",,"25.74","0","0","11","9","3.32","25.78","0","0","2","2","16.0","0","0","0","0","0.0","0.0",,,"0","0","0","2024-09-30"
"NewEleven Bridal Shower Gifts - Wedding Gifts For Bride, Her - Bride To Be, Bachelorette Gifts, Engagement Gifts For Women - Bride Gifts For Bride To Be, Fiancee, Wifey, Her - 20 Oz Tumbler","B0D4QG5X87","Kitchen","1399",,"22.98","0","4","191","19","1.36","22.98","0","0","0","4","22.98","0","0","0","1","33.18","5.26",,"33.18","0","0","0","2024-09-30"
"NewEleven Bridal Shower Gifts - Wedding Gifts For Bride - Bride To Be, Bachelorette Party, Engagement Gifts For Women - Bride Gifts For Bride To Be, Fiancee, Wifey, Her - 16 Oz Coffee Glass","B0D4QKXVTN","Kitchen","37",,"69.98","0","0","0","0","0.0",,"0","0","0","0",,"0","0","0","0","0.0",,,,"0","0","0","2024-09-30"
"NewEleven 50th Birthday Gifts For Women - 1974 50th Birthday Decorations For Women - Gifts For Women Turning 50-50 Year Old Gifts For Women - 12 Oz Tumbler","B0D5YHG24C","Kitchen","16",,"71.57","0","0","0","0","0.0",,"0","0","0","0",,"0","0","0","0","0.0",,,,"0","0","0","2024-09-30"
"Thank You Gifts Never Forget The Difference That You Make Ceramic Ornament Keepsake Sign Heart Plaque Farewell Going Away Goodbye Appreciation Retirement Gifts for Women Men Coworker Boss Friend","B0D5ZVC8SM","Home","2",,"50.2","0","0","0","0","0.0",,"0","0","0","0",,"0","0","0","0","0.0",,,,"0","0","0","2024-09-30"
"Difference Maker Gifts for Women - Christmas, Birthday Gifts for Women, Thank You Gifts for Boss, Leader, Employee Appreciation Gifts for Coworkers, Teachers - Candle","B0D72QM578","Home","3",,"71.23","0","0","0","0","0.0",,"0","0","0","0",,"0","0","0","0","0.0",,,,"0","0","0","2024-09-30"
"Pet Sympathy Gift - Loss of Dog Gift - Loss of Pet Gift - Soy Candle - Loss of Animal - Pet Passing - Pet Memorial Gift - Loss of Cat - Candle","B0D82XJDLM","Home","4",,"69.04","0","0","0","0","0.0",,"0","0","0","0",,"0","0","0","0","0.0",,,,"0","0","0","2024-09-30"
"NewEleven 50th Birthday Gifts For Men Women - 1975 50th Birthday Decorations For Men Women - Gifts For Men Women Turning 50-50 Year Old Gifts For Men, Women, Mom, Dad, Wife, Husband - 20 Oz Tumbler","B0DH7YGD9Q","Kitchen","5",,"54.32","0","0","0","0","0.0",,"0","0","0","0",,"0","0","0","0","0.0",,,,"0","0","0","2024-09-30"
"NewEleven 50th Birthday Gifts For Men Women - 1975 50th Birthday Decorations For Men Women - Gifts For Men Women Turning 50-50 Year Old Gifts For Men, Women, Mom, Dad, Wife, Husband - 20 Oz Tumbler","B0DH83T7MF","Kitchen","2",,"40.73","0","0","0","0","0.0",,"0","0","0","0",,"0","0","0","0","0.0",,,,"0","0","0","2024-09-30"
