Reporting Range=["Quarterly"],Select year=["2023"],Select quarter=["2"],Brand=["NEWELEVEN"]
"ASIN Title",ASIN,Category,"Impressions: Impressions","Impressions: Rating (Median)","Impressions: Price (Median)","Impressions: Same Day Shipping Speed","Impressions: 1D Shipping Speed","Impressions: 2D Shipping Speed","Clicks: Clicks","Clicks: Click Rate (CTR)","Clicks: Price (Median)","Clicks: Same Day Shipping Speed","Clicks: 1D Shipping Speed","Clicks: 2D Shipping Speed","Cart Adds: Cart Adds","Cart Adds: Price (Median)","Cart Adds: Same Day Shipping Speed","Cart Adds: 1D Shipping Speed","Cart Adds: 2D Shipping Speed","Purchases: Purchases","Purchases: Search Traffic Sales","Purchases: Conversion Rate %","Purchases: Rating (Median)","Purchases: Price (Median)","Purchases: Same Day Shipping Speed","Purchases: 1D Shipping Speed","Purchases: 2D Shipping Speed","Reporting Date"
"NewEleven Sister Gifts from Sister, Brother - Birthday Gifts For Sister - Gifts For Sister, Soul Sister, Big Sister, Little Sister, Sister In Law, Bestie, BFF, Women - 12 Oz Tumbler","B07W5KH9PJ","Kitchen","165772",,"16.98","17935","82871","40503","1917","1.16","16.98","222","949","453","316","16.98","44","141","73","78","1408.22","4.07",,"16.98","15","31","15","2023-06-30"
"Gifts For Mom From Daughter, Son, Kids - Mothers Day Gifts For Mom, Women, Wife - Funny Best Birthday Gifts Ideas For Mom, Mother, Wife, New Mom, Bonus Mom, Mom To Be, Mother In Law - 12 Oz Tumbler","B07Y7ZQ265","Kitchen","6580175",,"19.98","2113397","2709071","1086508","39066","0.59","19.98","12050","15683","6890","11704","19.98","3749","4742","1861","3843","86711.75","9.84",,"19.98","1242","1626","561","2023-06-30"
"30th Birthday Gifts For Her - 1993 30th Birthday Decorations For Women Her - 30 Year Old Gifts, 30 Birthday Idea Presents For Women, Her, Wife, Daughter, Girlfriend, Friends, Sisters - 12 Oz Tumbler","B085DT7SXL","Kitchen","94054",,"19.98","16663","50705","19477","616","0.65","19.98","111","354","114","300","16.98","61","167","49","111","2084.7","18.02",,"16.98","26","62","18","2023-06-30"
"Gifts for Dad from Daughter, Son, Kids - Birthday Gifts for Dad, New Dad - Fathers Day Gift for Dad, Husband, Men - Best Dad Bday Present Idea for a Father, Men, Him - Dad Mug, 20 Oz Tumbler","B088GX79HT","Kitchen","1902369",,"16.98","591377","513625","195476","10982","0.58","16.98","3559","3010","1151","3305","16.98","1084","794","254","1058","22636.13","9.63",,"16.98","406","245","68","2023-06-30"
"40th Birthday Gifts For Women - Vintage 1983 40th Birthday Decorations For Women, Her - Best 40 Year Old Gifts Ideas For Wife, Mom, Friends, Sister - Turning 40 Presents For Female - 12Oz Wine Tumbler","B089QFK8NV","Kitchen","231335",,"17.98","26536","123185","58594","2346","1.01","17.98","239","1251","657","1048","17.98","113","561","285","441","8121.86","18.8",,"17.98","51","243","114","2023-06-30"
"50th Birthday Gifts For Women - 1973 50th Birthday Decorations For Women - Gifts For Women Turning 50 - 50 Year Old Gifts For Women, Mom, Wife, Friends - 12 Oz Wine Tumbler (Fifty And Fabulous)","B089QFYLFB","Kitchen","83241",,"19.98","8100","39021","27445","660","0.79","19.98","73","320","215","269","19.98","34","132","86","88","1818.18","13.33",,"19.98","11","45","29","2023-06-30"
"Aprons For Men With Pockets - Fathers Day Gift For Dad, Men, Grandpa, Uncle, Brother - Birthday Gifts For Men, Dad, Papa, Husband, Grandpa, Uncle, Boyfriend, Him - Grill Cooking BBQ Kitchen Chef Apron","B08CDFWN1Q","Home","612130",,"16.98","0","0","0","7715","1.26","14.98","0","0","0","2366","14.98","0","0","0","958","16907.88","12.42",,"16.98","0","0","0","2023-06-30"
"NewEleven 21st Birthday Gifts For Women - 2002 21st Birthday Decorations For Women - Gifts For Women Turning 21 - 21 Year Old Birthday Gifts For Her, Daughter, Sisters, Friends - 12 oz Wine Tumbler","B08R8NVFHH","Kitchen","60912",,"19.98","7568","30756","15181","302","0.5","19.98","46","146","77","105","19.98","17","53","24","33","707.28","10.93",,"19.98","6","15","10","2023-06-30"
"Gifts For Grandma - Grandma Birthday Gifts - Mothers Day Gifts For Grandma, Grandmother, First Time Grandma, Nana, Gigi, Mimi, Grammy From Grandchildren, Granddaughter, Grandson - 12 Oz Wine Tumbler","B08R8P65YM","Kitchen","455557",,"16.98","79027","209665","107499","2547","0.56","16.98","433","1148","614","751","16.98","140","334","178","224","4129.38","8.79",,"16.98","44","107","51","2023-06-30"
"Aunt Gifts - Aunt Birthday Gift - Mothers Day Gifts For Aunt From Niece, Nephew - Best Aunt Ever Gifts, Best Auntie Gifts For Aunt, Aunt Announcement, Promoted To Aunt - 12 Oz Wine Tumbler","B08R8P896F","Kitchen","210788",,"16.98","28259","91579","31431","1506","0.71","16.98","214","647","252","592","16.98","91","254","92","197","3224.86","13.08",,"16.98","34","91","26","2023-06-30"
"60th Birthday Gifts For Women - 1963 60th Birthday Decorations For Women - Birthday Gifts For 60 Year Old Woman - 60 Years Old Gifts Ideas For Women Turning 60, Mom, Wife, Friends- 12 oz Wine Tumbler","B08R8PXYL6","Kitchen","112673",,"19.98","15193","59462","28001","810","0.72","19.98","113","434","207","368","19.98","51","207","88","139","3096.9","17.16",,"19.98","20","79","34","2023-06-30"
"40th Birthday Gifts For Men Women - 1983 40th Birthday Decorations For Men Women - Gifts For Women Turning 40 - 40 Year Old Birthday Gifts For Men, Women, Dad, Mom, Husband, Wife - 20 Oz Tumbler","B08R8R2LQF","Kitchen","346019",,"20.98","49130","162383","88851","2945","0.85","20.98","476","1394","718","1366","20.98","244","647","310","518","10608.85","17.59",,"20.98","107","249","105","2023-06-30"
"Bride To Be Gifts For Her - Wedding Gifts For Bride - Bridal Shower Gift, Bachelorette Gifts For Bride - Engagement Gifts For Women - Bridal Gifts For Bride To Be, Fiancee - 12oz Wine Tumbler","B08R8R7T36","Kitchen","513526",,"17.98","39993","176822","157552","1896","0.37","17.98","160","632","512","861","17.98","72","287","208","216","3931.68","11.39",,"17.98","22","77","44","2023-06-30"
"Retirement Gifts For Women 2023 - Retired Gifts For Women - Retirement Party Decorations - Fun Retirement Gifts For Women, Retired People, Coworkers, Friends - 12 Oz Wine Tumbler","B08R8SSBWV","Kitchen","117533",,"18.98","9625","59656","32953","988","0.84","18.98","94","479","295","245","18.98","30","122","66","89","1727.18","9.01",,"18.98","8","47","23","2023-06-30"
"NewEleven 50th Birthday Gifts For Men Women - 1973 50th Birthday Decorations For Men Women - Gifts For Women Turning 50 - 50 Year Old Gifts For Men, Women, Mom, Dad, Wife, Husband - 20 Oz Tumbler","B08R8SW1NM","Kitchen","72004",,"13.98","6222","32627","20864","762","1.06","13.98","50","377","227","394","13.98","31","192","117","189","3173.58","24.8",,"13.98","19","108","44","2023-06-30"
"Coworker Leaving Gifts - Farewell Gifts, Going Away Gift For Coworker - New Job, Goodbye, Good Luck Gifts For Coworkers, Colleagues, Boss, Men, Women, Friends - 20 Oz Tumbler","B08Y8RZRHG","Kitchen","189853",,"16.98","19174","73636","62839","2684","1.41","16.98","292","1038","922","589","16.98","79","240","175","246","4105.96","9.17",,"16.98","38","94","70","2023-06-30"
"NewEleven Gifts For Mom From Daughter, Son - Mom Gifts - Birthday Gifts For Mom - Mothers Day Gifts For Mom, Wife, Women - Funny Birthday Presents From Daughter, Son, Husband - 20 Oz Wine Tumbler","B08ZKX6YK9","Kitchen","1840854",,"16.98","448008","966868","264952","11647","0.63","16.98","2894","6004","1718","2769","16.98","722","1409","385","827","16065.41","7.1",,"16.98","215","418","118","2023-06-30"
"Gifts for Dad from Daughter, Son, Kids - Birthday Gifts for Dad - Fathers Day Gift for Dad, Husband, Men - Best Dad Bday Present Idea for Father, Bonus Dad from Daughter, Son, Wife - 20 Oz Tumbler","B08ZKZ1FJK","Kitchen","2047324",,"19.98","494529","673607","288932","12829","0.63","17.98","3185","4231","1966","3889","17.98","1009","1133","462","1070","23844.38","8.34",,"22.98","340","298","109","2023-06-30"
"Retirement Gifts For Women 2023 - Retired Gifts For Women - Female Retirement Gifts - Coworker Leaving Gifts, Farewell Gifts, Goodbye Gift For Women, Colleagues, Coworkers, Friends - 12Oz Wine Tumbler","B08ZRWW1W4","Kitchen","608401",,"22.98","61363","308600","165180","4780","0.79","22.98","530","2490","1227","1387","22.98","167","769","310","505","11442.08","10.56",,"22.98","56","287","114","2023-06-30"
"Aprons For Men With Pockets - Fathers Day Gift For Dad, Men, Grandpa, Uncle, Brother - Birthday Gifts For Men, Dad, Papa, Husband, Grandpa, Uncle, Boyfriend, Him - Grill Cooking BBQ Kitchen Chef Apron","B08ZYGT8SH","Home","666590",,"16.98","19378","59243","38814","7675","1.15","16.98","326","947","665","1272","16.98","60","152","108","430","9155.2","5.6",,"19.98","20","45","31","2023-06-30"
"Coworker Leaving Gifts - Farewell Gifts, Going Away Gift For Coworker - New Job, Goodbye, Good Luck Gifts For Coworkers, Colleagues, Boss, Men, Women, Friends - 20 Oz Tumbler","B092HNBJT6","Kitchen","156924",,"20.98","12448","65761","50801","1900","1.21","20.98","153","805","638","362","20.98","32","169","104","142","3059.08","7.47",,"20.98","18","68","35","2023-06-30"
"Grandpa Gifts - Fathers Day Giftss, Birthday Gifts For Grandpa - Best Grandpa Gifts For Grandfather, New Grandpa, Promoted To Grandpa, Grandparents From Grandchildren Granddaughter - 20Oz Tumbler","B094CFGN42","Kitchen","589959",,"22.98","67647","214216","65089","3581","0.61","22.98","399","1351","406","1305","22.98","126","429","117","466","10638.52","13.01",,"22.98","55","152","46","2023-06-30"
"Retirement Gifts For Women 2023 - Retired Gifts For Women - Female Retirement Gifts - Coworker Leaving Gifts, Farewell Gifts, Goodbye Gift For Women, Colleagues, Coworkers, Friends - 20 Oz Tumbler","B095S16WV3","Kitchen","43359",,"16.98","4571","19791","12821","372","0.86","16.98","57","166","92","106","16.98","22","47","23","32","588.34","8.6",,"16.98","8","17","4","2023-06-30"
"Retirement Gifts For Men Women 2023 - Retired Gifts For Women, Men - Retirement Party Decorations - Fun Retirement Gifts For Women, Men, Retired People, Coworkers, Friends - 20 Oz Tumbler","B095S1818R","Kitchen","268726",,"19.98","48170","142924","52600","2970","1.11","19.98","589","1595","513","542","19.98","140","281","77","203","4007.84","6.84",,"19.98","55","109","28","2023-06-30"
"Birthday Gifts For Men Women - Fathers Day Gift, Thank You Gifts, Women Gifts, Graduation Gifts For Men, Women, Best Friend, Sister, Mom, Dad, Wife, Husband, Coworker, Employee - 20 Oz Tumbler","B0978WGWY4","Kitchen","1015853",,"19.98","150518","501503","189821","6397","0.63","19.98","1072","3184","1156","1366","19.98","254","656","220","516","12612.67","8.07",,"19.98","113","258","69","2023-06-30"
"NewEleven Sister Gifts from Sister, Brother - Birthday Gifts For Sister - Gifts For Sister, Soul Sister, Big Sister, Little Sister, Sister In Law, Bestie, BFF, Women - 20 Oz Tumbler","B0978YSWP3","Kitchen","438032",,"16.98","50671","218768","98195","4757","1.09","16.98","565","2401","1088","1258","16.98","159","654","244","442","7386.39","9.29",,"16.98","69","234","84","2023-06-30"
"Gifts For Brother - Brother Gifts From Sister, Brother - Fathers Day Giftss, Birthday Gifts For Brother, Big Brother Gifts - Funny Brother Gifts For Brothers From Sisters, Siblings - 20 Oz Tumbler","B09792XF8F","Kitchen","397068",,"25.98","32508","141786","49868","2346","0.59","25.98","193","847","293","916","25.98","73","312","100","271","6767.36","11.55",,"25.98","29","103","27","2023-06-30"
"NewEleven Gifts For Mom From Daughter, Son - Mom Gifts - Birthday Gifts For Mom - Mothers Day Gifts For Mom, Wife, Women - Funny Birthday Presents From Daughter, Son, Husband - 20 Oz Tumbler","B097B9H21P","Kitchen","6276741",,"22.98","1088181","3370228","1248249","57551","0.92","22.98","10357","29974","12026","11792","22.98","2247","6457","2121","4683","121986.13","8.14",,"24.98","872","2744","737","2023-06-30"
"Gifts for Dad from Daughter, Son, Kids - Birthday Gifts for Dad - Fathers Day Gift for Dad, Husband, Men - Best Dad Bday Present Idea for Father, Bonus Dad from Daughter, Son, Wife - 20 Oz Tumbler","B097B9SY89","Kitchen","1364171",,"16.98","338008","521259","171673","13511","0.99","16.98","3454","5072","2089","2721","16.98","803","963","362","838","18439.0","6.2",,"19.98","318","296","85","2023-06-30"
"Uncle Gifts - Best Uncle Gifts - Fathers Day Giftss For Uncle From Niece, Nephew - Uncle Birthday Gifts - Best Uncle Ever Gifts For New Uncle, Funcle, Uncle Announcement - 20Oz Tumbler","B097H6PJCN","Kitchen","257962",,"22.98","25160","66108","21914","1873","0.73","22.98","198","485","191","781","22.98","73","191","58","254","6236.7","13.56",,"22.98","29","63","16","2023-06-30"
"Replacement Lid For 20 Oz NewEleven Tumbler - Pack of 2 lids","B0995JRMHP","Kitchen","1170",,"9.98","83","576","369","13","1.11","9.98","2","8","2","0",,"0","0","0","0","0.0","0.0",,,"0","0","0","2023-06-30"
"NewEleven Bride To Be Gifts For Her - Wedding Gifts For Bride - Bridal Shower Gift, Bachelorette Gifts For Bride - Engagement Gifts For Women - Bridal Gifts For Bride To Be, Fiancee - 20 Oz Tumbler","B09B9PKM9M","Kitchen","406024",,"18.98","13961","109708","163187","2485","0.61","18.98","76","710","976","975","18.98","34","269","361","254","4957.86","10.22",,"18.98","7","76","102","2023-06-30"
"Best Friend Giftss - Best Friend Birthday Gifts, Sisters Gifts From Sister - Friendship Gifts For Women - Mothers Day Gifts For Friends Female, Bff, Besties - 20 Oz Tumbler","B09BZ98BCS","Kitchen","96840",,"17.98","5771","35120","17895","1033","1.07","17.98","68","388","197","233","17.98","18","75","47","61","1240.62","5.91",,"17.98","4","21","10","2023-06-30"
"Coworker Leaving Gifts - Farewell, New Job Gifts For Coworkers - Motivational, Birthday, Thank You Gifts For Men, Women, Friends - 20Oz Tumbler","B09JBPZV8Y","Kitchen","1267",,"22.98","37","553","437","26","2.05","22.98","0","12","8","1","22.98","0","1","0","1","22.98","3.85",,"22.98","0","1","0","2023-06-30"
"30th Birthday Gifts For Her - 1993 30th Birthday Decorations For Women Her - 30 Year Old Gifts, 30 Birthday Idea Presents For Women, Her, Wife, Daughter, Girlfriend, Friends, Sisters - 20 Oz Tumbler","B09S8KNXQK","Kitchen","49476",,"13.99","6853","27214","9966","507","1.02","13.99","76","288","92","131","9.99","25","85","12","49","603.45","9.66",,"9.99","7","32","6","2023-06-30"
"NewEleven Sister Gifts from Sister, Brother - Birthday Gifts For Sister - Gifts For Sister, Soul Sister, Big Sister, Little Sister, Sister In Law, Bestie, BFF, Women - 20 Oz Tumbler","B09S8QLC8H","Kitchen","162952",,"16.98","34507","83226","26815","1385","0.85","16.98","287","731","218","286","16.98","62","145","51","101","1910.82","7.29",,"16.98","23","50","22","2023-06-30"
"NewEleven Bird Watching Gifts, Bird Lover Gifts - Bird Gifts For Bird Lovers Men Women - Funny Birding Gifts For Birders, Bird Watchers, Bird Lovers, Men, Women, Friends, Coworkers - 20 Oz Tumbler","B09S9PGL4T","Kitchen","48681",,"22.98","1789","20303","17244","1006","2.07","22.98","47","406","339","222","22.98","12","95","64","88","2094.18","8.75",,"22.98","7","43","22","2023-06-30"
"Birthday Gifts For Women - Thank You Gifts, Women Gifts, Graduation Gifts, Inspirational Gifts For Women, Best Friend, Sister, Mom, Wife, Aunt, Her, Daughter, Coworker, Employee - 20 Oz Tumbler","B09TT1GGMM","Kitchen","318722",,"18.18","38308","153694","60985","2321","0.73","18.18","302","1150","526","473","12.98","52","232","109","166","3100.14","7.15",,"12.98","20","76","45","2023-06-30"
"Birthday Gifts For Men, Women - Fathers Day Giftss For Dad, Grandpa, Uncle, Father In Law, Bonus Dad - Retirement Gifts, Funny Unique Gag Gifts For Men, Friends, Brother, Old Man - 20Oz Beer Glass","B09V4PBVVB","Kitchen","84914",,"9.98","10264","40087","17393","521","0.61","9.98","53","264","100","240","9.98","30","129","47","93","908.46","17.85",,"9.98","15","53","16","2023-06-30"
"Gifts For Grandma - Grandma Birthday Gifts - Nana Gifts, Mimi Gifts, Gigi Gifts For Grandma - Best Grandma Gifts From Grandchildren, Grandkids - First Time Grandma, Grammy Gifts - 20 Oz Tumbler","B09X365CSN","Kitchen","305762",,"16.98","35023","168147","63364","3014","0.99","16.98","324","1642","674","606","16.98","67","351","116","178","3206.28","5.91",,"16.98","19","114","26","2023-06-30"
"Coworker Leaving Gifts - Farewell Gifts, Going Away Gift For Coworker - New Job, Goodbye, Good Luck Gifts For Coworkers, Colleagues, Boss, Men, Women, Friends - 20 Oz Tumbler…","B09XDFF8FF","Kitchen","449538",,"20.98","30395","207345","123337","8214","1.83","20.98","581","3919","2255","1215","20.98","103","604","297","472","10745.79","5.75",,"20.98","51","254","97","2023-06-30"
"Retirement Gifts For Women 2023 - Retired Gifts For Women - Female Retirement Gifts - Coworker Leaving Gifts, Farewell Gifts, Goodbye Gift For Women, Colleagues, Coworkers, Friends - 20 Oz Tumbler","B09XDFLNR8","Kitchen","607517",,"22.98","82330","316920","139865","6954","1.14","22.98","958","3590","1606","1988","22.98","280","1058","426","722","16837.04","10.38",,"22.98","126","414","124","2023-06-30"
"NewEleven Gifts For Dad From Daughter - Christmas Gifts For Dad, Men, Husband - Dad Gifts From Daughter - Best Birthday Gifts For Dad, Father From Daughter, Wife - 20 Oz Tumbler…","B09XDZL14H","Kitchen","34695",,"13.98","6854","14409","4703","295","0.85","9.99","59","125","26","69","9.98","16","27","8","19","222.63","6.44",,"9.98","5","6","4","2023-06-30"
"Retirement Gifts For Men Women 2023 - Retired Gifts For Men, Women - Retirement Party Decorations - Fun Retirement Gifts For Women, Men, Retired People, Coworkers, Friends - 20 Oz Tumbler","B09XXP5V2W","Kitchen","402099",,"19.98","32329","197229","126784","4823","1.2","19.98","351","2332","1586","1536","19.98","115","741","506","509","10858.54","10.55",,"19.98","43","249","161","2023-06-30"
"Retirement Gifts For Men Women 2023 - Retired Gifts For Women, Men - Retirement Party Decorations - Fun Retirement Gifts For Women, Men, Retired People, Coworkers, Friends - 20 Oz Tumbler","B09YCTFXYV","Kitchen","108547",,"22.98","20758","59048","17739","1274","1.17","22.98","308","646","199","226","22.98","70","103","32","98","2320.98","7.69",,"22.98","32","45","12","2023-06-30"
"NewEleven Sister Gifts from Sister, Brother - Birthday Gifts For Sister - Gifts For Sister, Soul Sister, Big Sister, Little Sister, Sister In Law, Bestie, BFF, Women - 20 Oz Tumbler","B09YDBRN33","Kitchen","71336",,"13.99","2351","21471","19789","515","0.72","13.99","25","199","197","139","13.99","4","52","53","59","885.3","11.46",,"13.99","2","18","25","2023-06-30"
"Retirement Gifts For Men Women 2023 - Retired Gifts For Women, Men - Retirement Party Decorations - Fun Retirement Gifts For Women, Men, Retired People, Coworkers, Friends - 20 Oz Tumbler","B09ZYB5MBT","Kitchen","17125",,"22.98","504","5490","8104","201","1.17","22.98","5","56","104","38","22.98","2","12","18","13","298.74","6.47",,"22.98","2","4","6","2023-06-30"
"Coworker Leaving Gifts - Farewell / Going Away Gift - New Job, Goodbye, Good Luck Gifts For Coworkers, Colleagues, Boss, Men, Women, Friends - 20 Oz Tumbler…","B09ZYBDMZ1","Kitchen","41872",,"20.98","3567","19403","13181","715","1.71","20.98","64","337","216","148","20.98","17","69","41","50","1094.98","6.99",,"20.98","6","25","13","2023-06-30"
"Coworker Leaving Gifts - Farewell Gifts, Going Away Gift For Coworker - New Job, Goodbye, Good Luck Gifts For Coworkers, Colleagues, Boss, Men, Women, Friends - 20 Oz Tumbler","B09ZYCD6GX","Kitchen","24344",,"22.98","1433","9642","7740","251","1.03","22.98","22","108","74","33","22.98","4","15","5","13","298.74","5.18",,"22.98","1","8","2","2023-06-30"
"Gifts For Dad - Bonus Dad, Step Dad Gifts From Daughter, Son - Fathers Day Giftss, Birthday Gifts For Bonus Dad, Stepdad - Best Bonus Dad Present Idea For Step Father, Stepped Up Dad - 20Oz Tumbler","B0B176NPZ1","Kitchen","255432",,"19.98","41778","113764","44284","1798","0.7","16.98","294","815","344","928","16.98","177","412","165","232","4432.76","12.9",,"19.98","52","106","40","2023-06-30"
"Birthday Gifts for Women - Best Friend Giftss for Women - Mom Birthday Gifts, Sisters Gifts from Sister - Best Friend, Friendship Gifts, Candles Gifts for Women, Mom, BFF, Wife - Lavender Candle 8oz","B0B1T794ZP","Home","728272",,"14.98","62496","215951","85514","3367","0.46","14.98","457","1482","560","1211","14.98","177","516","189","387","6038.1","11.49",,"14.98","49","189","51","2023-06-30"
"House Warming Gifts New Home - Best, Funny Housewarming Presents For New Home, First Home, New Apartment, Housewarming Decoration Party - Unique New House Gift Ideas, Moving Gifts -Lavender Candle 8Oz","B0B2JFV9YP","Home","26328",,"13.98","2804","11566","6074","237","0.9","13.98","30","92","57","67","13.98","5","27","17","28","391.44","11.81",,"13.98","3","12","3","2023-06-30"
"Birthday Gifts For Women - Mothers Day Gifts, Thank You Gifts, Women Gifts, Graduation Gifts For Women, Best Friend, Sister, Mom, Wife, Aunt, Her, Daughter, Coworker, Employee - 12 Oz Tumbler","B0B2WCM31Q","Kitchen","16375",,"12.98","1449","5022","5736","152","0.93","9.99","9","56","44","37","7.99","5","16","8","13","223.72","8.55",,"12.98","3","6","4","2023-06-30"
"Birthday Gifts For Women - Mothers Day Gifts, Thank You Gifts, Women Gifts, Graduation Gifts For Women, Best Friend, Sister, Mom, Wife, Aunt, Her, Daughter, Coworker, Employee - 12 Oz Tumbler","B0B2WG2K43","Kitchen","10093",,"12.98","1105","4347","2939","70","0.69","12.98","7","33","20","23","9.99","1","9","7","14","169.79","20.0",,"9.99","0","5","6","2023-06-30"
"Retirement Gifts For Women 2023 - Retired Gifts For Women - Female Retirement Gifts - Coworker Leaving Gifts, Farewell Gifts, Goodbye Gift For Women, Colleagues, Coworkers, Friends - 12Oz Wine Tumbler","B0B2WGL9ZW","Kitchen","54041",,"19.98","2900","17109","21675","499","0.92","19.98","26","153","209","127","19.98","5","44","51","53","1023.94","10.62",,"19.98","3","19","20","2023-06-30"
"30th Birthday Gifts For Her Him - 1992 30th Birthday Decorations For Him Her - 30 Year Old Gifts, 30 Birthday Idea Presents For Men, Women, Friends, Sister, Brother - 16 Oz Coffee Beer Can Glass…","B0B4255CBQ","Kitchen","20712",,"16.98","444","4224","10365","130","0.63","16.98","5","35","60","29","16.98","1","9","13","6","91.68","4.62",,"16.98","0","0","4","2023-06-30"
"NewEleven 40th Birthday Gifts For Men, Women - 1982 40th Birthday Decorations For Men, Women - Gifts for Women Turning 40-40 Year Old Gifts For Husband, Wife, Dad, Mom - 16 Oz Coffee Beer Can Glass","B0B425H79X","Kitchen","9906",,"16.98","70","1020","4090","84","0.85","16.98","2","11","29","21","16.98","1","4","10","9","158.82","10.71",,"16.98","1","1","6","2023-06-30"
"51th Birthday Gifts For Women - Vintage 1972 51th Birthday Decorations For Women - Best 51 Year Old Gifts Ideas For Wife, Mom, Sister, Friends - Turning 51 Presents For Female - 22 Oz Wine Glass","B0B4WLVWTF","Kitchen","12126",,"16.98","147","2902","5880","190","1.57","16.98","1","40","100","54","16.98","1","9","30","20","339.6","10.53",,"16.98","1","5","10","2023-06-30"
"41th Birthday Gifts For Women - Vintage 1982 41th Birthday Decorations For Women - Best 41 Year Old Gifts Ideas For Wife, Mom, Friends, Sister - Turning 41 Presents for Female - 22 Oz Wine Glass","B0B4WNS2YH","Kitchen","9604",,"16.98","111","1876","4277","116","1.21","16.98","2","23","53","29","16.98","0","5","16","10","169.8","8.62",,"16.98","0","2","6","2023-06-30"
"61th Birthday Gifts For Women - Vintage 1962 61th Birthday Decorations For Women - Best 61 Year Old Gifts Ideas For Wife, Mom, Grandma, Friends - Turning 61 Presents For Female - 22 Oz Wine Glass","B0B4WQMS2D","Kitchen","10516",,"16.98","161","2811","4598","151","1.44","16.98","1","38","68","32","16.98","0","13","18","13","212.22","8.61",,"16.98","0","4","9","2023-06-30"
"Gifts for Mom from Daughter, Son - Birthday Gifts for Mom - Funny Birthday Cool Present for Mom, Wife, New Mom, Bonus Mom, Mother in Law, Mom to Be from Daughter, Son, Husband - Lavender Candle 8 Oz","B0B5RJWDFX","Home","609941",,"15.98","90958","298907","140362","4426","0.73","15.98","635","2136","998","1496","15.98","248","716","317","633","12261.64","14.3",,"19.98","119","330","125","2023-06-30"
"Birthday Gifts for Women - Best Friend Giftss, Funny Unique Gag Gifts for Women, Her, Bestie, BFF, Sister - Going Away Gifts for Coworker, Long Distance Friendship Presents - Lavender Candle 8 Oz","B0B5T5DP6Y","Home","624",,"9.08","63","155","279","18","2.88","9.08","3","5","7","1","9.08","0","0","1","0","0.0","0.0",,,"0","0","0","2023-06-30"
"Best Friend Giftss For Women - Get Well Soon Gifts For Women, Men - Friendship Birthday Presents For Mom, Wife, Sister, BFF, Bestie, Her - Condolence Inspirational Sympathy Gifts - Lavender Candle 8Oz","B0B5T79Y6M","Home","3096",,"12.98","536","1527","687","31","1.0","12.98","6","16","8","6","12.98","3","1","2","1","12.98","3.23",,"12.98","1","0","0","2023-06-30"
"Get Well Soon Gifts for Women – Sympathy Gifts - Thinking of You, After Surgery, Sorry for Your Loss, Condolence, Divorce, Cancer Gifts for Women, Men, Sister, Best Friend - Lavender Candle 8 Oz","B0B5XHNWN4","Home","7463",,"12.98","596","3480","2382","56","0.75","12.98","6","29","18","23","12.98","4","12","6","9","116.82","16.07",,"12.98","2","5","2","2023-06-30"
"Birthday Gifts For Women - Thank You Gifts, Women Gifts, Graduation Gifts, Inspirational Gifts For Women, Best Friend, Sister, Mom, Wife, Aunt, Her, Daughter, Coworker, Employee - 20 Oz Tumbler","B0B68YP7N8","Kitchen","7766",,"20.98","546","2673","1467","25","0.32","20.98","4","4","6","8","20.98","3","2","3","2","39.96","8.0",,"18.98","0","1","1","2023-06-30"
"NewEleven 50th Birthday Gifts For Women - 1973 50th Birthday Decorations For Women - Gifts For Women Turning 50 - 50 Year Old Gifts For Women, Mom, Wife, Friends - 12 Oz Wine Tumbler","B0B69126RL","Kitchen","626",,"19.98","51","347","187","8","1.28","19.98","0","4","3","0",,"0","0","0","0","0.0","0.0",,,"0","0","0","2023-06-30"
"30th Birthday Gifts For Her - 1993 30th Birthday Decorations For Women Her - 30 Year Old Gifts, 30 Birthday Idea Presents For Women, Her, Wife, Daughter, Girlfriend, Friends, Sisters - 12 Oz Tumbler","B0B69QP6DS","Kitchen","43780",,"18.98","2736","21369","13942","355","0.81","18.98","27","178","111","134","18.98","11","75","34","41","778.18","11.55",,"18.98","3","24","10","2023-06-30"
"Gifts For Grammy - Mothers Day Gifts For Grandma, Grammy - Grammy Gifts, Best Gifts For Grammy, Grandma, Grandmother, First Time Grandma From Grandchildren, Granddaughter, Grandson - 20 Oz Tumbler","B0B6BSDKB1","Kitchen","23707",,"16.98","2145","12833","6256","420","1.77","16.98","41","214","120","112","16.98","13","60","24","45","724.1","10.71",,"16.98","5","26","7","2023-06-30"
"Gifts For Nana - Mothers Day Gifts For Grandma, Nana - Nana Gifts, Best Gifts For Nana, Grandma, Grandmother, First Time Grandma From Grandchildren, Granddaughter, Grandson, Grandkids - 20 Oz Tumbler","B0B6BTRYHC","Kitchen","19621",,"16.98","2718","12065","3345","224","1.14","16.98","29","142","36","57","16.98","6","42","7","14","230.72","6.25",,"16.98","2","10","1","2023-06-30"
"NewEleven Gifts For Gigi - Mothers Day Gifts For Grandma, Gigi - Best Gifts For Gigi, Grandma, Grandmother, First Time Grandma From Grandchildren, Granddaughter, Grandson, Grandkids - 20 Oz Tumbler","B0B6BTSHMG","Kitchen","11013",,"16.98","647","3141","904","117","1.06","16.98","8","29","12","26","16.98","1","7","0","6","94.88","5.13",,"16.98","0","1","0","2023-06-30"
"Gifts For Mimi - Mothers Day Gifts For Grandma, Mimi - Mimi Gifts, Best Gifts For Mimi, Grandma, Grandmother, First Time Grandma From Grandchildren, Granddaughter, Grandson, Grandkids - 20 Oz Tumbler","B0B6BWG66J","Kitchen","15433",,"16.98","2108","8368","3459","190","1.23","16.98","21","112","41","40","16.98","3","23","12","8","135.84","4.21",,"16.98","0","5","3","2023-06-30"
"Anniversary for Her Him Gifts - Romantic, I Love You Gifts for Him, Her - Funny Cute Birthday Presents for Men, Women, Boyfriend, Girlfriend, Wife, Husband, Fiance, Best Friend - Lavender Candle 8 Oz","B0B6FLPLFM","Home","525",,"12.98","9","172","242","6","1.14","12.98","0","1","4","1","12.98","0","0","0","0","0.0","0.0",,,"0","0","0","2023-06-30"
"Retirement Gifts for Women Men 2022 - Best, Funny Farewell, Goodbye, Retiring Gifts for Coworkers, Friends, Retired People, Teacher, Boss - Happy Retirement Party Decorations - Lavender Candle 8 Oz","B0B6FQ1KXG","Home","2880",,"12.98","91","918","872","26","0.9","12.98","1","7","7","9","12.98","0","2","1","2","38.94","7.69",,"12.98","0","1","1","2023-06-30"
"Birthday Gifts For Women - Best Friend Giftss for Women – Female Friendship Gifts, Sisters Gifts From Sister - Funny Birthday Presents Unique Gag Gifts For BFF, Bestie, Coworker - Lavender Candle 8 Oz","B0B6FR26NT","Home","419",,"12.98","18","88","108","8","1.91","12.98","0","2","2","4","12.98","0","2","0","1","7.7","12.5",,"7.7","0","0","0","2023-06-30"
"Birthday Gifts for Women, Men - Best Friend Giftss for Women - Friendship Gifts for Women Friends, Sisters Gifts from Sister - Birthday Candles Gifts for Women, Best Friend, BFF - Lavender Candle 8oz","B0B6FX8JQW","Home","268",,"16.98","11","71","110","7","2.61","16.98","0","2","3","0",,"0","0","0","0","0.0","0.0",,,"0","0","0","2023-06-30"
"Sister Gifts From Sister, Brother - Birthday Gifts For Sister - Best Funny Unique Bday Presents For Big Sister, Little Sister, Sister In Law, Sibling, Best Friend, Bestie, Women - Lavender Candle 8 Oz","B0B7HV2LGY","Home","1165",,"16.98","49","474","464","16","1.37","12.98","3","6","6","2","12.98","0","1","1","2","25.96","12.5",,"12.98","0","1","1","2023-06-30"
"40th Birthday Gifts For Women - Vintage 1982 40th Birthday Decorations For Women, Her - Best 40 Year Old Gifts Ideas For Wife, Mom, Friends, Sister - Turning 40 Presents For Female - 12Oz Wine Tumbler","B0B7M62T24","Kitchen","38376",,"18.98","3681","19555","9554","275","0.72","18.98","37","151","58","116","9.98","17","67","22","41","575.16","14.91",,"9.98","7","25","7","2023-06-30"
"NewEleven 50th Birthday Gifts For Men Women - 1973 50th Birthday Decorations For Men Women - Gifts For Women Turning 50 - 50 Year Old Gifts For Men, Women, Mom, Dad, Wife, Husband - 20 Oz Tumbler","B0B7N8PWN3","Kitchen","64282",,"19.98","6026","28653","20690","602","0.94","19.98","63","260","193","200","19.98","15","93","59","69","1088.54","11.46",,"9.98","5","33","17","2023-06-30"
"31th Birthday Gifts For Her - Vintage 1992 31th Birthday Decorations For Her - Best 31 Year Old Gifts Ideas For Wife, Friends, Sister, Her - Turning 31 Presents for Female - 22 Oz Wine Glass","B0B8D1RZRF","Kitchen","4612",,"16.98","79","1070","2069","82","1.78","16.98","1","24","31","26","16.98","1","6","10","8","135.84","9.76",,"16.98","0","2","3","2023-06-30"
"22st Birthday Gifts for Her - Vintage 2001 22st Birthday Decorations For Her - Best 22 Year Old Bday Gifts Idea For Women, Friends, Daughter, Sister - Turning 22 Present For Female - 22 Oz Wine Glass","B0B8D46PLX","Kitchen","6326",,"16.98","212","1010","2201","82","1.3","16.98","1","10","38","20","16.98","0","2","9","6","86.58","7.32",,"11.88","0","0","6","2023-06-30"
"Gifts for Dad from Daughter, Son, Kids - Fathers Day Gift, Birthday Gifts for Dad, Father, Bonus Dad, Father in Law - Funny Gag Gifts, Unique Gifts for Dad, Papa, Husband, Men - Cedar Candle 8 Oz","B0B9MZH5KG","Home","6016",,"9.98","875","3131","1437","148","2.46","9.98","21","89","28","86","9.98","16","45","19","48","505.0","32.43",,"9.98","7","28","11","2023-06-30"
"Coworker Leaving Gifts - Farewell Gifts, Going Away Gift For Coworker - New Job, Goodbye, Good Luck Gifts For Coworkers, Colleagues, Boss, Men, Women, Friends - 20 Oz Tumbler…","B0B9RHZGFG","Kitchen","610",,"20.98","25","215","233","11","1.8","20.98","0","3","5","3","22.98","0","0","2","1","22.98","9.09",,"22.98","0","0","1","2023-06-30"
"Retirement Gifts For Women 2023 - Retired Gifts For Women - Female Retirement Gifts - Coworker Leaving Gifts, Farewell Gifts, Goodbye Gift For Women, Colleagues, Coworkers, Friends - 12Oz Wine Tumbler","B0B9RLH8RV","Kitchen","2235",,"17.98","339","916","750","19","0.85","17.98","0","13","6","6","17.98","0","4","2","1","17.98","5.26",,"17.98","0","1","0","2023-06-30"
"Birthday Gifts For Women - Best Friend Giftss for Women – Female Friendship Gifts, Sisters Gifts From Sister - Funny Bday Presents Unique Gifts For Her, BFF, Bestie, Soul Sister - 16 Oz Coffee Glass","B0B9SC1JMN","Kitchen","578740",,"17.98","27810","180012","166277","5998","1.04","17.98","323","1990","1762","1986","17.98","120","672","558","540","10586.66","9.0",,"17.98","35","201","140","2023-06-30"
"Bride To Be Gifts For Her - Wedding Gifts For Bride - Bridal Shower Engagement Gifts For Women - Bachelorette Gifts For Bride, Fiancee, Wifey - Bachelorette Party Decorations - 16 Oz Coffee Glass","B0B9SCJVV7","Kitchen","309017",,"15.98","25919","110813","64940","1992","0.64","15.98","166","767","425","847","15.98","78","319","167","190","3232.14","9.54",,"15.98","25","83","32","2023-06-30"
"Gifts For Mom From Daughter, Son, Kids - Birthday Gifts For Mom - Best Bday Presents For Mom, Mother, Wife, New Mom, Bonus Mom, Mother In Law, Mama From Daughter, Son, Husband - 16 Oz Coffee Glass","B0B9SF2R4R","Kitchen","443438",,"19.98","78356","212236","66572","4110","0.93","19.98","713","1942","611","1368","19.98","230","642","184","390","8109.12","9.49",,"19.98","76","189","40","2023-06-30"
"Mothers Day Gifts For Grandma, Women - Birthday Gifts For Women, Best Friend, Mom, Sister, Wife, Coworkers, Her, Girlfriend, Daughter - Gifts For Female Friends, Grandma, Boss - 16 Oz Coffee Glass","B0B9SGJGSV","Kitchen","11766",,"14.98","2025","6482","2284","77","0.65","14.98","14","43","12","16","14.98","1","12","2","6","86.88","7.79",,"13.98","0","6","0","2023-06-30"
"Congratulations Gifts For Women - Going Away New Job Promotion Gifts For Coworkers, Boss - Graduation Encouragement Motivational Inspirational Gifts For Women, Her, Best Friend- 16 Oz Coffee Glass","B0B9SKGQWF","Kitchen","173909",,"16.98","17946","68857","43885","1663","0.96","16.98","179","629","443","581","16.98","74","212","143","205","3497.88","12.33",,"16.98","31","81","49","2023-06-30"
"Gifts For Mom From Daughter, Son, Kids - Birthday Gifts For Mom - Best Bday Presents For Mom, Mother, Wife, New Mom, Bonus Mom, Mother In Law, Mama From Daughter, Son, Husband - 16 Oz Coffee Glass","B0BC8QLF1R","Kitchen","240010",,"21.98","38894","132794","40958","2336","0.97","19.98","406","1284","407","641","18.98","121","355","103","212","4713.68","9.08",,"21.98","44","120","32","2023-06-30"
"Gifts For Wife From Husband - Wife Gifts, Birthday Gifts For Wife - Romantic Anniversary Wedding Gifts For Wife, Her From Husband - Best Bday Presents Ideas For Wife, Her, Women - 16 Oz Coffee Glass","B0BC8RQ4NG","Kitchen","79513",,"16.98","14338","41452","14260","523","0.66","16.98","113","264","103","150","16.98","37","74","29","57","924.88","10.9",,"16.98","16","30","9","2023-06-30"
"Aunt Gifts - Christmas Gifts For Aunt From Niece, Nephew - Birthday Gifts For Aunt, New Aunt, Aunties - Best Aunt Ever Gifts For Aunt, Aunt Announcement, Promoted To Aunt - 16 Oz Coffee Glass","B0BC8SB3Y4","Kitchen","385206",,"19.98","37984","132886","49275","4456","1.16","19.98","459","1751","634","1800","19.98","188","691","209","544","11752.6","12.21",,"19.98","64","234","55","2023-06-30"
"Gifts For Mom From Daughter, Son, Kids - Birthday Gifts For Mom - Best Bday Presents For Mom, Mother, Wife, New Mom, Bonus Mom, Mother In Law, Mama From Daughter, Son, Husband - 22 Oz Wine Glass","B0BC8TKH8X","Kitchen","77180",,"16.98","20982","41813","9599","840","1.09","16.98","269","450","85","153","16.98","58","81","10","64","1171.64","7.62",,"16.98","32","27","3","2023-06-30"
"Sister Gifts From Sister, Brother - Birthday Gifts For Sister - Best Funny Unique Bday Presents For Big Sister, Little Sister, Sister In Law, Sibling, Best Friend, Bestie, Women - 16 Oz Coffee Glass","B0BC8WBYW7","Kitchen","231521",,"17.98","36387","119351","41190","2029","0.88","17.98","307","1101","363","717","17.98","114","401","117","202","4038.63","9.96",,"17.98","34","112","32","2023-06-30"
"Bridal Shower Gift - Bride To Be Gifts - Wife Gifts, Bridal Gifts, Engagement Gifts For Women, Bride, Fiancee, Wifey - Gifts Anniversary For Wife - Bachelorette Party Decorations - 16 Oz Coffee Glass","B0BDLH8KX3","Kitchen","595805",,"19.98","75859","224609","102799","4086","0.69","19.98","561","1602","705","1885","19.98","248","698","294","432","8756.26","10.57",,"19.98","62","175","54","2023-06-30"
"21st Birthday Gifts For Her - 2002 21st Birthday Decorations For Her - Best 21 Year Old Bday Gifts Idea For Women, Best Friends, Daughter, Sister - Finally 21 Present For Female - 16 Oz Coffee Glass","B0BHVNXBS6","Kitchen","221437",,"17.98","23804","115132","59805","1937","0.87","17.98","219","963","564","769","17.98","97","380","220","260","4566.7","13.42",,"17.98","36","124","81","2023-06-30"
"NewEleven Iced Coffee Cup With Bamboo Lids And Glass Straws For Boba, Smoothie, Cocktail - 16 Oz Coffee Glass","B0BHVNXNYL","Kitchen","17730",,"13.98","2918","9598","3658","189","1.07","13.98","35","103","36","39","13.98","8","24","6","7","131.82","3.7",,"13.98","0","6","1","2023-06-30"
"Birthday Gifts For Women - Thank You Gifts, Women Gifts, Graduation Gifts, Inspirational Gifts For Women, Best Friend, Sister, Mom, Wife, Aunt, Her, Daughter, Coworker, Employee - 16 Oz Coffee Glass","B0BHVYX576","Kitchen","177898",,"14.98","15967","68348","38454","1742","0.98","14.98","170","743","398","520","14.98","50","206","132","169","3067.19","9.7",,"14.98","18","69","43","2023-06-30"
"Gifts For Mom From Daughter, Son, Kids - Birthday Gifts For Mom - Best Bday Presents For Mom, Mother, Wife, New Mom, Bonus Mom, Mother In Law, Mama From Daughter, Son, Husband - 16 Oz Coffee Glass","B0BHWDNYVL","Kitchen","608468",,"24.98","81681","341314","130538","7795","1.28","24.98","1119","4220","1707","1902","22.98","308","1030","373","649","16407.52","8.33",,"24.98","103","363","136","2023-06-30"
"Gifts For Mom From Daughter, Son, Kids - Birthday Gifts For Mom - Best Bday Presents For Mom, Mother, Wife, New Mom, Bonus Mom, Mother In Law, Mama From Daughter, Son, Husband - 16 Oz Coffee Glass","B0BHWKY43D","Kitchen","339792",,"21.98","55516","153853","56992","2994","0.88","21.98","489","1327","514","859","19.98","117","357","143","231","5345.26","7.72",,"22.98","36","100","35","2023-06-30"
"Gifts for Dad from Daughter, Son, Kids - Fathers Day Gift for Dad, Men, Husband - Best Birthday Gifts for Dad, Father, Step Dad, Bonus Dad - Funny Gag Gifts Ideas for Dad - Cedar Candle 8 Oz","B0BKL8FYZJ","Home","31280",,"16.98","406","1653","1411","184","0.59","16.98","2","10","15","38","16.98","1","3","3","16","286.68","8.7",,"16.98","1","0","2","2023-06-30"
"NewEleven Iced Coffee Cup With Bamboo Lids And Glass Straws For Boba, Smoothie, Cocktail - 16 Oz Coffee Glass","B0BL6XRG9P","Kitchen","15274",,"14.98","930","4537","5145","423","2.77","14.98","24","136","155","123","14.98","9","42","42","21","405.48","4.96",,"14.98","3","8","6","2023-06-30"
"30th Birthday Gifts For Her Him - 1993 30th Birthday Decorations For Him Her - 30 Year Old Gifts, 30 Birthday Idea Presents For Men, Women, Friends, Sister, Brother - 16 Oz Coffee Beer Can Glass","B0BP67M8BD","Kitchen","307852",,"19.98","38898","161345","76533","2884","0.94","19.98","355","1510","719","1180","19.98","134","635","294","359","7296.69","12.45",,"19.98","45","201","83","2023-06-30"
"NewEleven 40th Birthday Gifts For Men, Women - 1983 40th Birthday Decorations For Men, Women - Gifts for Women Turning 40-40 Year Old Gifts For Husband, Wife, Dad, Mom - 16 Oz Coffee Beer Can Glass","B0BP7QTHL6","Kitchen","207830",,"16.98","23292","111939","51713","1980","0.95","16.98","259","1042","492","823","16.98","102","463","185","269","5054.32","13.59",,"16.98","39","158","57","2023-06-30"
"Sister Gifts From Sister - Birthday Gifts For Sister - Best Funny Bday Presents For Big Sister, Little Sister, Sister In Law, Sibling, Soul Sister, Best Friend, Bestie, Women - 16 Oz Coffee Glass","B0BPXZJSW1","Kitchen","404291",,"17.98","67109","213707","77966","5528","1.37","17.98","1018","2961","1040","1428","16.98","252","758","272","452","8939.48","8.18",,"17.98","90","237","90","2023-06-30"
"Birthday Gifts For Women - Best Friend Giftss for Women – Female Friendship Gifts, Sisters Gifts From Sister - Funny Birthday Presents Unique Gag Gifts For BFF, Bestie, Coworker - Lavender Candle 8 Oz","B0BQLHVXNN","Home","78171",,"14.99","11594","31671","11083","526","0.67","14.99","73","200","74","221","14.99","31","87","31","60","972.05","11.41",,"14.99","10","27","4","2023-06-30"
"50th Birthday Gifts For Women - Vintage 1973 50th Birthday Decorations For Women - Best 50 Year Old Gifts Ideas For Wife, Mom, Sister, Friends - Turning 50 Presents For Female - 22 Oz Wine Glass","B0BR3MWM32","Kitchen","217320",,"18.98","38750","121387","39098","3092","1.42","18.98","588","1820","482","815","18.98","174","485","109","247","4724.96","7.99",,"18.98","52","153","26","2023-06-30"
"Birthday Gifts For Women - Best Friend Giftss for Women – Female Friendship Gifts, Sisters Gifts From Sister - Funny Birthday Presents Unique Gag Gifts For BFF, Bestie, Coworker - 16 Oz Coffee Glass","B0BRB5SPYZ","Kitchen","7136",,"16.98","492","2974","1996","73","1.02","16.98","5","32","19","19","16.98","2","5","6","6","109.88","8.22",,"17.98","1","2","2","2023-06-30"
"NewEleven 30th Birthday Gifts For Her - 1993 30th Birthday Decorations For Her - 30 Year Old Gifts, 30 Birthday Idea Presents For Women, Friends, Sister - 16 Oz Coffee Beer Can Glass","B0BRB6C2YB","Kitchen","3242",,"13.98","317","1739","788","28","0.86","13.98","3","16","6","6","9.99","1","3","2","3","37.95","10.71",,"13.98","0","1","2","2023-06-30"
"Sister Gifts From Sister, Brother - Birthday Gifts For Sister - Funny Bday Presents For Big Sister, Little Sister, Sister In Law, Sibling, Soul Sister, Best Friend, Bestie, Women - 16 Oz Coffee Glass","B0BRB6J55H","Kitchen","230069",,"16.98","27748","132550","47270","4705","2.05","17.98","586","2777","954","637","17.98","79","420","102","194","3781.16","4.12",,"16.98","23","135","30","2023-06-30"
"40th Birthday Gifts For Women - 40th Birthday Decorations For Women, Her - Funny 40 Year Old Gifts Ideas For Wife, Mom, Best Friends, Sister - Turning 40 Presents For Female - 16 Oz Coffee Glass","B0BRB6M62N","Kitchen","2008",,"13.98","234","1038","544","30","1.49","13.98","7","16","5","13","13.98","3","9","1","6","92.88","20.0",,"13.98","1","5","0","2023-06-30"
"16 Oz Coffee Glass ,Going Away, New Job, Goodbye,Farewell, Good Luck Gifts For Coworkers Leaving, Colleagues, Boss, Work Bestie, Women, Friends -","B0BRB6NJCT","Kitchen","356370",,"22.98","30812","148337","101431","7935","2.23","22.98","732","3353","2170","1696","22.98","188","730","438","576","13434.26","7.26",,"22.98","67","289","124","2023-06-30"
"Sister Gifts From Sister, Brother - Birthday Gifts For Sister - Funny Bday Presents For Big Sister, Little Sister, Sister In Law, Sibling, Soul Sister, Best Friend, Bestie, Women - 16 Oz Coffee Glass","B0BRCBT14P","Kitchen","28865",,"15.98","3995","16110","5984","470","1.63","15.98","68","270","94","43","14.98","6","24","8","7","131.84","1.49",,"15.98","1","5","0","2023-06-30"
"Bride To Be Gifts For Her - Wedding Gifts For Bride - Bridal Shower Engagement Gifts For Women - Bachelorette Gifts For Bride, Fiancee, Wifey - Bachelorette Party Decorations - 16 Oz Coffee Glass","B0BRCCZLL8","Kitchen","387304",,"19.98","33031","138897","68349","2782","0.72","19.98","229","999","484","1033","19.98","86","376","154","294","5537.04","10.57",,"19.98","31","127","36","2023-06-30"
"Birthday Gifts For Women - Best Friend Giftss for Women – Female Friendship Gifts, Sisters Gifts From Sister - Funny Bday Presents Unique Gifts For Her, BFF, Bestie, Soul Sister - 16 Oz Coffee Glass","B0BRCDZRSP","Kitchen","62113",,"16.98","5089","24749","10982","605","0.97","16.98","62","250","119","247","16.98","25","94","51","88","1533.72","14.55",,"13.98","10","37","15","2023-06-30"
"Bride To Be Gifts For Her - Wedding Gifts For Bride - Bridal Shower Engagement Gifts For Women - Bachelorette Gifts For Bride, Fiancee, Wifey, Mrs - Bachelorette Party Decorations - 16 Oz Coffee Glass","B0BRCF697N","Kitchen","387572",,"17.98","27748","124542","87136","2698","0.7","17.98","195","926","595","1168","17.98","85","382","241","290","5286.12","10.75",,"17.98","30","100","72","2023-06-30"
"NewEleven Coffee Lovers Gifts For Her - Introvert Coffee Gifts For Women - Sarcastic Novelty Gifts For Introverts - Funny Birthday Gifts For Women, Best Friend, Sister, Coworkers - 16 Oz Coffee Glass","B0BRCFCDFS","Kitchen","4688",,"16.98","98","1424","1063","53","1.13","16.98","1","18","16","13","16.98","1","4","3","3","50.94","5.66",,"16.98","0","1","0","2023-06-30"
"NewEleven Dog Mom Gifts For Women - Dog Lovers Gifts For Women, Dog Owners, Dog Mama, Dog Mom, Fur Mama - Cute Funny Birthday Gifts For Women, Best Friend, Girlfriend, Coworker - 16 Oz Coffee Glass","B0BRCG7S9H","Kitchen","369620",,"19.98","38427","146479","54791","3972","1.07","19.98","488","1550","494","1766","19.98","218","687","183","642","14370.9","16.16",,"19.98","112","284","64","2023-06-30"
"Cat Gifts For Cat Lovers - Gifts For Cat Mom, Cat Lover, Cat Lady - Cute Cat Stuff, Cat Themed Gifts For Women - Funny Birthday Gifts For Her, Women, Best Friend, Coworker - 16 Oz Coffee Glass","B0BRCJ5VYH","Kitchen","306431",,"17.98","37955","151506","76352","3183","1.04","17.98","406","1500","814","1324","17.98","181","606","346","353","6538.88","11.09",,"17.98","56","167","95","2023-06-30"
"Aunt Gifts - Gifts For Aunt From Niece, Nephew - Birthday Gifts For Aunt, New Aunt, Aunties - Best Aunt Ever Gifts For Aunt, Aunt Announcement, Promoted To Aunt - 16 Oz Coffee Glass","B0BYCRH528","Kitchen","99712",,"16.98","10103","42505","18299","1175","1.18","16.98","132","542","231","419","16.98","48","196","63","110","2238.72","9.36",,"16.98","15","52","19","2023-06-30"
"Sister Gifts From Sister, Brother - Birthday Gifts For Sister - Best Funny Unique Bday Presents For Big Sister, Little Sister, Sister In Law, Sibling, Best Friend, Bestie, Women - 16 Oz Coffee Glass","B0BYCSHGYX","Kitchen","10",,"16.98","0","0","0","0","0.0",,"0","0","0","0",,"0","0","0","0","0.0",,,,"0","0","0","2023-06-30"
"Aunt Gifts - Gifts For Aunt From Niece, Nephew - Birthday Gifts For Aunt, New Aunt, Aunties - Best Aunt Ever Gifts For Aunt, Aunt Announcement, Promoted To Aunt - 16 Oz Coffee Glass","B0BYCT1SRJ","Kitchen","124943",,"22.98","9398","44037","26407","1971","1.58","22.98","139","608","416","927","22.98","66","283","171","316","8107.76","16.03",,"22.98","22","103","55","2023-06-30"
"Birthday Gifts For Women - Mental Health, Daily Reminder, Daily Affirmations Cup - Inspirational Gifts For Women, Best Friend, Sister, Mom, Wife, Aunt, Her, Daughter, Coworker - 16 Oz Coffee Glass","B0BYDBPSBQ","Kitchen","33634",,"16.98","4057","18240","8635","785","2.33","16.98","99","433","206","161","16.98","20","95","38","38","662.22","4.84",,"16.98","2","23","12","2023-06-30"
"NewEleven Nurse Gifts For Women - Nurse Accessories for Nurses, Nursing Student, Nurse Practitioner, Registered Nurse - Nurse Gifts For Birthday, Appreciation Week, Graduation - 16 Oz Coffee Glass","B0BYDBW7PH","Kitchen","46213",,"19.98","4313","24303","12709","641","1.39","19.98","69","319","174","218","19.98","23","116","58","69","1276.62","10.76",,"19.98","10","39","17","2023-06-30"
"NewEleven Birthday Gifts For Women - Thank You Gifts, Graduation Gifts, Inspirational Gifts For Women, Best Friend, Sister, Mom, Wife, Aunt, Her, Daughter, Coworker, Employee - 16 Oz Coffee Glass","B0BYDC9VC8","Kitchen","9144",,"16.98","1234","6144","1091","101","1.1","16.98","16","60","18","19","16.98","6","8","4","6","101.88","5.94",,"16.98","2","1","3","2023-06-30"
"Book Lovers Gifts For Women - Book Accessories, Bookish Gifts for Readers, Librarian, Bookaholic, Bookworm - Birthday Gifts For Women, Best Friend, Sister, Coworkers, Her - 16 Oz Coffee Glass","B0BYDDFNBD","Kitchen","19058",,"19.98","453","5151","5627","476","2.5","19.98","10","92","145","258","19.98","6","38","72","53","1052.88","11.13",,"19.98","1","10","16","2023-06-30"
"NewEleven Introvert Coffee Gifts For Women - Novelty Gifts For Introverts - Funny. Birthday Gifts For Women, Best Friend, Sister, Coworkers, Aunt, Daughter, Her - 16 Oz Coffee Glass","B0BYDDYBYW","Kitchen","8778",,"16.98","239","2615","3919","81","0.92","16.98","2","21","35","30","16.98","2","9","8","10","169.8","12.35",,"16.98","0","3","3","2023-06-30"
"Birthday Gifts For Women - Thank You Gifts, Inspirational Gifts For Women, Best Friend, Sister, Mom, Wife, Aunt, Her, Daughter, Coworker - Gifts For Female Friends, Boss Lady - 16 Oz Coffee Glass","B0BYDG9D83","Kitchen","7683",,"16.98","1217","3476","1345","40","0.52","16.98","8","19","5","7","16.98","3","4","0","2","33.96","5.0",,"16.98","1","1","0","2023-06-30"
"Gifts for Mom from Daughter, Son, Kids - Mothers Day Gifts for Mom, Women, Wife - Funny Best Birthday Gifts Ideas for Mom, Mother, Wife, New Mom, Bonus Mom, Mom to Be - Lavender Candle 8 Oz","B0BYHP62T5","Home","102223",,"14.98","9865","33672","12232","975","0.95","14.98","114","299","135","425","14.98","60","136","40","113","1751.66","11.59",,"14.98","26","27","14","2023-06-30"
"Coworker Leaving Gifts - Farewell Gifts, Going Away Gift For Coworker - New Job, Goodbye, Good Luck Gifts For Coworkers, Colleagues, Boss, Work Bestie, Women, Friends - 16 Oz Coffee Glass","B0BZVBXMSH","Kitchen","18",,"16.98","0","0","3","0","0.0",,"0","0","0","0",,"0","0","0","0","0.0",,,,"0","0","0","2023-06-30"
"Birthday Gifts For Women - Best Friend Giftss for Women – Female Friendship Gifts, Sisters Gifts From Sister - Funny Birthday Presents Unique Gag Gifts For BFF, Bestie, Coworker - Lavender Candle 8 Oz","B0BZW5PRZF","Home","23924",,"16.98","2813","9933","5771","135","0.56","16.98","23","36","37","51","16.98","9","14","10","17","292.66","12.59",,"16.98","3","4","3","2023-06-30"
"Birthday Gifts For Women - Best Friend Giftss for Women – Female Friendship Gifts, Sisters Gifts From Sister - Funny Birthday Presents Unique Gag Gifts For BFF, Bestie, Coworker - Lavender Candle 8 Oz","B0BZW79FM9","Home","7251",,"16.98","528","2896","1951","29","0.4","16.98","2","11","9","13","16.98","2","5","4","6","97.88","20.69",,"16.98","2","2","1","2023-06-30"
"Birthday Gifts For Women - Thank You Gifts, Women Gifts, Graduation Gifts, Inspirational Gifts For Women, Best Friend, Sister, Mom, Wife, Aunt, Her, Daughter, Coworker, Employee - 16 Oz Coffee Glass","B0C148LHY5","Kitchen","18",,"16.98","0","0","0","0","0.0",,"0","0","0","0",,"0","0","0","0","0.0",,,,"0","0","0","2023-06-30"
"NewEleven Iced Coffee Cup With Bamboo Lids And Glass Straws For Boba, Smoothie, Cocktail - 16 Oz Coffee Glass","B0C1BS7BV8","Kitchen","15",,"16.98","0","6","2","0","0.0",,"0","0","0","0",,"0","0","0","0","0.0",,,,"0","0","0","2023-06-30"
"NewEleven Iced Coffee Cup With Bamboo Lids And Glass Straws For Boba, Smoothie, Cocktail - 16 Oz Coffee Glass","B0C1BWJM89","Kitchen","13",,"17.98","0","0","0","1","7.69","17.98","0","0","0","0",,"0","0","0","0","0.0","0.0",,,"0","0","0","2023-06-30"
"NewEleven Iced Coffee Cup With Bamboo Lids And Glass Straws For Boba, Smoothie, Cocktail - 16 Oz Coffee Glass","B0C1BX851W","Kitchen","15",,"16.98","0","0","0","0","0.0",,"0","0","0","0",,"0","0","0","0","0.0",,,,"0","0","0","2023-06-30"
"NewEleven Iced Coffee Cup With Bamboo Lids And Glass Straws For Boba, Smoothie, Cocktail - 16 Oz Coffee Glass","B0C1BYB4SH","Kitchen","6",,"16.98","0","0","0","0","0.0",,"0","0","0","0",,"0","0","0","0","0.0",,,,"0","0","0","2023-06-30"
"NewEleven Bridesmaid Gifts - Bridesmaid Proposal Gifts, Bridal Shower Decorations Gift - Bachelorette Party Favors, Bachelorette Gifts For Bride, Maid Of Honor Proposal Gifts - 16 Oz Coffee Glass","B0C1C1F4M4","Kitchen","14",,"16.98","0","0","3","1","7.14","16.98","0","0","0","0",,"0","0","0","0","0.0","0.0",,,"0","0","0","2023-06-30"
"House Warming Gifts New Home - Best, Funny Housewarming Presents For New Home, First Home, New Apartment, Housewarming Decoration Party - New House Gift Ideas, Moving Gifts - 16 Oz Coffee Glass","B0C1SJBGYP","Kitchen","16",,"19.98","0","0","0","0","0.0",,"0","0","0","0",,"0","0","0","0","0.0",,,,"0","0","0","2023-06-30"
"New Mom Gifts For Women - First Mothers Day Gifts for New Mom - Postpartum Gifts, Pregnancy Gifts For First Time Mom, Expecting Mom, Mom To Be, Pregnant Mom, After Birth Women - 16 Oz Coffee Glass","B0C1SN5WVQ","Kitchen","3",,"16.98","0","0","1","0","0.0",,"0","0","0","0",,"0","0","0","0","0.0",,,,"0","0","0","2023-06-30"
"NewEleven Gifts for Dad from Daughter, Son, Kids - Birthday Gifts for Dad - Gifts for Dad, Husband, Men - Best Dad Bday Present Idea for a Father, Men, Him - Dad Mug","B0C1TCXBJS","Kitchen","1",,"24.99","0","0","0","0","0.0",,"0","0","0","0",,"0","0","0","0","0.0",,,,"0","0","0","2023-06-30"
"NewEleven Sloth Gifts For Women - Sloth Gifts, Sloth Stuff For Sloth Lovers - Cute Funny Birthday Gifts For Women, Best Friend, Sister, Daughter, Coworker - 16 Oz Coffee Glass","B0C23XHCN1","Kitchen","5",,"16.98","0","0","0","1","20.0","16.98","0","0","0","0",,"0","0","0","0","0.0","0.0",,,"0","0","0","2023-06-30"
"NewEleven Penguin Gifts For Women - Penguin Gifts, Penguin Stuff For Penguin Lovers - Cute Funny Birthday Gifts For Women, Best Friend, Sister, Daughter, Coworker - 16 Oz Coffee Glass","B0C23Y5ZYH","Kitchen","4",,"16.98","0","0","0","0","0.0",,"0","0","0","0",,"0","0","0","0","0.0",,,,"0","0","0","2023-06-30"
"NewEleven 30th Birthday Gifts For Her - 1993 30th Birthday Decorations For Her - 30 Year Old Gifts, 30 Birthday Idea Presents For Women, Friends, Sister - 16 Oz Coffee Glass","B0C23Z96SX","Kitchen","3",,"16.98","0","0","0","0","0.0",,"0","0","0","0",,"0","0","0","0","0.0",,,,"0","0","0","2023-06-30"
"NewEleven Cow Gifts For Women - Cow Gifts, Cow Stuff For Cow Lovers - Cute Funny Birthday Gifts For Women, Best Friend, Sister, Daughter, Coworker - 16 Oz Coffee Glass","B0C242DYT4","Kitchen","3",,"16.98","0","0","0","0","0.0",,"0","0","0","0",,"0","0","0","0","0.0",,,,"0","0","0","2023-06-30"
"NewEleven 50th Birthday Gifts for Men Women - Vintage 1973 50th Birthday Decorations for Men Women - 50 Year Old Gifts for Men, Women, Mom, Dad, Wife, Husband - Retro Trucker Cap (Black)","B0C2C4J7Y1","Toys","45651",,"19.98","0","10","170","199","0.44","19.98","0","0","1","49","19.98","0","0","0","18","439.56","9.05",,"19.98","0","0","0","2023-06-30"
"NewEleven 50th Birthday Gifts for Men Women - Vintage 1973 50th Birthday Decorations for Men Women - 50 Year Old Gifts for Men, Women, Mom, Dad, Wife, Husband - Retro Trucker Cap (Black White)","B0C2CJWLWT","Toys","154821",,"19.98","7","224","703","1419","0.92","19.98","0","1","5","527","19.98","0","0","4","235","5314.68","16.56",,"19.98","0","0","1","2023-06-30"
"Coworker Leaving Gifts - Farewell Gifts, Going Away Gift For Coworker - New Job, Goodbye, Good Luck Gifts For Coworkers, Colleagues, Boss, Work Bestie, Women, Friends - 16 Oz Coffee Glass","B0C2TBXN53","Kitchen","11",,"16.98","0","0","1","1","9.09","16.98","0","0","0","0",,"0","0","0","0","0.0","0.0",,,"0","0","0","2023-06-30"
"Retirement Gifts For Women 2023 - Retired Gifts For Women - Female Retirement Gifts - Coworker Leaving Gifts, Farewell Gifts For Women, Colleagues, Coworkers, Friends - 16 Oz Coffee Glass","B0C2TJY1XL","Kitchen","3",,"16.98","0","0","0","0","0.0",,"0","0","0","0",,"0","0","0","0","0.0",,,,"0","0","0","2023-06-30"
"Retirement Gifts For Men Women 2023 - Retired Gifts For Men, Women - Retirement Party Decorations - Fun Retirement Gifts For Women, Men, Retired People, Coworkers, Friends - 20 Oz Tumbler","B0C3CW184G","Kitchen","3",,"22.98","0","0","0","0","0.0",,"0","0","0","0",,"0","0","0","0","0.0",,,,"0","0","0","2023-06-30"
"Birthday Gifts For Women - Best Friend Giftss for Women – Female Friendship Gifts, Sisters Gifts From Sister - Funny Bday Presents Unique Gifts For Her, BFF, Bestie, Soul Sister - 20 Oz Tumbler","B0C3CWNMC4","Kitchen","5",,"22.98","0","0","0","0","0.0",,"0","0","0","0",,"0","0","0","0","0.0",,,,"0","0","0","2023-06-30"
"Birthday Gifts For Women - Best Friend Giftss for Women – Female Friendship Gifts, Sisters Gifts From Sister - Funny Bday Presents Unique Gifts For Her, BFF, Bestie, Soul Sister - 20 Oz Tumbler","B0C3CYSR24","Kitchen","60811",,"19.98","3612","23303","22533","409","0.67","19.98","24","147","165","120","19.98","8","46","46","47","1030.98","11.49",,"19.98","3","19","16","2023-06-30"
"Birthday Gifts For Women - Best Friend Giftss for Women – Female Friendship Gifts, Sisters Gifts From Sister - Funny Bday Presents Unique Gifts For Her, BFF, Bestie, Soul Sister - 20 Oz Tumbler","B0C3D324P3","Kitchen","11",,"22.98","0","0","0","0","0.0",,"0","0","0","0",,"0","0","0","0","0.0",,,,"0","0","0","2023-06-30"
"NewEleven Gifts for Dad from Daughter, Son, Kids - Fathers Day Giftss for Dad, Men, Husband - Best Birthday Gifts for Dad, Father, New Dad, Step Dad, Bonus Dad - Retro Trucker Hat Men Black","B0C5C9RV2V","Apparel","644652",,"16.98","736","1987","789","2686","0.42","16.98","3","4","1","518","16.98","0","0","0","207","4041.16","7.71",,"16.98","0","0","0","2023-06-30"
"NewEleven Grandpa Gifts - Fathers Day Giftss For Grandpa, Dad, Father In Law - Birthday Gifts For Papaw, Grandfather, New Grandpa, Promoted To Grandpa, Grandparents - Retro Trucker Hat Men","B0C5C9VHMK","Toys","143103",,"16.98","112","438","133","1010","0.71","17.98","0","1","0","282","17.98","0","0","0","116","2130.62","11.49",,"17.98","0","0","0","2023-06-30"
"NewEleven New Dad Gifts For Men - First Fathers Day Giftss For Dad, Husband From Baby Boy, Baby Girl, Wife - Gifts For First Time Dad, New Parents, Expectant Dad, Dad To Be - Retro Trucker Hat Men","B0C5CCB86Q","Apparel","235897",,"15.98","484","1038","348","1535","0.65","15.98","3","5","0","224","15.98","1","0","0","96","1641.0","6.25",,"15.98","1","0","0","2023-06-30"
"NewEleven Uncle Gifts - Fathers Day Giftss For Uncle From Niece, Nephew - Uncle Birthday Gifts - Best Uncle Ever Gifts For New Uncle, Funcle, Uncle Announcement - Retro Trucker Hat Men","B0C5CDG435","Toys","35188",,"16.98","19","61","9","217","0.62","16.98","0","0","0","70","15.98","0","0","0","29","529.38","13.36",,"15.98","0","0","0","2023-06-30"
"NewEleven Gifts for Dad from Daughter, Son, Kids - Fathers Day Giftss for Dad, Grandpa, New Dad, Papa, Husband Black","B0C5CF12F1","Apparel","294154",,"16.98","137","955","598","1476","0.5","16.98","0","0","3","375","16.98","0","0","2","132","2292.28","8.94",,"15.98","0","0","0","2023-06-30"
"NewEleven 30th Birthday Gifts for Men Women - Vintage 1993 30th Birthday Decorations for Men Women - 30 Year Old Gifts for Men, Women, Friends, Sister, Brother - 20 Oz Beer Can Glass","B0C5J67SPG","Kitchen","860",,"16.98","8","253","446","8","0.93","16.98","0","3","4","1","16.98","0","1","0","0","0.0","0.0",,,"0","0","0","2023-06-30"
"NewEleven 50th Birthday Gifts for Men Women - Vintage 1973 50th Birthday Decorations for Men Women - 50 Year Old Gifts for Men, Women, Mom, Dad, Wife, Husband - 20 Oz Beer Can Glass","B0C5J7B5C5","Kitchen","1518",,"16.98","49","434","754","5","0.33","16.98","1","1","3","1","16.98","0","0","1","0","0.0","0.0",,,"0","0","0","2023-06-30"
"NewEleven 40th Birthday Gifts for Men Women - Vintage 1983 40th Birthday Decorations for Men Women - 40 Year Old Gifts for Men, Women, Mom, Dad, Wife, Husband - 20 Oz Beer Can Glass","B0C5J95LN2","Kitchen","1343",,"16.98","0","70","246","9","0.67","16.98","0","0","5","2","16.98","0","0","2","0","0.0","0.0",,,"0","0","0","2023-06-30"
"Retirement Gifts For Men Women 2023 - Retired Gifts For Men, Women - Retirement Party Decorations - Fun Retirement Gifts For Women, Men, Retired People, Coworkers, Friends - 20 Oz Tumbler","B0C5JDHHTK","Kitchen","10421",,"22.98","10","1423","7018","147","1.41","22.98","0","24","99","26","22.98","0","6","16","7","160.86","4.76",,"22.98","0","2","5","2023-06-30"
"Gifts for Dad, Mom from Son - Fathers Day Gift for Dad, Men, Husband, Step Dad - Mom Gifts, Dad Gifts from Son - Best Birthday Gifts for Dad, Mom, Father, Mother from Son - Cedar Candle 8 Oz","B0C5XNHX5K","Home","102263",,"16.98","12385","55990","19402","545","0.53","16.98","94","267","109","98","16.98","15","48","21","41","741.18","7.52",,"16.98","5","19","8","2023-06-30"
"Gifts For Dad, Mom From Daughter - Fathers Day Gift For Dad, Men, Husband, Step Dad - Mom Gifts, Dad Gifts From Daughter - Birthday Gifts For Dad, Mom, Father, Mother From Daughter - Cedar Candle 8 Oz","B0C5XPM2YZ","Home","108386",,"16.98","11463","51657","29072","978","0.9","16.98","107","450","283","295","16.98","33","138","96","118","2418.6","12.07",,"19.98","13","57","38","2023-06-30"
"40th Birthday Gifts for Men Women - Vintage 1983 40th Birthday Decorations for Men Women - 40 Year Old Gifts for Men, Women, Wife, Husband - Retro Trucker Cap (Black White)","B0C6DJ732K","Apparel","5",,"19.98","0","0","0","0","0.0",,"0","0","0","0",,"0","0","0","0","0.0",,,,"0","0","0","2023-06-30"
"40th Birthday Gifts for Men Women - Vintage 1983 40th Birthday Decorations for Men Women - 40 Year Old Gifts for Men, Women, Wife, Husband - Retro Trucker Cap (Black)","B0C6DL59L9","Apparel","5",,"19.98","0","0","0","0","0.0",,"0","0","0","0",,"0","0","0","0","0.0",,,,"0","0","0","2023-06-30"
